id,attribute_ids
10023b2cc4ed5f68,369 587 1059
100fbe75ed8fd887,231 1039
101b627524a04f19,718 784
10234480c41284c6,13 51 111 147 480 483 553 725 738 776 813 830 923 963 964 1006 1046
1023b0e2636dcea8,147 283 322 477 538 671 813 1046 1092
1039cd6cf85845c,147 718 813 903 1092
103a5b3f83fbe88,194 671 698 744 813 1092 1099
10413aaae8d6a9a2,13 51 147 492 538 616 698 813 1046 1092
10423822b93a65ab,51 147
1052bf702cb099f7,188 194 597 671 780 813 1092 1099
10543c918a43a8d,147 189 418 541 542 543 595 731 742 813 949 993 1072 1092
105c9a3453da79c3,121
1060688bbf6eac87,156 418 541 542 796 1072
106a247caeabd15a,147 189 194 671 780 1034
106e21606add59f3,676 738 813 1046
107c38495881b6c9,51 147 156 212 283 554 584 671 744 746 1059
108815dd3752ab64,51 335 554 612 744 746
10943defdd5d5e89,121 433 477 597
10a39a78c44ef27c,188 428 733 734 764 803 813 1092 1099
10ab70df067bdb4,13 14 51 147 552 626 1056
10b28e3de3566582,51 188 477 597 639 671 780
10b32964331a6cc3,51 99 121 420 813 961 1092
10b4562e7fa6f668,147 156 477 485 671 780
10db1c338e1d822f,188 189 335 378 671 780 1059
10e0c215f5f3084e,79 147 671 682 780
10e95bead8e0b35b,194 734 737 738 776 813 830 1046 1099
1100d7b0f24fee88,147 189 733 734 800 813 993 1020 1084 1092
11099b321e8c7066,156 477 485 744 813 835 1092
110df388fd5c50e4,13 813 896 1092
113520ea0138f76d,13 51 554 733 744 764 813 903 910 1092
11419ca467d03ed4,51 147 156 227 322 477 501 540 584 671 737 738 776 813 954 1046 1092
115438b7cf9aeb67,147 189 418 541 542 742 813 949 1072 1092
115b1628f2fd1286,369 477 671 738 813 1019
116b9282acc24630,111 147 335 813 1092
116de831548348cc,51 156 477 671 780 1059
117240b9d1a69a7b,111 189 420 480 483 573 733 734 738 776 813 923
117754c8fa9f9cf,13 45 147 477 668 744
11789190aa86d31d,335 503 813
11858b369b48dd86,147 189 332 418 541 542 579 581 753 813 940 949 1072
11876fb9ce564d95,79 597 671 1059
119cd11d9d83f233,156 189 436 720
119f0e0531d2ffcf,51 70 147 477 671 776 780 1046
119fc05b616248d8,369
11abad36aec14b2e,147
11ac1279c9f48d38,189 430 434 517 559 931 1032
11ac332bbee3f923,13 147 671 716 780
11b09df56ae8fe,99 121 1039 1059
11b0c44a8c528af4,13 51 147 483
11c166adaa3bd637,147 194 671 780 950 1034
11c5a79f49b6b31,156 189 436 720
11cc6b6da05bc87e,155 189 378 671 768 1034
11cebb1d5f662f40,51 147 477 506 671 682 744 745 780 833 835 886 929 1046 1092
11f02880ba19aa9,121 955 1039
11f0448d6c288934,744
11f4a0d12878f0ad,51 147 612
11f5615c47245f59,189 813
11f9890fe964d0a0,121 433
120d6aea720c5df6,51 156 212 744 813
120f0fe8e120eb67,597 813
121feae80daa95a,13 14 51 147 552
1228b1f6c2e38ef0,51 147 698 742 813 896 1092
122c536c54382a86,70 147 189 418 541 663 813 835 1072 1092
12413f641227a0df,420 1059
1249800f01f761f5,51 79 156 465 584 1059
124bf2757d58f13d,13 813 896
1252d94bb68197e,51 111 147 156 212 487 586 671 780 1059
1258f5f3738b4ec5,480 483 494 737 738 776 923 975 1046
12636f52871e20a4,184 758 1059
126bf820b214e314,70 131 147 189 409 410 418 541 542 543 579 595 641 731 742 753 796 813 940 942 949 1072 1092
126ff96a1bbcd3f3,147 189 335 671 780 1034
1273e17a1387b8ba,684
1274ee04a19fa0c0,51 147 616 813 1092 1093
1277a8ecdbf798c0,147 156 485 744 813 949 1092
127c0f15151bfb2c,13 51 194 813 1092
127ee10c600e3fc0,369 587 766 1059 1084
129212fb561302f3,188 518 671
1292a057e370cab3,231 1039
1294431a0f1719df,147 532 671
129687b97582e45d,51 147 554 671 744 813 896 1034
1299d7f5bbaf3336,121 684 724
129a27bf65cec599,70 147 189 418 541 542 595 738 742 813 835 949 1072 1092
129fb405674a7ec4,147 541 579 581
12b09a0e5802fe3e,79 188 428 477 671 780 1059
12b56448c299bf76,156 369 1059
12b94715037477a2,194 489
12cc2f2484305149,51 156 259 813 896 993 1020 1092
12d43b846a29d075,121 434 724 813 931 1032
12db450c29e68afc,121 724 955 962
12e3ef2dea33bde8,51 111 147 420 483 573 616 725 734 738 776 813 830 971 1046 1092
12e56b6f7c2da309,13 51 147 480 483 494 501 737 738 776 813 923 1046
12e5a5a31623f005,156 259 733 734 813 993 1020 1084
12e6f88499cb4b08,13 14 147 552 716
12f00203cd528e10,13 51 147 156 335 420 813 1046 1092
12fc7a7e1d6216d5,147 189 597
130d04ca2e0e8bb,156 541 542 580 733 813 993 1012 1084 1092
130d9ed120ebe004,13 147 813 1092
1326b895d619f822,13 744 950
132bbf897fa7bef5,13 121 432 492 724 1092
13310a17ed42d90e,180 182 498 728
13368d3ffe7aaf7f,79 105 147 189 369 554 671 780 1059 1062
133922049fe108fb,51 147 156 369 672 833 1020 1084
13431d005e39984c,51 79 147 477 506 639 671 780 929 950 1034
1349090447402312,79 487
136480448a40811,497 498
1371ee21f1ba6d16,147 156 189 259 418 554 813 835 858 1092
1374c0f17ead6d9f,13 51 147 552
138153c68cb9a719,99 121 161 1059
138e2730a72818f0,13 813 896
13979156db5e5701,147 189 418 542 796 813 949 1072 1092
1399477a5e8648d5,51 188 189 335 552 671 780 1034 1035
13a05e3dd73d03e6,99 121 758 1059
13aaa1c83f0ac445,147 744 813 903
13b6d95976141ba8,25 161 813 1059 1092
13bcc0285c0d42a8,147 189 813 896 903
13cc05d5c97974dd,51 147 532 1022
13d7ec37aa01dcf5,239 487 738 813
13e32f39a9399a77,147 369 477 480 483 655 671 738 780 813 1046 1092
13ecc4305970b120,79 1059
13ee90c3b1b9bf6a,487 758 1059
13f19321681553c8,194 404 744 813 1092
1402ad198d6d128,121 1059
141111daeae67b6d,369 766 1059
1412ee5cb5950962,189
14152656352ea68b,147 189 554 744 813 903 1092
14184905bca3d47d,111 127 147 538 616 655 813 833 835 1046 1092
1426ef79f7de5eb6,147 189 671 780 1034
1429ce0ee46ef8,45 156 189 501 554 580 733 738 744 813 835 1092
142c1313aa734d9a,188 369 597 1039
1438f609d43570ef,684
143dc77b25fa45a3,114 217 236 257 1061
144326fdd688e8f8,13 51 147 626
144332c6d14a386e,430 501 545 738 813 931 1032 1046
14452702589e8789,156 189 259 541 813 993 1020 1092
1456708f22c4bd62,194 671 780 1034
145882c4c508478d,13 552 639 671 780 1059
145ee00d843d65ea,147 189 718 813 835 1092
146122f2df3e92ff,239 287 369 586 766 884 1039
147616e24c6adb82,51 156 189 1084
147b4636236cd5e,147 156 189 436 813 896 949
148a4c215fdc81bb,239 487
148d7fbd061b08f2,51 369 586 884 1039 1059
148fd4eb97f7c089,51 147 671 780 1034 1035
1493a70c41998aaf,369 552 768 1035
14964c4d084d6c98,99 962
14a67432815fdadd,45 156 733 734 813
14ae05b2da2ae87d,156 189 586 1039 1059
14ae475b534528aa,147 189 259 744 813 1092
14b82e47bd67e7cf,147 156 418 541 542 579 581 813 1072 1092
14b9e001078a9fec,79 420 496
14babfd7a3d48c9a,125 304 369 464 813 840 872
14c04f1cf30291eb,51 733 744 813 1020 1092
14cba5e79a7d7a71,156 418 541 542 579 813 1072 1084 1092
14d6702988224374,51 194 501 519 580 616 734 738 747 806 813 995 1092
14dfd317012e919f,13 552 567
14e9037d2b82fcb9,13 813
14e960e90d612c1b,51 147 813 1092
14fb7fbcd7984c0a,79 147 194 477 487 671 780 1059 1062
1500488d6a68448c,147 189 950 1034
15052e9d81daf5e1,55 131 147 189 671 768 780 1034
150d7379fbc6b269,13 51 111 147 156 738 813 1046 1092
150dccee5b63540e,1039
1521d87209e8391c,51 147 373 597 813 1035 1092
1526165ebbee1300,189 734 784 813
152ca81c4947f6c,579
1531560a29c2aac,33 313 738 962
1535cf93079e5b4b,194 404 655 698 744 813 1046 1092 1099
153b9746f997f790,147 189 663 800 813 1092
153c510f0b7c1dca,70 147 189 259 541 542 543 595 742 753 813 949 993 1012 1072 1092
153f5b5c3a842354,13 111 147 716 718 813 896 966 1092
1544154abf482fcb,51 147 189 420 612 663 813 835 1046 1092
1546bf56774b4e53,69 121 433 650 718 784
1554a6ed45f4286,99 304 586 884 1039
15594040f96851bf,147 156 189 485 744 813 896 949 1092
155dea01f0bece2c,231 1039
15644bd99bd4b8f5,487 758 1059 1062
156a903069981f13,9 23 33 99 420 477 598 708 734 738 784 813 835 962
156e6f0e9c8087c7,184 493 754
15713a939f320540,79 1059
157c23b128f2af54,147 156 485 603 607 671
157d55866e25b71,147 189 744 813 903
1591373124b5ab44,121 704 724 735 813 961
15a0d7c3821c1bdc,156 189 436 554 671 720
15aa8750df11eea3,51 111 147 813 896 1092
15ac71e0f31d37f7,111 147 189 520 650 691 718 784 809 813 835 858 908 953 1062 1092
15b2a95d1561c3c7,51 147 477 671 780
15cb153d747beb68,156 485 603 671
15d04660d4718e5e,733 813 835 974 993 1059 1084 1092
15ddafe3b1aaf4b5,99 125 1039 1059
15e0df9e97528510,51 79 147 307 369 477 506 612 671 780
15e1ac47a94eed58,133 147 156 189 283 477 508 536 671 780 813 835 1059 1092
15e98f1bc42f738d,13 51 111 147 434 501 737 738 813
15eb797bf7eedf2e,51 147 480 483 738 776 813 923 963 964 975
15ebd3c2efdaf9ff,189 418 541 731 742 796 940 1072 1092
15eca8cd30d215c6,121 464 872 1039
15f510dbe14c26a0,13 111 147 480 483 494 501 737 738 776 830 923 975 1046
15f8156a6fb1ac7d,147 189 663 800
1607ffabbbf0812b,99 161 304 331 351 961 1092
160c78a841bbfa86,51 492 538 616 627 654 698 742 747 813 916 1092
1613965d28d98664,13 813 896 1092
161952f2bd9b7243,1 33 369 582 1023
16214265e87c3d0c,121 754 1039
162a7ad6ffd44062,45 111 156 465 477 584 628 671 738 744 813 1092
162ff552c519af7,13 813 1092
1634007cf446a9d5,194 404 492 698 744 813 1020 1092 1099
16518fbbd1147243,184 420 884
165c34a901f183ee,147 189 813 949
1660ba9f823ca7f3,13 147 189 744 813 896 903
1666ad9460759660,45 111 147 156 259 420 477 538 554 663 744 784 813 835 1062 1092
16698400a22a1ae1,13 51 147 813 872 896 1092
166bf463c667042d,480 483 738 776 813 923 1046 1092 1093
1670f4737c89087f,156 189 663 721 800 835 953
16711375079b5b7c,121 1059
167bdbaf7e85fcd,313 813 962
167e55abe1f82a43,147 189 259 813 835 1092
16831fd78b2256dd,51 55 147 332 477 616 671 780 813 1025 1035 1046 1092
168ce01312e3c006,13 147 896 1092
16a09c5fe3362f13,189 194 378 1034
16a71eb49facf370,147 189 335
16abd6e9c46cec00,369 1034
16b9204bdcb77d47,194 490 671 1059
16b98141dfe42f93,51 147 784 961
16cc1c78591bde07,79 480 539 737 738 744 776 813 830 1046 1099
16cdc29e532bdf86,147 161 189 304 718 813 953 1092
16d333e969ed5a56,147 188 434 477 597 671 738 780 1099
16d623db444b6f12,121 194 1059
16d8a450e74fb6c2,147 189 335 671 780 1034
16e25a4a96e98866,184 188 313 487 758
16e5ff1dc78d3ef8,79 487 1062
16eca0da731e282e,189 541 542 796 940 1072
16f104974dd1fa7f,51 194 733 813 1046 1092
16f7c666a5c4075,79 147 194 477 671 737 738 776 780 813 830 1046 1059 1092
16f8b0ba989106b5,125 161 304 800 813 961
16f9c1f002a5e278,420 738 813 835 962 1092
16fb32520db5d9cc,418 541 542 616 813 1092
1707befb401f822e,121 369 420 477 1059
170a95e40d94cd63,147 896 1092
170d459b1fa746ed,114 217 236 257 357 1061
171cc4ceb65b72ca,111 147 189 259 813 949 1092
1725073e66a23994,369
1729eeb398ac0c89,51 147 283 477 671 780 1059
172dde8bd5a484da,45 147 156 189 501 545 548 554 580 733 738 744 813 863 975 1092
1732af826d1a2c8d,147
1753110e88b2e3ab,99 125 304 489 612 821
1761ad7709d86b4a,156 259 485 813 896 1092
176b1d6ec53f5910,369 813 1019
176cbe0a518dc834,161 304 718 813 896 1092 1096
176ec0bd515c156f,13 14 51 147 675 978
1774d812c990348c,369 433 597
1775d90c24136685,79 194 671 1034 1035
1776ad92b5a2ff63,121 194 780
17852f6634a9a7ab,161 304 511 558 744 813 903 1092
178ca73080cd829d,13 51 480 483 738 776 830 923 1046
178e1cecd0d091ec,79 194 487 1062
1793af184774e712,51 147 744 813 952 1092
179c19f9837bc766,156 189 259 541 663 813 949 1092
179eb1e62356453b,70 698 813 896 1092
17b4317fb3428c7f,121 415 961
17b4e2d8713b82d0,188 487 535 1059
17bbf7bec4d60100,13 477 670
17c45308ea34e640,51 147 188 477 597 671 780 1034
17caea1abe4fb51,121 724 744 813
17cc1b82b33a0bb0,147 492 538 654 698 813 1092
17e0cdaea96fbb62,147 671 780 1034
17e20a1790ce244a,156 189 485 744
17e84c897f314b35,189 437 462 501 519 580 733 734 738 813 993 1092
17ec43d6dd833732,25 161 734 738 813 835 953 1059 1092
17fd2065cf4f5051,369 587 766 1059
18041fd4b7da25df,51 147 189 813 833 993 1020 1092
180da4b771d342df,79 194 420 784 809 844 1037
1813dc394580aef1,45 51 156 813 993 1092
1820a590e1b12435,51 121 147 1039 1059
182ab9e1f93f9725,369 1039
182ccde1f43111b5,147 450
1838771e70cb16b4,51 79 147 612 671
1844a33f34a3b8c,131 147 189 335 418 541 542 543 579 753 796 813 949 1072 1092
184649c1d894db1d,131 147 156 189 418 813 1034 1092
184cbb600487de31,147 156 189 418 541 813 835 1072 1092
18583019815a141a,156 541 542 813 1072 1092
185bd56e13d49b25,147 189 813 961 1092
18618b35ac71f1b,51 156 554 558 744 764 813 835 896 903
1869971852f1a691,194 420 616 738 813 822 844
1872ec5cb986b382,13 480 483 501 545 548 737 738 813 1009 1046 1092
1877277833dc5284,147 189 418 420 477 520 538 554 583 650 663 691 738 800 813 835 858 908 1092
188370601023db8c,125 161 304 369 464 634 872
18837bbfd05611e7,194 483 738 744 813 1046 1092
18886a351f14b797,13 41 147 552 671 768 780
188d31db187cff19,131 147 189 671 768 780 1034
188e6a3426aa95f3,480 483 494 501 519 737 738 776 813 1046
1894a7f9e764375b,51 147 489 554 584 671 746 1030 1059
18a84906e3981ca6,369 563 566 1061 1099
18ad4b1845df42ea,188 253 369 390 552 1034 1053
18bb518e2619f55c,13 51 147 552 626 639 671 780
18bd53a2f68659f1,231 1039
18bdaa58b85d8631,813 896 1092
18c58ded0fa496c5,13 51 147 595 744 813 835 952 983 993 1092
18c9c9593eaec0b8,79 194 477 489 584 612 671 780 954 1059
18cde31d3377177,13 51 147 483 738 776 813 1046 1092
18d6fc1410a0366b,121 433 724
18dcaa0213bade2e,147 671 780 950 1034
18e86eeee9e3712a,156 259 485 554 744 813 1092 1099
18efba3902df0f8,121 718 813 896 1092
18f23be8c220d31b,147 189 718 813 896 903 1092
18f9ac2cc65ff32d,13 147 716 813 896 903 1092
18f9f3e1b240de36,147 189 733 734 813 1092
18fe27f6b6ff917a,13 51 147 194 1059
18fec2c136a45ac7,121 415
19034a3b88023cf9,147 434 615 744
1904e5ad6775edc1,121 304 1059
1909c781fcb17e0b,189 304 840 872
190a7b570d6a0d74,147 477 655 671 738 780 813 1092
192d21a19e683940,121 962 1059
192ed41f0bedcc82,188 369 597
192f8d3457ffc341,147 477 612 671 780 886 954 1046
1935f2635702ee22,369 477 1039 1059
193ac31ff6592b35,147 554 579 744 746 813 896 1092
19674a2e6a7e06fd,13 147 718 813 896 966
196eb9b2edaa97d8,147 813 1046 1092
198398b818d5f777,51 111 147 501 737 738 813 1089 1092
198f365a2cfebafe,716 1059
1999e64d282834af,23 33 99 420 477 738 813 835 962
199e955bc361cade,121 465 1059
199ee34b28ffe3c7,156 189 401 680 835
19a2ca3f34d9b297,13 147 434 501 621 1089
19adb93f6eba5d5e,51 111 147 492 538 616 742 813 1092
19c76785066428dd,51 76 156 212 492 524 616 813 961 1092
19d06af4f7cfb31,639
19d55b6ae7607f92,121 684 724
19e25aa79e4f9e33,147 189 744 780 1034
19f0baf65a089950,131 189 378 671 768 1034 1035
19f333c6b15c09e,121 433 520 597 724 955
19f9b3aad21fa2d1,51 111 147 189 430 434 480 483 501 545 737 738 813
19ffa5c12273a026,147 259 554 744 813 835 896 1092
19ffb7abea4813d6,121 433
1a05200912f74afb,147 156 189 418 541 542 543 579 581 753 796 813 949 1072 1092
1a1b3a48557903dc,13 194 671 780
1a1c7e3d76a00cac,13 51 147 552 671 780
1a21b11e391f0948,253 639 1034
1a476d24b7b9dabc,813 896 1092
1a4cce621ad23120,79 194 487
1a529c44ca7c4209,194 404 744 813 1092
1a555c8ee964735f,51 147 492 538 616 744 813 835 1092
1a58460dffae2822,147 156 189 259 418 485 541 542 579 744 813 949 1072 1092
1a5d676c948801c8,79 121
1a62b365af6ad387,45 111 147 813 896 1092
1a8874919fce5eaf,51 156 420 477 616 639 738 813 835 950 1025 1034 1092
1a88eac967632c1b,147 189 718 813 903 1092
1a919fb07332ab31,121 724 744 955 962
1a9277e3513896e1,51 147 156 227 393 671 780 1059
1a9aeaab5a42627a,51 212 584 628
1a9c03219f4177f4,79 147 156 420 477 540 671 737 738 776 780 813 1030 1046 1059 1062 1092
1aa102ede6ef3e25,188 428 1085 1099
1aba94a7b6d1b387,13 147 492 538 698 813 1092
1abbc52c0b72c7ce,156 189 485 603 607 671 780
1abf4b17aa74c7ec,13 538 698 813 1092
1acb42646dc36e4d,45 51 111 189 616 733 734 744 813 1092
1aeca7bd5746f28a,480 483 494 501 725 737 776 830 923 1046
1af02474019d45a5,194 485 671 744 813 1059 1092 1099
1af8c63ba5b9085a,147 189 813 949 1072 1092
1b0d351244954399,13 477 671
1b1d3e91d06aab42,13 147 194 480 483 494 738 813 975
1b37ab02305b2d07,194 477 506 671 682 780 874 886 1059
1b4441b9c05a75a2,156 189 1059
1b45a19eeff39f1,13 51 147 552 671 780
1b4d5bc87933a2db,13 776 830 1046
1b5917afb1004444,51 147 156 189 420 477 538 554 612 616 663 738 742 813 835 1046 1092
1b59c92c2d70f6b1,29 51 156 283 733 813 1059 1092
1b5c8d4410948bbf,125 304 1039
1b63a5be72539b9c,111 420 538 616 654 676 738 813 1046 1092
1b7b3097c5924edc,13 51 147 675 716 978
1b8e06ba00578798,13 51 147 738 756 813 1092
1b95c3ca2d5ac97d,51 133 147 156 189 252 339 492 813 961 1092
1b9e912342c87cc1,194 404 698 744 813 1092 1099
1bbc1d9dca963555,147 554 579 744 746 813 896
1bc68ee8a3dd3b67,111 156 189 259 541 542 813 940 949 1072 1092
1bcb4628c27e8354,111 147 189 813
1bdfa9a565c46c44,194 420 477 492 671 733 734 738 780 813 886 1046 1059 1092
1be449e28ad45d58,70 111 147 189 742 813 1092
1be589462272ea01,369 489
1be8050ff2bc068d,13 147 626 896 1092
1bfa66ae0f5f3f0a,51 76 147 212 339 477 671 780 813 1062
1c15ca453accb6fd,188 518 671 780 1035
1c1e88c57d00e9dc,121 464 754
1c2354e71ce7c587,13 147 698 813 896 1092
1c2657c002c342c1,147 189 420 477 734 738 784 813 835
1c437ea81a493377,369 587 766 1039 1059
1c559a706a82d5e5,13 698 896 1092
1c5da5a700881686,304 487 758
1c69da0bdca6d751,9 33 99 420 477 738 813 835 962
1c77efe1b224f74f,147 156 189 259 418 541 542 663 800 813 835 949 1092
1c7eb0b395d38603,13 147 639 1034 1035
1c820574ba7cd616,51 147 434 615 666
1c8a7d3e01f49bb1,70 111 147 189 420 573 616 620 701 733 734 738 776 784 813 971 973 1046 1092
1c9c3481a296c140,13 813
1caa3074f75d949d,188 194 369 1034
1caec1346406ed72,189 430 434 517 559 931
1cbcfa65a6c9a65f,51 147 434
1cc35eb2e33b7872,188 464 1039
1cc901067a000a19,147 477 480 655 671 738 780 813 1046 1092
1ccd6833a91526cd,147 188 189 477 671 780 813 1034 1035 1092
1cdd3742e03e5d63,13 626 1056
1cddfb16f136c4c8,51 156 259 616 663 813 833 835 1020 1092 1093
1cdfbf041e7213b7,99 304 884 1039
1ce95764cdb802b0,51 79 147 194 477 671 780 1034 1035
1ce990f6a4ac7eb2,79 147 489 584
1cec20dd3e6fa8f5,121 433
1cf3e2e03739c0e2,51 147 189 718 744 813 835 988 1092
1d04f17a78ca856a,121 813 961
1d0f069f83a1ec60,13 554 670 746 896
1d2296535a046a1c,51 111 147 189 698 742 813 829 916 1092
1d316c47e159139a,79 194
1d32ce0ade30f7b3,13 14 51 147 671 978
1d33d35e19d4dccc,13 616 734 738 813 1092
1d3ba9714775f111,51 147 189
1d4ded62520fe751,156 189 378 465 584 628 702
1d54a9db663156fd,188 962
1d5a8aea66e83939,147 189 718 813 896 903 1092
1d6740ed185e3d6f,51 147 492 616 744 813 952 1092
1d708fb6f641e308,121 718 813 896 1092
1d78a4b7f787e21d,1059
1da1d6f93077fd48,13 776 1046
1da9f1e91d2c231d,99 161 331 351 642 800 813 961
1daec5542b9011de,25 161 331 584 1059
1db0937181bb9140,626 896 1092
1db6df0ee25318d3,79 147 813 961 1092
1db9b6b9e1d1b9a3,194 404 698 744 813 1092
1dbb2a92b1bd48c,111 156 189 420 519 616 733 734 738 776 813 993 1046 1092
1dc7a5b8ac3ce50,79 487
1dcf45aa46e35f6a,156 189 259 462 541 733 734 813 835 993 1084 1092
1dd1f1617fa2bb41,13 51 111 147 492 538 541 542 616 654 698 742 747 813 916 1092 1093
1de2207e4509362,156 541 542 744 753 813 1092
1de2877d939c366e,156 189 663 800 813
1dff89c8382353af,147 369 650 718 728 813
1e053c61c960abbc,111 147 156 189 418 541 542 579 738 813 835 949 1072 1092
1e0adbe779c356b2,434 483 494 501 737 931 1032 1046
1e0f00a3096f992c,51 147 492 524 616 698 747 813 1092
1e2849f4e5a65722,13 147 813 903 1092
1e3090287f3fd40a,51 147 156 671 813 896 1046 1092
1e312b2134f1a796,189 465 584 628
1e39bb7bd28f3256,13 813 896
1e4b1408fd9a69f,125 161 758 1059
1e4e3e98be7a5d18,51 111 147 335 538 813 1092
1e539c6c2284e88d,79 489 612
1e54fa7dabf407c2,25 161 331 584 813 953 1092
1e59061f58fc2648,147 189 418 434 517 559 738 813 1092
1e7013f50cae4308,369 774
1e77d1947de6cfa2,79 1059 1062
1e78fd9ecd609485,665 813 993 1057
1e7bcf8de84c895,147 156 189 813
1e7f4621d56d84c2,147 477 538 616 655 671 813 833 835 908 1046 1092
1e8ba82a07375100,156 259 418 420 541 542 595 663 813 835 993 1012 1084 1092
1e8ceb737353a052,79 147 156 194 490 671 780 1059 1098
1e8e651618e35383,13 51 147 483 553 738 776 813 1046
1e905e489fe1f3ec,147 189 335 671 780 1034
1ea08120583679c9,194 453 655 698 744 813 1046 1092 1099
1ea25f6942c4967c,194 671 780 1034
1ea8ad2ffbceeb18,79 189 487
1ebe23f310392876,184 313 420
1ec05e8d2c9cd262,194 404 744 813 1020 1092
1ec65fc5a5b9c,239 369 738 809 813 1092
1ecd841b31f1d037,79 121 194 1034
1ed3172f767067c8,13 716 813
1eeddd3c016f415b,121 369 464 493 754 840
1ef5f96ca1ceaf58,121 433
1f003751ab792ed4,13 1059
1f01df9cbc938b76,51 147 156 189 418 420 477 541 542 554 579 671 738 744 753 813 835 949 1072 1092
1f03d78977b4b4f4,25 99 161 758 1059 1062
1f135a18e0f3d379,194 404 744 813 1020 1092 1099
1f2261608554f32c,480 483 813 975
1f251189742b462e,194 506 584 671 744 745 780 972 1039 1059 1098 1099
1f25794b4604659b,51 147 420 434 477 744 813 833 835 1092
1f25bb8e642709b5,147 188 420 734 784 813
1f37a2a23b74523c,51 147 189 420 477 639 671 780 835 1034 1035
1f38aa910ecb68fd,121 369 738 1059 1092
1f3dba82b15d0e6c,51 111 147 698 813 896 916 1092
1f43a56e3b6b788f,51 147 468 492 532 538 616 666 674 698 747 813 916 965 1022 1089 1092 1093
1f5334c6e3662a20,182 754 922 1059
1f55fce3d468ed0c,282 489
1f664ccf6b77e894,13 14 51 147 552
1f6f8d35d46619f5,1 33 369 582 1023
1f79ba8756c5ae7f,51 147 189 430 434 559
1f7b9f8d0576bebd,13 813 896
1f7c7ae2c7ff6bf8,114 217 236 257 357 1061
1f88ce4952ed9821,13 147 480 483 963 975
1f8d0b2d76cc5f59,369 665 733 813 993
1f8eeec971b20a64,79 1062
1f9125af6ce694fe,147 335 369 450 949
1f92d83261167dd2,121 369 489 1059
1f9581b4b15bd532,147 650 718 813 1092
1f95ff481fea00fd,133 147 156 189 418 624 784 835
1f9d29b59553d5cf,147 189 488 583 663 707 721 800 813 835 953 1064 1092
1fa4d400354979c,51 147 189 513 515 783
1fa62a0d72b5f042,35 962
1fcafd70c0e736a7,70 147 189 418 738 813 835 949 1092
1fcfcc2926e99875,13 51 744 813 903 910 1092
1fd9a6ebde8b020,13 813 1092
1fda6605a2720685,51 147 212 283 551 813 889 1080 1092
1fdca4d1f6304a07,99 304 774
1fe755b9d1d8f1b3,147 189 259 663 744 813 835 1092
1fe91826dbf68a6c,239 282 477 487
1fff377d5fd999a7,194 1034 1098 1099
1fff41555961e2d9,369 436 1059
20031e2a6c7ab157,121 1039
200509e63f42c9f5,147 156 189 420 477 733 738 744 813 835 1092
20087c14964509bc,51 147 813 1092
200eba788b57f30a,51 147 552 671 768 780 1034
201a814425dd690c,13 147 492 538 616 698 738 813 1092 1093
2027a962a68929fc,51 147 189 671 780 1034 1035
202b04a5bbb9eee7,99 718 813 961 1092
202daa7098f23666,51 70 147 189 616 813 1020 1092
202dce1072acab9d,51 147 156 833
2034c3854782bca0,45 584 628 813
2049c9efb293b280,194 744 813 1092
204d9297b03c1dc7,13 51 147 335 477 552 639 671 780 925 1065
20572def05bed0b2,51 147 189 283 418 541 554 813 835 896 949 1092
206af7a8820cc001,147 189 477 485 603 607 671 695 780 999
206f103808ad21f,194 477 671 744 780 886 1099
20711806fc202674,1 33 369 582 1023
207603f05c3454d8,99 718 813 1092 1096
2079d1e5097c60a2,184 313 758 1059
208526a3151988a5,147 189 335 418 430 541 813 949 1092
2092e2971c661853,79 147 477 612 671 780 886
20a0dca7ae419f96,147 189 335 733 734 744 813 1092
20a4a053ec02d3f1,147 189 813 949 1020
20b229f08fd68521,51 156 227 492 570 616 627 813 961 1092
20c4c374061f93ef,501 519 737 738 813 1009 1046 1092
20d2e9d66b1142cf,189 671 768 780 1034
20e07e3eb3fe9eca,51 212 283 586 1059
20eb641f854900db,194
20f1e0564f92207a,131 147 189 671 768 780 1034
20fe32bf1c41857a,13 813 896 966
2102e371e1269d,121 480 813 1059 1092 1093
211a0afad6decff5,51 304 584
21243af229e6e559,147 156 189 259 420 477 583 663 784 813 835 1092
21306d961a1fef55,147 189 520 554 744 813 835 1092
2157a7f55e8f4119,147 161 304 433 650 718 813 1092
2165d719d05ab7cc,25 161 477 734 758 813 953 974 1059 1092
216a47d84eb9924e,79 147 477 612 671 780
218df74f2ce0eb52,13 813 872 896 1092
2190805e8ea660d1,79 369 754
219a71c8eb4a6cec,13 147 813 993 1020 1092
21a145ca981847e6,189 194 1034
21a4886812858b72,79 194 490 962 1059 1098
21ad17656f29b3c5,131 147 189 418 541 542 813 835 949 993 1092
21be02a5bf7de7b9,147 189 541 718 813 896 1092
21c35195f8189988,121 464
21cb1304da16a621,51 111 147 813 916 989 1092 1093 1097
21ce819fd973d91b,99 125 192 304 495 884 1039
21d95444fd569157,121 369 615 1034 1099
21e023a141e58bd0,156 189 335 418 485 541 542 543 579 753 796 813 949 1072 1092
21e0cd88f4259d93,156 418 541 542 796 813 1072 1092
21f19a0d1e2d3f69,156 189 418 541 542 753 796 940 949 1072
21fe43cc3b79b26d,156 189 259 426 541 542 753 813 949 1072 1092
2210d4559a082d7b,121 369 450
22153748a043bd7e,51 70 111 147 420 483 725 737 738 776 813 830 923 1046 1081 1092
2216f73ac3f19747,188 369 420 477 639 738 813 835 1034 1092
22243d33030b1e52,121 184 433 517 1059
222b56968c0086b0,813 896 1092
222fd861d46969e8,70 147 189 733 734 738 800 813 1092
2230bf49be2c1654,111 147 156 189 259 738 776 813 835 1046 1092
2230c9535f995c7f,194 477 671 744 780 1059 1099
2235a8ab36259df7,51 524 616 744 813 952 1092
2235ce8e4b9e6bb0,156 259 541 733 813 993 1020 1084 1092
223c3c422447bc88,51 212 515
2242a2a650208682,194 483 734 737 738 776 813 830 1046
224474c343671d42,121 1059
22476da35636d059,51 131 147 156 189 418 541 542 543 744 753 813 949 1072 1092
224a8e961236703d,131 156 208 409 418 541 542 543 579 753 796 813 838 940 949 1072 1092
224dc009c175cebe,155 189 378 768 1034
2254c758173b2c8e,121 161 304 433 718 800 813 903 1092
225a2a6d411166e3,51 70 147 813 896 1020 1092
225d7526f8f86589,147 156 189 259 420 434 477 480 501 738 813 835 975 1092
225f2c4913185665,13 480 483 494 501 512 545 737 738 1009 1046
2260f8e6e1bf08dc,501 931 1032
226f38ebebd9b2e0,45 156 465 480 483 733 738 813 975 1046
2271754ff13594b8,79 156 194 477 490 671 780 1059 1098
2274bef3e36071b2,13 480 483 501 512 737 1046
2276d40598e88cba,147 156 189 485 603 607 671 695 999
227a45c7c561c49,188 369 489
227e5c6babf28901,13 813 896 903
2285ef6620b1aee,51 147 189 283 513 515 783
228b0a361e334c8f,51 212 554 584 746 1059
228d476be8c0d467,99 121 304 489 1059
2292d9325fb98672,147 189 259 707 744 813 835 1092
2295511ffed00f73,121 819 1039
229e60f600b9cf40,51 156 189 212 489 584
22a103ffccd7f899,51 147 698 821 896 1092
22a9b7ad9e4e4a42,131 147 189 418 422 426 442 541 542 543 579 731 753 796 813 835 940 949 1072 1092
22ad3da0590cd59e,147 156 1059
22b0081283f49c40,23 121 415 420 738 961
22b6819e161e49df,147 156 744 813 896
22c257ac492810a5,55 131 147 552 671 768 780 1034
22dbb925e7eed17c,189 335 369 1034
22e706142ac4fc9,111 483 725 737 738 776 813 830 931 1046
22f3efa87cdbb277,13 51 147 552
22fc6afceed648de,45 156 189 259 406 420 488 616 645 663 721 800 813 1046 1064
22fcecbbdad540a1,51 147 156 339 477 961
230f61ea0869cd5f,13 813 872 896
23118877e4f9cec0,51 147 156 189 369 671 1034
231ed52ca4cf599e,280 489 1061 1099
23328eeb0e67248f,194 809 844
233ada959ed23ee3,147 156 189 477 650 663 671 709 780 813 835 858
233c385af78b608,13 813 896 903 1092
234bffd59b262ec6,147 189 418 541 796 813 949 1072 1092
23594c4c3498d501,121 188 369 1039 1059
235a6da2db6384bd,754
235acb954600e529,51 147 189 434 615
235f89df38681fdb,99 121 718 813 961 1092
2361ab6dea26b069,156 189 436
237434b2a08fa1c6,135 141 147 369 477 554 612 671 746
2375a56cce4b0dad,51 147 369 1039 1059
238744f5e9433012,147
23877b4e401f10d2,156 420 477 584 671 738 780 813 835 1046 1092
238844db5018341a,147 744 813 903 1092
238c4077bbe4a12a,156 189 744 1099
238d4c008ed581ab,114 217 236 257 357 1061
238e240c2ed4b3b3,51 147 156 189 671 780
238f6dd2e7f414f7,147 189 671 768 780 1034
2392f8d20f6abbcd,188 189 335 597 671 1034 1035
2399ba23e32dfbf4,188 335 597 671 1059
23b448aa7a93a9aa,189 418 541 542 543 731 753 813 1072 1092
23c5af55e970ec83,13 51 70 111 147 738 776 1046
23c8ad0c421704c0,156 418 541 542 813 949 1072 1092
23cb376de93dd401,51 492 538 616 654 674 698 742 747 813 896 916 1092
23cb857c1cd1832c,13 483 738 776 813 1046
23e095b141bcd461,147 189 477 612 671 780 813 1046 1092
23e52df9c1acde56,542 698 813 916 1092
23ea3c147f75290c,13 698 896 1092
23eceeddc3446994,51 147 434 615
23eddfdb3de235cc,147 189 670 733 744 813 993 994 1020 1084 1092
23ee7fbe0b8c6d85,13 51 147 552 555 626 925
23f38442aa330985,147 156 369
2401bed0717fcecb,51 99 161 248 304 489 584
2401d3aae884262a,194 477 506 671 682 745 780 886
240720544763448d,51 55 131 147 477 552 671 768 780
240b7566139f6bde,51 111 147 259 420 483 776 813 971 1046
240ccb069c92dc7d,51 147 156 369 477 501 554 612 733 737 738 813 954 1046 1092
240f439ed0c4dfbf,13 121 776 813 1046
2416899f56e59ed9,99 884 1039
2427c98c5db125a1,147 189 813 949 961 1092
242c62e32e6e3e69,147 156 189 378 584 1059
24307276254f2c5,147 156 189 335 369 436 671
2437d8e4d047d650,13 698 813 896 1092
243ec37248f3d434,99 477 738 813 1092
2440cdd8a020795e,147 189 418 813 835 1092
2441a6a56cd2fe52,13 147 477 671 780
244205d4b86d084b,13 147 492 698 813 896 1092
244c9ca59536def8,156 418 541 542 580 733 813 993 1084 1092
2457e216e0475817,79 121 586 766 1039 1059
24585d111cbf6479,65 147 517 780
2458bb67953cdf93,13 698 896 1092
246aca8caca63884,147 156 189 259 420 477 520 554 650 744 813 835 896 985 1092 1099
246d45bfff7c95da,156 1059
2470d535ce748360,147 189 413 430 434 559 738 813 835 871 1092
247743133ccae78c,615 813 896
247ea8dde522335b,156 426 541 542 580 753 764 813 993 1012 1084 1092
248217e53baddaac,188 369 464 507 1059
24994c3a50e85355,194 492 698 813 1046 1092 1099
249a772f57106dd0,13 552 555 626
24be9c293f9c1c9e,51 147 420 483 616 734 738 776 813 1046 1092
24ce2a7cc7d701db,634
24d49b8ecc0d45e6,51 79 147 477 612 671 780 813 835 1046 1092
24e530cd226dd66d,13 147 156 231 813 952 1092
24ef815a5a90f24f,194 480 483 494 737 738 744 813 1046 1092 1093
24fc4c182072e6f1,813 896
2504a1e6fd75c5d0,161 204 335 813
25065cb91e5a98c8,79 194 1059 1062
250c1f489760f540,13 121 962 1059
250d011e99fafffa,147 189 434 813 835 1092
250ec7a78ce47add,51 147 616 744 813 952 1092
25214c502bd61c82,79 194 477 489 612 668 671 780 1059
2530e1672c9c0f1d,13 51 147 430 434 501 559 737 738 1046
2536049f9b1ddb9a,13 51 675 978
25398a3de0c31c7d,13 51 147 744 813 903 1092
2542e84ee855e203,51 147 189 552 671 780 1059
254f488ab2bec2e3,107 147 189 335 477 554 612 671 744 780 835 903
255684dd7015c233,99 161 718 813 1092 1096
255f1ee3cfd3e4ff,55 131 147 671 768 780 1034
25725bc7e48c60a5,13 477
2582bc54fe1142f7,147 189 536 744 813
2584ec1c709d91de,51 147 212 283 612
258a0ca9a9e9d1d7,25 161 489 584 1059 1092
258e636e35f6ddc9,359 418 477 498 639 671 813 835
258fa004127b4562,147 156 189 418 541 796 813 949 1072
2593f22a6fa60a46,13 147 663 713 718 903 1092
25964d650c522cf1,13 813 872 896 1092
259cb00a1f8e3408,45 156 259 477 784 835 991
259f7f0ff09a25b,147 189 259 418 583 663 813 833 835 1064 1092
25a7f9aaf5aa8540,51 70 147 189 718 813 903 1092
25aad3ec6dae8dea,147 189 259 744 813 1092 1093
25b684f33fc62241,189 718 813 1092
25c2637d93bf7d55,13 698 813 896 1092
25c26c70d3f4388c,13 733 734 755 813
25ced60b65657492,99 121 1059
25d7b4d6ec321559,99 121 1059
25e0fdf46dcaa924,231 239 754
25e779c2d0e8b38a,51 147 477 554 813 835 896 1092
25f51300bdd60662,813 1092
25f688f703622cd5,13 147 744 813 896 1092
25fc39c17d36bb6b,161 487 738 758 813 1059 1062 1092
25fe830dbe56af6a,99 492 813 823 1092
25ff4386f8ab9aa6,369 489 774 1059
26039bfb8c0be8d6,13 51 813 1092
260ccd1cef900e37,13 147 698 738 747 813 1092 1093
2614c0aca9e2cce,79 477 487 624 671 776 780 813 1046 1059 1062
261f9265f679f39f,45 51 111 147 813 896 1092
2624b8c78d1841a8,156 369 436 720
263e6ee7df7411bd,194 420 477 624 835 844
26423c5cb4818dd7,231 369 1039
264a2b77dd008e50,121 724 955 962
264b4488c041ba8a,99 121 718 813 961 1092
26515839a0f2ceaa,79 194 369 477 489 612 671 780 813 954 1046 1092
26516c2d4d7cf56b,184 369 438 1039
265d2169fafe8c93,51 671
2661cb26d25607e3,51 111 147 335 813
2663716220885dd3,79 477 612 624 671 738 780 813 1046
266b6f0b61f0853f,498 650 718 813 1092
266ce8907e6c4a46,147 156 189 420 477 485 554 744 813 835 1092
267936d703f79bdc,313 813
267f50a14733707f,111 147 477 597 671 780 813 1092
2686ff12b03b06b,147 156 189 436 720
26875c1a129f0375,147 597
269a5103f8f0daa9,111 147 189 813 896 949 1020 1092
26c0ef5f2e0db97c,99 819 884 1039
26c1bf7219906015,147 322 612 671 896 1092
26c3e3cbc4c35516,194 480 483 494 734 737 738 776 813 830 923 1046 1092 1093
26d00c2633f9255b,121 161 813
26e78a55098ecbf6,156 189 477 485 671 780 835 1069
26fd475be79f6636,79 156 487 624 671 780 1059 1062
2705e97a0b525b9f,99 161 663 800 813 961 1092
2713a5459efdcdc9,99 161 304 489 813
271bd5770fa62056,121 703 724 813 961 1092
2721d4a2d0fd0ff1,147 552 671 780 1034
272dda8c07f333d4,79 147 194 477 671 780 1059
2731b39ddfe21a56,156 189 259 418 426 541 542 543 731 753 796 813 934 940 942 949 1072 1092
2733633265cbe56b,79 1059
273582e1384110db,51 147 196 251 477 671 780 813 1034 1035 1046 1092
273ef073087246d6,147 369 1039 1059
27433397cba326fe,107 147 189 477 554 647 744 758 813 835 903 1059 1092
27459c088caafb17,111 737 776 931 1046
2748b5530cae5739,121 304 650 718 809 813 896 1092
276033646685615b,671 780 1034
276059aea30a1582,51 79 147 477 671 780
277883ec52ae32d9,147 189 436
27794eef80bed1c4,116 117 161 487 1101
278f5242efba0265,147 639 671 780 950
27913a6bedf37f9b,99 718 813
2797ac7b6a430fad,131 147 189 259 418 541 542 543 731 753 813 949 1072 1092
27a3fdc6336722b3,79 188 194 671 1034 1035
27aa460e4937f19e,147 189 744 813 903 1092
27aac0275f5c8891,13 147 671 780 929
27adbe1aeae2a1c6,99 161 813 823 961 1092
27b609f795e1b97d,335 503 595 813 1092
27bab4e9fe245e63,188 253 282 369 1034
27cdadf29d65917a,45 111 156 189 259 813 835 1092
27d2e33cf6c84eb8,111 127 147 335 369 538 616 655 671 813 835 1046 1092
27d55a05df75bedb,13 51 111 147 420 483 737 738 776 813 1046
27e714eda97b0866,51 147 663 813 896 1092
27f135abaf423eac,184 313 489 1059
27ff1a9cf145c51c,369 665 671 726 1059
281efba7c1e7cb8,188 369 507 1039
282a7c3d445e4b43,79 188 487 671 780 1059
282f8265854b8623,239 369 738 813
2830aae8260a6151,51 189 558 744 764 813 903
2832c85aea9edfe3,188 335 477 489 612 671 780
283b78c62ec337d9,51 156 189 420 554 733 744 813 835 903 1092
283ddfd3ab7d0512,194 404 698 744 813 1092 1099
283f5b869ec36391,13 405 896 903 1092
2840db89079610a0,13 51 147 492 616 813 861 952 989 1092 1093
284ca4c7129ce90e,147 304 718 813 896 949 1072 1092
2856905776d300fa,13 676 737 776 830 1046
286130eb4c7c3f76,99 962
286cfd21df23dcda,131 147 189 418 796 813 949 1072 1092
2873682925a7d9a5,147 189 813 993 1020 1092 1093
2885075c862e72cf,147 189 418 541 542 543 742 796 813 949 1072 1092
2889a59fac9ee2a6,51 1059
28a14561d2734e9b,147 189 413 430 434 517 559 622 747 871 882 1001
28b69b68adb83ccb,13 813 896
28b82558e4e1c24a,156 189 418 478 541 542 579 744 796 813 896 949 1072 1092
28f02cde9aba7597,147 188 189 335 597 671 780
28f30628fc7828b3,51 147 551 615 650 663 744 813 835 1092
28f6854355bcc84f,51 369 1059
290827fb8825a192,51 147 156 628 671 813
290bc124d9709d43,114 217 236 257 357 1061
291edd354e9b6673,70 147 189 418 541 542 738 813 835 949 993 1072 1092
2925fd1a16b95126,121 1039
2937c902d5933c4c,121 1039
29393cadcc4a2de3,51 147 212 283 554 584 746
293e83e16848340b,99 718 813 1092
2941b93c3612387,147 671 780 1092
294853c755328a7d,147 156 189 259 541 579 813 896 949 1020 1092
29526abb765a85ba,147 189 813 1092
29576b0e08dab4d5,51 147 189 477 813 835 1062 1092
295a26ce6c198a88,450
2965176a87f9de91,13 51 147 552 626 671 780
296bd5d2169fde3c,313 558 962
296d82a54f9acc72,188 420 477 489 612 813 835
296ee274f183af,121 415
297feec09a4b4e1b,45 147 156 189 259 541 542 813 993 1020 1092
29823237fadb6ecc,99 304 489
298363d3f1db90de,51 147 336 477 639 671 780 929 950 1034 1035
2994ba77b2ecd058,188 518 671 780 896 1092
299aa0483d43abb3,147 671 780 1034
29a3abd7a8f249ea,671
29acd097ccab9a03,519 733 734 737 813 993 1033 1046
29acf985b1863204,147
29b31f6582e8d06f,99 813 961 1092
29c72f51c1631457,13 552 1059
29d38aab72ab1cbb,79 194 369 1059
29d38afd906f5710,434 494 501 737 738 776 813 931 1032 1046
29de45ff4edf2773,147 189 663 800
29e0e1eba35e6d6a,161 204 335
29e4137264afe7a3,369 671
29e45481dc263210,99 420 962
29f6e4addff34b4b,147 156 189 1084
29fff587c715717b,13 405 896 1092
2a058dac8bdaf186,304 487 758
2a0c1b26f82b696e,13 51 552 626
2a1099437dc47546,13 51 147 552
2a149d8cdab5cb38,51 147 189 813 1092
2a24dd420dc62af,147 813 896
2a269abff8d1cef3,147 189 259 534 733 734 744 800 813 835 993 1092
2a29805a790dbbe8,51 147 639 813 1092
2a33e7c73d5a4173,45 147 156 189 718 744 813 896 903 1092
2a3c38faf7462961,121 161 304 420 784 813 955 962
2a4393df057ae122,147 189 434 513 597 709 783 835 858 1062
2a43bdb3d5d4cd38,483 494 501 737 776 923 924 931 1046
2a45c1bfd55c49d2,51 156 189
2a4a0b0c8f9abcf2,13 51 147 813 896 1092 1093
2a504cf63d75be41,189 430 434 483 501 545 559 738 1040
2a5d847ea528d077,13 121 724 962 1059
2a73dc0f0cdb6604,51 111 147 156 212 283 477 586 671 780 1059
2a86a8b5a7be2277,125 718 738 813 835 1058 1059 1062 1092
2a8d6de57c61df7b,9 23 33 99 420 703 738 813 835 962
2a9afa0361435c25,121 304 495 754 1039
2aaecc97ab4ebe58,13 147 189 813 1092
2ab351e42373ef3b,147 156 189 335 418 541 542 543 796 813 940 949 1072 1092
2ac66c58286fb593,51 147 560 671 780
2ac6f684fda0a178,111 156 628 671 780 813
2aca8ef677e9a53b,51 111 147 335 813 916 1092
2acce4ad6a9e8fb1,676 737 738 776 813 1046
2ad27b418efabf0b,188 369 477 639 671 835 1034
2adf3862cc9bb898,13 14 147 552 671 716 780
2af01a29a3f2adb3,79 671 780 1059
2af32962915bc943,51 147 671 780 1059 1062
2b001d2703fd89e4,253 282 477 489 813
2b09a9020256ee2f,86 239 738 809 813 1092
2b0deb51402089c0,51 111 147 420 573 616 734 738 776 813 971 973 1046 1092
2b0dfd9091511de6,182 744 922
2b10fdaeb430602d,51 147 813 1020 1092
2b14e58588826b0d,147 189 718 813 896 1092
2b15c8ade757026a,147 189 813 896 1092
2b24ca19214d9131,79 461 639
2b26370ecb372777,111 147 189 335 733 813 993 1092
2b381c1c4be7e9d8,13 813 896 1092
2b3c25474b6e62da,13 776 830 1046
2b3ebb22f77c573f,813 903 1092
2b57caad2a8e4945,13 121 432 724 813
2b6124cc8009a37f,121 369 563 1061 1099
2b62b70c9e11a63d,13 51 147 156 833
2b676c266de20728,156 227 477 961
2b70657acb79e6d1,156 189 259 462 733 734 813 835 974 993 1020 1084 1092
2b70ceb23214fdd4,121 304 487 1062
2b730457074d6d4a,147 189 744 813 835 903 1092
2b74f3c5768c3b4d,1 33 582 1023
2b7bc09a878e02f2,51 480 483 616 813 952 1092
2b82d0708bb865ad,51 156 189 813 993 1020 1092
2b8616650813d8c7,121 813 961
2b8ab37aee5340ee,51 156 189 259 462 670 733 813 975 993 1084 1092
2b976c7d45615ce,147 156 189 420 477 485 663 671 780 813 835 1062 1092
2ba8752dbdbc62e3,125 161 1059
2babfc9b9d0fcce,147 189 813 896 1092
2bb41a7ee1fa7aa7,79 420 738 1059 1062
2bc1ef8540aa5880,51 626 671 961 1092
2bd25b44b196dc26,51 147 189 1022
2bf3f8c2e3738c31,111 147 189 872 1062
2bf4bdcdea88d0f2,147 188 552 554 746
2bf7ec31206c5d2b,51 147 520 554 650 691 813 835 858 1092
2bfd816b19077eb1,188 189 647
2c09613a64980c61,51 111 147 420 573 616 676 737 738 776 813 971 973 1046 1092
2c1e4969b90dc32a,51 147 671 780
2c273676b6be99d7,13 14 51 147 552 626 671 780
2c393e454c0ec00b,79 121 194
2c4232d9a2ebbc12,13 896 1092
2c42c173b455a4a4,156 189 259 488 663 721 800 813 1020 1039
2c498dc84794c3d1,121 955 962
2c4a69f5af966e80,13 41 127 147 552 671 768 780
2c4dc93e950b6623,48 51 156 227 671 698 780 813 961 1059 1092
2c588cf9acfe836,41 131 147 552 671 768 780
2c5c1252a0d9ee6f,189 584 628 702
2c6046209bdb9d8a,111 147 369 477 480 501 538 616 655 671 737 738 813 833 835 1046 1092
2c73f00ceca60df6,51 147 189 1022
2c78079a15ff07fb,121 369 420 477 754 872
2ca0b86aa2e00658,156 189 369 420 477 639 768 1034 1035
2ca444552652a1b5,194 454 477 671 744 745 780 874 886 1046 1099
2cb56da6c59ea9f3,51 70 147 744 813 896 903 952 1092
2cb8f5aac85757e8,188 671 780 1034
2cc2114fe845e68,51 156 554 744 813 835 1092
2cc52fb4fb3b15a1,194 809 844
2cca8c27f0a6e7b0,147 671 780 896 1034
2ccfd4b92dfdce18,51 147 369 420 477 554 612 671 738 746 780 813 835 1046 1092
2ce019a6b079e61,147 189 418 541 542 744 813 896 949 1072 1092 1099
2ce4c2793461ed28,41 131 147 552 671 768 780
2d03e205f685403e,147 156 189 369 489 584 1059
2d104e9c139e3de4,13
2d1347fa4c7336f9,188 420 428 477 733 784 813 1099
2d135a192f6d83a,239 754
2d20287c2fa8fa00,111 147 156 259 420 676 738 776 813 939 1046 1092
2d3743a2e5404b96,121 1039 1059
2d3bbfef2f6b3029,13 51 147 552 626 671 780
2d450897715dd46b,147 189 784
2d5550d8e27f083d,13 483 738 776 813 1046
2d5c9d4999dee650,121 369 415
2d5de1554c7b95c7,131 147 189 378 671 768 780 1034
2d608758319f2832,131 147 189 335 378 418 477 671 780 813 1034 1035
2d656e5b11174f31,245 369 587 671 766 813 1020 1059
2d66de3072e64e21,147 189 477 813 835 1092
2d6fd5fd1877398a,51 131 147 418 492 538 541 542 543 616 698 731 742 753 796 813 940 949 1072 1092
2d877925cb327d75,51 156 188 418 541 542 813 949 1092
2d8a9bf5896f34f1,51 70 147 189 583 663 800 813 835
2d9d6e103fa1958f,51 147 597 603 671 780
2da3d8486082ccbb,51 156 227 492 538 570 616 698 813 833 961 1092
2dad8f7385c4c00,253 369 390 639 1034
2db53667e23f4ce7,51 111 147 189 420 538 616 776 813 835 971 973 1046 1092
2db7e2e37d4bf0fa,189 485 546 603 607 671 695 999 1101
2dbc6da574fcb87e,147 156 465 671 780 1059
2dbe85254aa748d2,13 147 813 896 1092
2dc9e9beb84be28c,13 41 147 552 671 768 780
2dd10ca31fb3583f,147 554 579 744 813 896
2ddb9d015cecebe7,121 433 724 813 903 1092
2dde9a1570782caa,13 51 147 189 335
2de176ff0541e8b8,13 477 744 756 813 1046 1092
2deea11a9439914a,111 813 896 1092
2df40fb95cfe0f49,121 703 813 961 1092
2dfa900d9aade06c,813 896 1092
2e04d137105be867,9 23 33 99 345 420 738 813 962
2e17828bd9a3dd5c,79 189 477 489 612 671 780
2e17d8017afbf3c6,79 194 487 1062
2e1997dca6135d06,147 189 335 418 541 542 731 742 796 813 835 940 949 1072 1092
2e208552ef85be88,194 747 813 1046 1092 1093 1099
2e312e1c0097efba,194 477 671 780 1059
2e34aaf092dc209,51 147 420 492 538 616 698 734 738 742 813 1046 1092 1093
2e384f970d38cc69,13 813 903 1092
2e3ea6e3347fb50b,33 582 1023
2e4373d99b8a1bc9,147 189 434 554 559 663 744 813 835 961 1092
2e4927dfda281581,13 147 434 501 545 649 871 1089
2e4b174c5674d8f0,335 369 450
2e4dd47ce3060b9d,121 724 955
2e56e9978a1add35,147 156 369 541 813 896 1092
2e5acf21441901eb,51 156 418 420 462 541 542 554 733 734 738 744 764 813 835 993 1084 1092
2e5ccb82b8fdc0aa,147 189 744 813 896 993 1020
2e5e6d7eb864cc87,79 194 1059
2e60a49e9ea4f187,13 14 51 147 552 626
2e6457ad0bb697a5,13 111 147 813 896 1092
2e6483f7f61237de,813 993 1046 1092 1093
2e6cf18f9a9a5efc,99 492 813 834 961 1092
2e78606a7bbf7a97,147 194 671 780 950
2e7a04c85a069e39,45 111 147 156 813 896 1092
2e81d4daa3e1556f,79 1059
2e964dc5a967ee3b,304 369 464 872
2e9cc73e7c07dd70,147 552 639 1035 1059
2eb03dee991ab4c5,13 738 813 1046
2eb0917e333d366e,13 813 896 993
2eb7d9827e951022,13 189 698 718 813 896 1092
2ed3bfd362a3282a,369 438
2edcf6de4e701de2,147 485 744 813 1099
2ee08c824efb77d4,51 147 369 477 501 554 612 671 738 813 1045 1046 1092
2eeaff8948326754,13 147 698 756 813 952 1092
2eeb999ff7e8dac9,51 147 189 663 813 835 858 1092
2ef61987e2779556,13 776
2efda46000887d93,111 147 189 813 1092
2f01d5f49d546aec,51 147 156 592 733 734 813 993 1020 1092
2f10cc5a30bb4f50,147 774
2f2718cf8b557ee0,156 418 424 541 542 543 579 753 813 1072 1092
2f272b554f592cdb,477
2f2dfbc4e5f5811e,615 813 896
2f3b7ace0a635c4,51 147 188 671 780 1034 1035
2f49cc2f5202cb38,304 487
2f5e9999546d358d,13 147 813 896 1092
2f60af6760ca648a,194 369 671 780 1034
2f69c7064a56052,369 1059
2f6c85d2bde65ccf,51 147 477 671 780 1034 1035 1046
2f6e11d2e2ac3fb8,45 111 156 189 813 896 903
2f72719e632eb06e,51 79 147 188 477 597 639 671 780 1034 1035
2f7d82aee1972929,33 313 420 738 744 813 835 903 962
2f838d0482f1c4e,45 111 147 189 480 483 494 501 737 738 813 923 975 1040 1046
2f8ac85adf17c5b5,79 194 477 671 780
2f8b1c53a03735e6,189 420 462 489 612 616 663 733 734 738 800 813 835 993 1092
2f8f2ecb3980289d,51 147 420 477 639 671 738 780 835 1034 1035
2f9908d38d5db908,369 420 477 668
2fa1f61d168fa7d0,194 404 655 744 813 1092 1099
2fad8153d0a5268a,13 14 51 147 552 626
2fb3cb8bfa4bbc54,51 147 465 584 746
2fb94eefa1b81ead,13 51 147 477 1046
2fd7c5a175c08ccc,51 147 744 813 952 1092
2fe6e94a72934921,13 121 432 724 813
2ff739bef9baa0c9,369 477 671 738 813 1019
2ffdad0fb5394df7,189 768
30073fb9181bc3be,335 369 671
300cb9bd881c8f2f,147 369
30149d9c1b4166a8,51 188 477 671 780
30174139ad542224,188 428 558 744 1099
30199be7d35e0cb0,483 725 737 776 830 923 931 1046
301fe4f270962c1a,51 147 665 744 813 952 993 1020 1084
30280cf982fbe2d6,51 111 156 420 477 639 671 737 738 744 780 950 1046
303243516bbd7d07,239 754
30509a0f97bc3b1b,147 189 813 1092
305241d5b722836d,79 194 1059
30630461d01ae401,188 369 428 1059
3068266f0b82518c,147 189 418 541 542 543 731 753 796 808 813 940 949 1072 1092
307c1e5e75b3845,147 189 418 477 583 616 663 800 813 835 1046 1092
307e59365051d43c,51 111 147 492 524 538 616 747 813 916 989 1092
3082c2644d1f89ad,51 147 744 813 903 1092
308807e1b07d27b9,194 480 483 494 725 737 738 744 776 813 830 1046 1099
308a754bed5789d4,616 813 1092
3097708f16e01f47,70 147 189 813 949 993 1020 1092
30ab107e379a31d0,231 369 1039
30b7fcd85d4d8ae5,51 147 156 485 744
30bf13607b6b03a,188 489 1061
30c03ffda650a8ae,626 896 1092
30d35e3bee65095f,45 51 111 147 189 718 813 896 903 1092
31074b80ed4443cc,304 758 1059
3107b4f33be5c6c9,51 194 489 584 671 780
3109c6dedffad6e,147 189 418 541 542 579 813 949 1072 1092
310dc68e5890b6e1,147 189 541 542 813 1072 1092
310e16894adb9ca7,51 147 369 626 671 780
31255415f9e15dbc,51 147 335 420 616 733 734 813
3125a9446b078ffb,51 127 147 156 369 587 1039 1059
312d6f6da170fae7,99 121 125 304 922
312ef6ba0a8a1da4,51 147 156 542 733 744 813 993 1020 1092
313adc4a14037284,70 111 131 147 189 430 434 501 545 559 738 747 813 1001 1092
313ce57a4a683ab5,430 501 545 737 813 931
3141ec71214af253,79 480 483 737 738 744 776 813 830 1046 1092 1099
314425861011762b,125 161 304 758 784
314b177a915783ed,147 189 671 780
314ec50bd15bcb62,135 369 554 612 746
31595baccff0d2bd,116 161 304 489 584
315d4755a7d628c3,194 477 671 780 813 1046
3163b8e4645c7eb8,13 813 896
317f1d86e1e02de8,51 147 492 698 813 896 952 1092
3186f0fd3d8d1f3,156 189 369 420 733 813 835 1059
318c3d6e491692,121 1039
319401af5c85dfa0,51 147 189 813 835 858
319ade70d426a0ee,147 156 189 369
31a44d8c3de84b62,147 532 671 780
31a867cf5f837267,51 147 156 584 903 1059
31af84446640fad1,189 259 541 663 800 813 835 993 1092
31b1d8b1e6b03de0,13 14 51 1056
31b1db684fc04b26,161 304 718 813 896 1092
31bb6b857dad766a,13 813 1092
31d3f4780dfedc62,79 194 744 1099
31dd1e73713fc90f,182 922
31dfa03a37c22054,13
31e79140ceadb8b8,420 477 813 835 962
31ffe204f23bebd9,51 70 111 147 483 501 725 737 738 776 813 830 923 1046
320268c13fc1b429,369 489 813 954
320342f1e93d24b,1039
32043d77fcc39804,99 161 758 1059
320b004593a4cf0e,147
320fe1dd9e293151,131 147 156 189 259 418 426 541 542 543 579 753 796 813 949 1072 1092
321a68a9ce64c5c5,13 14 51 147 552 626 671 780
321e0b741bd9029e,161 477 489 835 974
322267c5b95f2f1e,147 156 189 234 369 436 720
322d724db0eca64b,156 189 541 579 744 813 1092
3248a2c9496d7287,156 813 835
325389c92915b413,156 418 541 542 753 813 993 1012 1020 1072 1084 1092
3258b944bc7b85f3,184 420
326750b38da05b53,13 14 51 552 555 626
3272442483957f67,26 51 147 156 283 554 671 738 744 813 1059 1092
3273c0cb9dbef514,51 147 156 508
3275263f3f66b0a4,813 896 1092
329083048fc0d5c5,147 283 744 813 896 903 1059 1092
32a1035e920064b,147 189 259 538 541 663 742 800 813 835 1092
32a43cd23ca84f29,147 189 335 813 1092
32affcce1e5b0194,813 1092
32b0fdef069a77b2,147 189 335 369 477 554 612 671 780
32b2e303022c6014,51 188 369 420 477 639 671 835 1034 1035
32b6acca7985f926,51 99 121 477
32d10bb1b99a292d,304 369 464 718 872
32e51dfbe6afdf5e,79 194 489 584 738 813 1092
32e8c7d8e1ea44c2,263 420 784 835 962
32eb13a7f87bf2a4,194 477 506 671 745 780 886
32eccd7bdc106114,111 147 189 718 813 896 903 916 1092
32eef818f3a2fe3c,51 194 1039 1059
32f4e3233c318816,13 147 430 434 501 545 649 737 738 863 871 1046 1089
32f91307561d02d1,161 304 464
331c9973817ef7ac,147 813 896 1092
33302809d044f83b,813 896 1092
334a1d4363beb49d,111 147 189 259 418 420 477 541 784 813 835 949 953 1046 1092
334e01ae7b89d22a,51 212
335ec0f722c8ed73,79 194 1059 1062
3366ba59936b17b6,813 896 1092
336f38b8af360874,239 738 813 1092
337f08e3b18a627,189 477 485 603 607 671 695 780 999 1047
338c36f767d0fbd2,188 335 428 597 612 671 780 1099
338fee97007eb73d,13 51 147 480 483 501 737 738 813 1046 1092
339834cc222acceb,121 724 922 955 962
33a0e5b0182e0c9a,51 147 156 189 306 511 663 721 744 800 813 835 903 1092
33a9b3481ff91316,79 420 487 624 734 738 784 813 835
33aa670d652c91ff,147 189 434 559 621 813 882 1092
33aff9cad504190b,121 369 597 754 1039
33b0ea5f5342e16,147 189 418 541 718 813 949 1072 1092
33bed60c54d80c75,51 147 283 671
33caffba95283537,184 285 313 464
33d9506cfb6a4779,121 724 955 962
33ef5a5f76e1179a,99 304 634
34039825512fb5be,51 147 156 212 283 477 554 671 780 813 1092
34098c101b7c8b5b,482 497 498 813 961 1092
341495ac4b30295b,51 492 616 629 665 733 813 974 993 1020 1092
341a09054f9e5f14,156 189 335 418 552 671 720 780 813
341b4e0c3e822e0e,13 147 756 813 952 1092
3422925c084057fe,131 147 189 418 462 541 542 616 733 734 813 835 949 993 1020 1092
3426edbafb7dbbf2,430 434 501 545 559 619 738 825 931 1032 1040
342aa12c1557555e,13 51 147 552 639 671 780
3434f86a31cba014,51 147 744 813 993 1020 1092
34395fa4a66a7155,51 111 147 492 524 538 616 654 698 742 813 829 971 988 1092
34682ec12dcdb113,51 1059
347442cd58d993e,147 156 189 259 485 744 813 835 1092 1099
3475f3ae8eeaf40c,13 147 813 896 1092
3489eec3327256b5,131 147 671 768 780
349030649035888a,147 597
34b9c0b142c09962,369 477 671 738 780 813 1019
34ceb45716959389,133 147 189 492 538 663 742 813 961 1092
34d27062c1ad5c51,13 147
34e0e610280140f6,436
34eac42cfc1f8367,51 111 147 156 189 259 418 420 541 542 554 580 616 733 734 738 813 833 835 993 1092
34eb59e7360ae73e,369 477 671 813 1019
34fef9ceae767751,13 51 147 552 671 768 780
350b385820c312a6,13
3510e0ce78679f2,156 189 485 603 607 671 695
3515e5435093cfc5,51 111 147 480 483 616 733 738 813 1046 1092
3518f88aecd6a5cc,194 404 744 813 896 1020 1092 1099
351ecedeccce7483,188 813
352157481b7bc39,51 111 147 212 283 586
35232490718b385e,13 51 552
352708457de24f70,51 147 568 626 813 1092
352a2d4fd4f7e77c,13 51 147 615
354f13866cd0416b,45 111 147 156 259 813 896 1092
3555304192e0e2f5,13 51 147 552 626
356abdaa93c72cce,51 111 147 747 813 916 1092
356e35cfd081130c,156 189 485 603 671 780 858
3572d30ba87c41ba,121 180 420 498 703 704 728 738 813 835 1092
35738b79013d1f6e,51 189 616 733 734 813
35755a143007db7c,147 189 259 430 434 501 554 559 738 744 813 835 871 1001 1092
3579145d54eef6b3,13 41 147 552 671 780
357b8ac13f4fde59,51 111 147 420 616 738 813
357dc09837b939cf,369 726 1059
3594d5db446d2194,111 188 335 554 612 671 780
359bc9062587c311,194 738 809 813 844
359ca57864edd0d7,121 962 1034
35a4592ef75dae47,813 896
35b5043212bf6dff,121 724 744 955 962
35b7f2c3ef422c96,51 147 189 259 813 993 1020 1092
35c4144287ab918,147 813 896
35c498e224f75fb3,194 483 725 737 738 776 813 830 992 1046
35cc781fb32b11e2,51 147 369 584 671 780
35d11c0b2c12fce9,194 813 844
35f9589619b0a453,13 445 813 896 1092
360202fe00bc0824,51 70 147 813
36024fddb80da71d,55 131 147 189 671 768 780 1034
3603c62cce01020a,147 156 189 259 418 541 542 579 744 813 949 1072 1092
3609dfe5af03b635,25 161 734 813 974 993 1059 1092
361448fa3e4b47df,189 252 418 597
3624d23c93519e8f,51 156 227 477 506 584 671 682 745 780 954 1046
363484c150d102c,194 480 483 494 725 737 738 744 776 830 992 1046 1083 1099
363a1d28a0b271b0,147 189 418 541 542 731 742 796 813 949 1072 1092
3641f5d4e6080c47,79 180 482 497 498 704 728 813 1073
3654e74cb88c2419,114 236 257 357 1061
365b085d4616812c,194 404 744 813 1092 1099
365d1b1c9a9c0fb5,156 189 335 369 738 1034
365de2fd1e14761c,51 147 524 616 747 813 952 1092
366e48fcefcb9ecd,51 147 156 568 626 671 780 1092
3671f00f06441fda,13 813 896
3677b7926b06d999,13 51 147 188 189 671
367fc89bc63667a1,369 835 1034
368aaa49c5b44d14,121 433 520 724
368b2ea5ae296fe1,194 485 744 813 890 1092 1099
36970e6f96bf1f7a,369 438 671
369763486b81b876,194 477 631 668 744 1099
369b0e29937fb5f9,156 189 259 813 835 1046 1092
36b4a7c1c4a21e68,13 147 663 800
36b5912528cd8a4,189 671 768 780
36c535fafe657192,184 420 503 784
36c99154b6164b19,194 477 506 671 682 745 780 874 886
36cc99fa7eaacc3e,489 1059
36e233fedda51da0,147 189 597
36e3440947d0e5f7,184 313 464 1039
36e74015eaf52595,147 189 639 671 768 780 1034 1035
36e9276086d44fa2,147 194 541 738 813 949 1092
36fa82ca150d14c7,282 489
36fde2cb4d3259fb,813 896 1092
3700d460c6ad0acb,51 156 194 672 833
370594d89b81fa16,147 369
370ad147f8bae01b,70 111 147 189 541 813 949 1092
371ce8a59bb0705,239 477 487 738 813
371eab8613f62c0e,188 189 552 639 671 780 1034 1035
37309a58c91c2a95,99 180 369 498 718 813
373712aae47260fe,70 111 147 189 259 420 616 738 776 813 1046 1092
374638ab7b43728,194 671 754 780 1059
3746f074680fda76,51 147 189
3764df4fa123f6e2,51 79 156 189 369 1059
376b1b3418ba282f,121 433 662
37827c2abe39fa38,121 189 420 713 1039
378b442d2fe6039a,131 147 259 418 541 542 813 835 1092
379bf2ff3963e2b6,501 737 776 931 1032 1046
37a03eccbc08e12b,147 189 369 833
37b89fb840e86df5,369 477 671 1034
37c7c157b9a92c49,121
37ce2042327e3e8f,45 111 156 465 477 554 738 744 813 1092
37d30bc1e08db1ed,436
37fd45737343adab,13 51 430 434 501 545 621 737 738 747 813 1009 1089 1092
38293dc285e15752,147 156 189 554 1084
382a682c73e954b6,13 519
382a845c21abce59,13 51 147 813 1092
382f585c27300fb0,194 477 483 738 744 776 1046 1099
3836e01030400372,231 369 1039
3840b860559016c6,156 189 485 603 607 671 695
38442b34662b8efa,184 313 369 884 1039
384ad6e8fe1368e8,147 189 369 587
384e8165f5f288fe,13 14 51 127 147 369 552 555 626 671 749 780
384fd23f5685cb15,121 188 369 464 597 754 1039
3858e46e8232e81e,147 156 671
385cce8a8664a54c,147 283 896 1092
38604c0c0aed3feb,13 477
386084873d518442,400 434 1089
386229ccf3d7acd3,369 563 566 1061 1099
387417449d24bce,51 147 532 671
3881553eb2db0cee,156 418 541 542 753 796 813 940 949 1072 1092
38880d904fc7ed2d,13 813 896 1092
38a6adbe1b5bd4ae,813 896 966
38b4a187e0839295,51 147 434 501 545 737 738
38b7298ef740af86,51 147 813 993 1092
38bcbfd439427176,147 747 813 916 1092 1093
38be3557ee491909,147 194 477 671 682 780 813 1034 1046 1092
38c381ea80d4d477,51 147 477 554 612 671 746 780 1045
38c8c036d34e095a,147 304 718 813 896 1092
38ced6ee989d333,99 813 823 1092
38e5198a7cb8166b,188 369 639 671 1034
38ea738a97ba80ab,147 189 671 768 780 1034 1035
38f20c7bf4e5f73,147 189 413 418 430 434 541 554 559 579 738 744 747 813 835 871 1092
38f2826e9e0f5f6a,51 79 369 586 671 726 738 1039 1059
38f7ac19e43c27fa,51 156 369 420 477 552 639 671 950 1034 1035
39160b921ad1e314,121 724 744 955
39249bb97599c713,13 14 51 147 552 555 626 671 780 925
3924aa203ff9be62,121 304 1059
392b04d29a911ee2,13 51 70 111 147 813 896 1092
3934a3d31632813,51 156 227 339 477 671 780 961
39353ec135c13e2a,147 744 813 903
39438a3a8f1f4b5c,147 813 896
3943ece464eb8df9,13 51 111 147 434 501 738 813 1046
394954f447a511c9,156 189 259 406 583 645 663 721 800 813 835 953 1064
395e75626f8302b2,405 718 813 896 903 1092
3964bb7f9486d81f,51 111 147 189 335 813 949 1092
396b5e015ca3893c,147 335 517 597 780
396f0e1f215477f1,184 420
3970f9184ff895a7,51 111 147 420 480 483 616 733 734 738 776 813 971 973 1046 1092
39734f375d623132,369 420 1059
39738f1752fb5ddf,13 755 813
3974e3ff789bafc0,51 147 477 671 780 1034 1035
39806dc6ecccc17b,194 483 737 738 744 776 813 830 992 1046
398b07466b8587df,51 147 189 485
3994ee028ae54cb9,13 51 147 744 756 813 952 1092
39a35d9b3433046b,147 420 784 813 1059
39a91d661647adc9,304 420 813 1061
39add309eefc3fc8,51 147 671 1059
39b76f71d2b08b29,194 1059 1099
39bc4d0d6056dc85,13 14 552 671 780
39c5418da31f1cb,147 189 813 1092
39ca5d35a58c3002,58 121 369 813 840 872 896
39cc616ed2ee84a9,13 483 771 776 830 923 1046
39cd948980b19ccd,194 813 1092
39eff63840f61c4c,70 111 147 189 259 492 538 541 616 742 813 1092
39f02ad26d90e194,156 180 189 369 750 1099
39f2e0d72cb58617,13 813 896
39f6fee590e8210b,188 335 477 612 671 780
39fb0b18807af500,51 147 189 744 813 896 903 1092
3a09a3321b80a1fb,156 259 541 542 813 993 1020 1092
3a0c8424be639095,79 194 420 477 624 813 1046 1059
3a0cc046ea10534c,978
3a0e741a546660c2,147 485 698 813 916 1092
3a13be2e9eb2f807,13 698 896 1092
3a1b1feb29b57a57,179 184 313 369 586 833 884 1039
3a2b0f71dbc5ed40,13 147 744 813 896
3a2b4b3625a7765e,369 587 1020 1059
3a2df01061f4164e,194 477 671 744 780 886 1046 1099
3a3abc787d73a5b2,51 147 194 283 490 671 780 1059 1098
3a426e37506a8ad2,99 663 813 961 1092
3a479474260dbe64,51 147 552 671 780
3a4c7c9485ef67dc,492 538 654 698 813 916 1092 1093
3a5f9f22ea094e1b,121 415 597 872
3a6c7ead75cc1290,51 147 188 335 477 597 671 780 1059
3a822bf362c4f5b3,156 189 436 720
3a8b194b2411f747,13 14 51 147 675 978
3a8ff901317e0404,147 597
3a91e2d6455e7e6,131 147 189 552 671 768 780 1034
3aaa15eb3d493704,147 156 189 259 418 541 542 744 813 835 896 949 1092
3ab35c0d9713d8a2,189 194 671 780 1034 1035
3ab5644e99e65394,23 33 99 420 703 734 738 813 835 962 1092
3aba971a66afaf27,676 737 776 813 866 924 1046
3ac0325c2b8ab134,147 369 433 517 718 813
3acc1011dc26b9bb,13 147 189 552 555 749
3ad9da393b74f39c,13 480 813
3adbe8d4bdf24aea,51 111 156 227 369 420 477 671 737 738 813 1046 1059 1092
3aeb7df6053df4e2,147 189 813 835 903
3afed6e7e0a03646,156 189 369 378 768 1034
3b0e07371c42692c,147 189 813 896
3b1338dd36c59bbb,45 111 189 420 480 483 573 616 737 738 776 813 1046
3b19e6fe30d50711,188 189 485 813 1092 1099
3b1e8d5c5aa11e08,147 189 420 477 813 835
3b25f9ef2e77cfe8,156 259 541 813 993 1020 1046 1092
3b2c7f6535ec3b73,13 147 552 671 716 780
3b3b54c23e20df39,161 304 464 872
3b3bb7a76685d164,51 79 147 156 813 1059 1092
3b4040ac69569d8d,147 322 612 671 682 780 929
3b4c6a340c81c917,147 156 485 541 542 813 949 1092
3b5132ae9fb80f85,13 445 813 896
3b527f59a00bf6b1,51 111 147 738 813 1046 1092
3b60bfa8ea1189b4,147 156 369 477 612 813 954 1046 1092
3b665234ea61b3aa,813 896
3b776c1ece2a5be,133 147 156 189 418 541 796 813 949 1072 1092
3b7c5e1890c589ab,51 524 744 813 952 1092
3b8104332759207e,194 616 738 813 844
3b89ce331e0e9083,13 14 51 147 675
3b8b7c7414c16cdf,194 477 489 671 780 1059
3b9124f3def1ddb2,79 461 576 639
3b9393d179028027,813 896 1092
3ba110fd0a13f481,51 156 227 477 671 813 961 1092
3ba26ad76df190e2,79 738 813 1059 1092
3ba8d471d8ddb582,13 147 156 430 434 480 483 501 545 737 738 813 1046 1092
3baad7c00d5e4581,79 121
3bb61ae1ca1aba8,147 189 671 780 1034
3bbdb9d2ea2d3b0e,147 189 335 418 541 542 543 796 813 940 949 1072 1092
3bc5c3a840b17d93,51 156 554 813 835 1092
3be529509705b509,369 738 813 1059
3bf4ba3b53bf2ea2,51 147 585
3c02369419aeb890,184 493 754 922
3c0829e6def52436,147 554 579 744 813 896
3c12d28d0a801621,51 147 420 480 483 616 738 813 1046
3c1a2113a9ab3829,51 111 147 189 718 813 896 1092
3c20c33608d32cd0,111 147 813
3c27dc1266692910,156 189 259 541 579 813 896 949 1020 1092
3c3ed1554556a536,99 161 813 961 1059
3c4062b6509f503d,13 111 147 480 483 494 501 737 738 813 1046
3c4e228c7b5e91a,480 483 494 501 737 738 776 813 830 923 1046
3c4fa5810382286b,51 147 813 1092
3c50e57fa9a7fa1f,51 147 615 1022
3c65b75cae652a5a,51 147 532 671 780
3c7c4162a7bd7b6d,147 433 671 780
3c87d386ab5839dc,194 404 744 813 916 1092 1099
3c89f5833f90f30a,156 189 485 744 1099
3c91c6cd581c8ba9,188 489 612
3c9d0908a3d1ae7,121 724 813 961 1092
3ca2a1778210d406,13 51 147 506 671 780
3ca568ddc06fd1c3,147 189 480 483 733 734 738 813
3cbb291693ff4ede,121 161 1059
3cce300836fa948e,51 70 111 147 420 483 676 738 776 813 830 923 971 973 1046 1092
3cd12f2a39fcbed2,79 194 487 1059 1062
3ce242a1a6165736,51 147 584 813 835 1058 1062
3cfb7445f3e10618,147 189 477 597 671 780 835 858 1035
3cfcf0178ea5338b,111 147 189 420 477 538 616 655 671 813 833 835 1046 1092
3d0dea8cc5b7599c,147 671 780 1034
3d0e02fa63d15711,813 896 1092
3d1010d16959cb5c,121 464
3d147da9086b0bf0,147 194 477 668 671 780
3d1e6894d335ed0b,13 813 896
3d21e04852d123cb,194 477 485 671 737 738 744 813 890 1046 1092 1099
3d21e5ad7fdbb71,194 477 506 671 780 886
3d270f659ded29b7,79 420 1059
3d34bb2fed899bab,813 896
3d41c331582f8a42,147 189 335 552 671 768 780
3d47a3a6ba264c5b,194 1098
3d5667fc18e7db07,131 147 189 541 796 813 896 949 1072 1092
3d66809fc62b5e25,156 813 961 1092
3d683b263dd5a1a9,194 833 1059
3d6c306cbd1037e9,96 162 188 189 335 369 420 477 518 597 639 671 738 780 786 835 1034 1035 1059
3d7edb557a93467,111 147 189 259 420 480 483 494 573 725 737 738 776 813 923 973 1046 1068 1088
3d96168856980919,304 774
3d9a3709a663a962,79 1062
3d9ceafd8fc1e706,121 369
3da0a648f157e842,13 813 896 1092
3db06e94374c67e,480 483 813 975
3db17cd34d490fdb,51 744 813 952 1020 1092
3db3d65a6b241e1f,239 754 872
3db3e9ae43a52a91,156 175 420 465 671 738 744 780 813 903 1092
3dbb74081e1dcb2,13 51 147 639 950
3dbbc4193b992934,51 188 189 597
3ddf6e74d1326e6c,184 738 1092
3de56752865fbd5b,51 111 147 156 189 420 477 538 551 554 616 650 663 738 800 813 833 835 1092
3df4d9358db9c4d,156 259 418 541 542 813 835 993 1020 1084 1092
3dfd17015aeb0e27,45 111 147 480 483 501 737 738 813 975
3e0afc23709e20d0,147 189 663 713 800 1092
3e0e175276cc2766,121 182 922
3e1681aa9b9708b3,188 189 335 420 477 647 671 780 1059 1062
3e16b77e4a86fbd3,650 718 813 1092
3e1bdfd302a812a8,13 51 147 552 780
3e29d330d207aef1,184 313 586 819 884 1039
3e2a6659140da9cf,51 111 147 189 573 616 733 734 738 776 813 971 973 1046 1092
3e49730291129a2f,147 189 418 553 583 663 813 835 1092
3e4c82fd272d6bdc,29 51 79 156 188 189 487 671 780 1059 1062
3e4e19ae8a5a5d8d,147 189 663 1092
3e4e33f5df81601f,13 147 663 813 896 1092
3e56fc9576528f82,194 404 744 813 1092 1099
3e608ba2671009ba,369 477 671 726 738 813
3e61433007da1f73,13 693 733 734 813 896
3e6a849fd62ffccb,51 147 322 369 477 501 554 612 671 737 738 1046
3e6d6c57332d4e1a,125 304 495 922
3e7f63637230a1ef,188 189 369 552 671 780 1034 1035
3e8d500938ee4b2d,13 14 1056
3ea4ae290e601294,51 131 147 156 418 426 541 542 543 731 753 778 796 813 940 949 1072 1092
3ea6a5331b248f22,194 485 671 744 890 1099
3eac1e5d8bcadc7e,147 156 369 477 489 554 584 612 671 733 738 813 954 1046 1092
3eba5ee82c805d79,147 189 520 597 835 858
3ebeb6c4af991d77,79 487 738 813 1059 1062 1092
3ec49e6fd4926672,121 304 369 464
3eca7282ffe24b63,239 650 718 754 809 872
3ece40b725448911,155 189 378 768
3eda22b17b70a2af,13 51 147 626
3ef4d5a66ddc9ebc,147 597 1035
3ef9615fc69c5856,147 189 583 663 671 780 800 835 953 1064
3f0374fb1edd7fe1,194 584 671 744 1059 1099
3f0613a4c8f0baf3,147 189 418 541 542 738 813 835 949 993 1072 1092
3f113ea865458c00,147 189 552 555 626 671 780 925 1065
3f1487fcddf27f5e,194 492 698 744 813 821 833 1092 1099
3f16c01bf7ec4126,121 684 703 704 724
3f16f73aeb6c3d4e,194 404 744 813 1020 1059 1092 1099
3f33a420479dbaef,189 369 1034
3f36053f170bdc1b,147 156 189 418 541 542 554 744 813 835 949 1092
3f3b258991638ed2,194 738 813 844 1092
3f45abbd93a74eaa,79 477 480 483 725 737 738 744 776 813 830 923 1046 1099
3f4ba23154c40e65,147 189 369 671 780 1034
3f61a0d56206d3d0,147 189 259 418 426 541 542 543 579 753 813 940 948 949 1072 1092
3f630d195976f4ad,147 189 418 813 1092
3f68eb5b1c904b2,313 420 813 962
3f6d0005be94eaf6,434 931 1032 1038
3f854a48c344fed4,33 582 1023
3f8f1d28a053106f,99 121 369 754 766 1039 1059
3f978c5d8498fb52,369 477 671 813 1019
3f9ae95154eba7b0,188 428 597 671
3f9e02aaf2e8a53a,147 189 538 663 800 813 835 1092
3fa9e4ff9c178d57,45 111 147 189 716 813 896 903
3fba35d85a701845,13 776 1046
3fbb6310a4acdb6f,434 501 737 1046
3fcfb013c8ece9c5,188 558 744 813 903
3fd679085118e90d,369 587 766 1059
3fe0ad7f53b3b55d,111 147 189 259 480 483 494 501 737 738 776 813 830 1046
3fe44775c41c7cb1,13 51 147 626
3feb36399b44863,79 477 489 612 624 671 780
3fef8bcb3bb1bcfb,147 189 418 744 813 903 1092
3ff3647037e62186,51 111 147 420 477 639 671 738 744 780 813 950 1034 1046 1092
3ff556a01a765e62,147 189 369 541 579 581
3ff6283e094a970c,135 369 554 612
3fff41f98a0aa078,121 304 489 1059
40000e295a7462f6,51 147 585
400b8d259da8e4b1,147 532 671
401662f7af33f126,147 189 477 597 671 780 835 1034
40177a5670e9e5f,13 615 813 896
401d3ed20a3d7e0d,194 404 655 738 744 813 1092 1099
402375eaa7ef6ae2,13 14 147 552 671 780
4027c369dec6274b,51 147 156 492 538 583 663 813 835 1092
4028ecee35dae992,51 616 744 813 952 1092
40297ba0409feff5,121 438 464 1039
402e47d8128d0c78,147 189 541 542 813 949 1072 1092
4034c2005112ec16,51 147 156 283 322 477 612 671 682 780 929 1059
403b6de1cd04369,51 147 156 189 283 420 477 508 671 738 780 813 835 1059 1092
404cd7f91f65b3ff,477 485 671 744 780 890 1099
404df34045568b0b,13 70 538 698 742 813 829 1092
4053904a3adb8ea,79 121 703 704 738 813 961 1092
405859f848962487,121 671 813 1059 1092
4062718e2676d441,13 147 501 737
4063f409089862de,79 539 615 744 890 1097 1099
40666cb6a9d44b15,147
4066d54a0579d17f,121 161 304 724 744 922 955 962
40747819be96fae5,121 415 420 961
407f53d374b32c6a,121 433
4081d2cee05b5b2d,580 747 813 993 1092
408d93243ea97dbe,51 147 189 477 597 650 671 691 780 813 835 858 1092
409d5bcd7822c00b,127 147 369 616 655 671 813 1046 1092
40c29de642245b08,51 147 156 477 554 612 671 746 813 1092
40ca50fecddfaf46,813 903 1092
40cba9ac254d193b,79 369 1059
40e6bedf0da5bd84,147 189 335 552 671 768 780 1035 1059
40e75ef7da83df6d,156 189 1084
40eb0d155a75f97b,147 189 541 813 993 1092
4101a836b75a1f36,147 283 744 811 813 903 1092
41084036821730a9,13 477
410e66e7cb0973cf,51 147 189 541 542 813 949 1072 1092
411b2d018cb79d2d,194 809 813 844
4124333115c52588,13 813 896
4129fcd671730a85,79 485 539 744 803 890 960 1097 1099
4131e0efa6d35c22,51 147
4135cb378fd2fc85,99 813 823 1092 1096
41373de0fb1a9148,51 147 813 1092
413a248421d2438d,111 189 718 813 896 903 1092
413c6a0572f58a04,79 194 671 780 1059 1062
413da72a810209b0,147
413e8209a64c4fa3,147 189 538 541 542 595 731 742 753 813 1072 1092
4144034a582f6787,161 584 780 1059
414cdb756e304ddc,121 464 589 682 872 922
415dee1569d33432,156 541 542 813 993 1072 1092
415e7c79345ac225,131 147 189 418 541 663 733 734 800 813 835 993 1092
415fc0bc4464d74a,111 147 420 477 744 780 813 835 1046 1092
4167690a8bb5036c,13 663 698 1092
4169b26cacb4824e,79 194 487 1059 1062
417006483adddb39,51 147 189 744 813 896 903 1092
41721155f2bb6ede,147 189 378 671 780
417592ef50b0dd52,13 776 1046
4181babbedd6b73,51 156 188 189 335 671 780 1059
4186b6e5b51ca561,35 962
418aec967cc925a7,51 147 156 212 283 554 584 746 813 1059
419156e5a3c0de61,121 147 189 335
4196b093465dbafd,189 420 598 616 733 734 739 784 813
4196c3fa8d760fa3,147 813 896 1092
419dc6c86d6f7738,13 51 813 896 1092
41a300284d8a94ea,51 147 492 665 813 896 993 1020 1092
41a97775b6b62937,131 189 378 671 768 780 1034
41c73e7ea79fdb80,51 147 492 538 698 742 796 813 829 896 1092
41d67c4298a21249,239 813
41d9b7e4525f4093,13 747 813 1092 1093
41ddee2ca04bd4c9,369 1039 1059
41de822eb7f79537,156 161 194 584 1059
41e5e9f011d2c4af,147 189 420 477 480 483 612 616 663 813 835 1046 1092 1093
420a8949ac718c2e,369
4213d493f96681b,23 99 161 304 433 738 813 1092
4221354a20e3d0b0,79 147 833 1039
422f9ec92a1e4c8e,51 111 430 501 545 616 733 734 738 813 1092
423ed931b398f3ff,51 147 744 813 1092
4240e15a1730afc1,194 671 780 1098
4252dcaab764355c,147 283 532 671 780
42572711fd46aaf0,51 111 147 189 501 580 616 747 813 1092
425d0795ccd48b31,147 477 671 780 813 1046
425fc5d36b3d046f,231 1039
42650dd09a933315,188 428 803 813 1099
426dc7076fa942f7,188 189 335 369 1034
427a4a92ae64124f,147 369 477 639 671 738 780 813 835 1034 1035 1046 1092
427cc4f6ca673099,541 542 753 813 949 1072 1092
4284ba9ffb38ebf1,51 147 188 189 671 780 1034 1035
42873d8b40d02d04,156
428d43852b5943ba,13 813 896 903 1092
429846d3d555e2e5,51 147 156 189 671 780 835 858 1059
429b1a18ecf5d23,369 813
429f35ea6f62a552,147 156 477 485 671 780
42a2f62b84575ec2,156 189 259 541 542 753 813 993 1012 1072 1092
42a9bfdec0c79ace,180 750 1099
42b0e8a752b2c486,25 161 813 1059 1092
42b4f8666f85b961,700
42c18c71e7a6edb3,29 147 156 227 383 477 671 780 813 1046 1059 1092
42d050ec90f542b9,26 51 147 156 477 554 650 671 738 813 835
42d453e173a9a03,51 156 273 283 477 554 584 744 746 813 903 1059 1092
42de5fa225b1d39,13 147 156 813 1092
42e40706efedb5d,147 283 532 671 780
42ef7d65e88d209a,194 404 655 744 813 1020 1092 1099
42f386b3cb8bc6ac,147 189 434 520 597 603 835 858
42f40f701697a489,79 121 194 744 1099
42f95f514ace32ac,369 754
42fbd1e71a127b4c,121 724 813
430b932980a5c8cc,147 189 477 552 671 780 907 1059
430ccf1a3a704322,335 813 1092
431b392d302471f2,51 147 477 532 671 780 813 1092
431f6a6ed5e5582f,13 51 111 147 480 483 738 776 813
4322610318113ba4,147 189 369 1039 1059
4326a5a8a31cdaac,194 744 813 1092
432b71c3098be4c6,13 405 896 1092
432d8db4ff17545,13 14 552 1056
4341571e12b89865,698 813 896 1092
43427dbd2b46ff17,13 147 501 737 738 813 1009 1046
43453e81ab368cf6,111 156 189 259 541 742 796 813 896 916 1092
4347db6342af6b8f,51 111 156 420 477 639 671 737 738 744 780 813 835 950 1046 1092
4352167d5975ff99,179 287 369 586 766 884 1039
4356855f618732db,51 70 147 538 742 813 835 1092
435e900b6e9678aa,23 433 517
436386c80372a6e,189 259 813 1092
436456dc32e8e93d,121 464 840
436839316ef16e0,147 156 189 488 665 733 813 993 1020 1084
43687e4711827675,147 189 718 813 903 1092
4369ecfa0b91f0cf,121 369 1059
4374a554ca01f39a,121 498 650 718 809 813
439203b423f9f100,184 202 584 1059 1062
439e636ab05a5460,156 369 1059
43aa919c7469c61e,111 147 189 335 420 477 554 597 639 671 733 738 744 780 813 835 1034 1035 1092
43ae593a063e1af0,121 433
43b201dab12fbc84,121 369 563 566 615 1099
43b48ea838bf7b80,51 111 147 156 307 339 420 477 492 538 612 616 671 738 813 835 1046 1092
43b550aed131af57,51 111 147 259 480 483 494 501 737 738 776 813 1046
43bb724f57478525,147 189 418 434 517 554 559 813 835 1092
43c0f6de83722d05,483 776 813 830 992 1046 1081
43c1a6517a4c04f2,13 51 147 554 733 744 746 764 813 835 903 1092
43cc2e502e55abaa,13 147 189 813 896
43cdd4e481cfbbd9,111 147 156 420 477 616 671 733 738 780 813 835 1046 1092
43d3584c77ae7ee0,79 492 813 961 1092
43d55f04571b6312,79 1034
43d6fe87cd5a12b2,147 552
43d89061be2a68fc,698 813 896 1092
43e2bd0b22eeee1c,13 111 147 480 483 494 669 738 776 813 923 963 975
43ec0c8d4a15f70a,156 189 259 541 542 733 764 813 993 1020 1084 1092
43f6b62e9980d772,147 189 418 541 542 616 753 813 949 1046 1072 1092
43fcfe0e1def7d4a,147 156 189 369 378 1084
4407837e6e5926f0,121 415 464 872
4410fa8a1eeec62d,188 189 369 1034
441cdc1ace24ceb6,147 335 597 671 780 1059
441ea71bfbbc8e48,665 733 734 813 993 1020
44364c2245e9cf28,194 480 483 494 725 737 738 744 776 813 830 1046 1099
44375eae0f5c2320,13 147 716
446ec1f38a65b3f4,13 147 744 813 896 1092
4481babf808c704e,813 896 1092
448f2a7f1e8f57be,51 156 189 485 603 607 671
44971e5351b9addb,813 896 1092
4498188bd82c9883,369
449e22a0e3fbf9d6,51 156 227 339 477 671 780 961
449fac3528c73496,79 194 369 1059
44a3e0f42c165344,13 813 896
44b0aaf51ca23c1d,239 369
44b15a73d9143b44,13 51 147 552 671 780
44b62a3598ce77ec,51 156 175 212 420 477 554 556 616 647 671 738 744 746 758 780 784 813 835 903 1059 1092
44bc53d71a1a737,194 477 492 671 744 780 813 886 1046 1059 1092 1099
44be188c8757026c,304 634 813
44c51249271ff573,79 121 420 681 1039
44ca85ceea76a568,79 1039
44cd5bcac4ac442f,29 51 156 227 369 383 393 420 477 554 612 671 733 738 813 954 1046 1092
44cd7f75442c8be6,114 217 236 257 357 1061
44cebde305d893bc,51 147 671 780 1034
44ed7ce56a40d02c,162 188 189 369 552 671 1034 1035
44ee12539b83991c,55 131 147 189 552 671 768 780
44fa3a79f3a71429,121 1039 1059
451b74c8c8bb966b,13 665 733 734 755 813 903
4521de3a7bea4deb,79
45273007b6f64494,99 304 884 1039
4528f68b0a12ab5d,147 156 231 570 813 983 1092
4532d6b657e87387,51 147 477 671 744 780 813 1046 1092
45449433236fe1a3,99 121 433 1059
454bfca774cfd38e,51 70 111 147 483 725 738 776 813 830 1046
4552399bce127a7d,13 189 405 896 1092
455263bfaaf3e85f,79 194 487 671 780 1059 1062
4553f059c3d3703c,13 1092
456e78d32bdc3e28,13 552
4577d63e7ad49f52,121 194 420 734 738 744 813 1046 1092 1099
45807dbacd9267c5,147 156 189 418 541 542 543 753 796 813 940 949 1072 1092
459235e404a3c765,51 147 212 489 554 584 612 744 746
45a0056ddca86eb8,51 147 420 595 616 663 784 813 835 1092
45a1cd97c666e04a,420 477 962
45a5014961755079,147 813 903 1092
45a85046c69434cf,180 182 498 728
45b1b6edbaca766c,147 189 409 418 541 542 543 559 579 595 738 753 813 940 949 1072 1092
45b9301f7025e8e,45 111 147 189 718 813 896 903
45c220decbb86147,51 79 111 156 189 369 487 671 813
45cd9f7c82904fed,29 51 76 79 105 111 147 156 189 369 383 477 487 506 554 671 780 813 835 1059 1062
45d3c30d931ef5f5,51 147 369 477 639 671 780 813 1034 1035 1092
45d40bc0df018da8,79 147 194
45deaccf7a3996f3,111 480 483 738 813 963 975
45dfe267a9100393,79 194 477 624 671 780 925
45e142d0af745c58,180 182 482 497 498 728 1073
45e37bd1a4542ca6,13 420 477
45ef799734847d87,615 813 896
45f56630d79cd0ac,79 624 671 780 925
4603cd70f968e109,70 147 189 538 583 671 682 780 813 835 1092
460e3bee2017b965,420 734 737 738 813 931 1046 1092
4616f6fd2dcd78c0,13 51 147 552 555 626
4617caf200a63950,51 147 156 418 420 477 554 650 663 738 800 813 835 858 1092
461b0cb5559287c5,147 156 369 612 738 813 1046 1059 1092
461e8314342b4dad,51 189 558 744 813 903
4620d6ecb192fbfa,156 188 465 1059
462b861a978d7d5f,121 369 552 840
46311090cd5f37ee,9 33 99 420 477 738 813 835 962
463a63359d379d91,194 483 737 738 776 813 923 1046 1092
46409a96687b6489,480 483 494 501 519 670 733 734 737 738 813 975 993 1033 1046
464124a1d2e6c462,13 51 147 189 194 552 671 780 1035
46437d62316eea47,13 813 896
46458468688909d4,121 188 189 671 1034
46573827fcf2b5ad,79 121 194 1059 1062
465b5a70c6a457f3,1039 1059
4665379f9a0ca7cc,13 111 147 189 698 742 813 896 1092
4668c406e7f3999,147 156 189 283 418 420 813 1059 1092
466ce79a80a11fee,147 156 189 436 720
466e527c05dd75aa,369 1034
466f7e3825d99a1,51 147 156 227 420 477 538 616 671 738 813 1046 1059 1092
4670eb39934a212f,79 147 671 780 1034
4671f1a12675145b,121 724 955 962
467401c24abdda58,111 147 813 896 903 1092
4680973b89bd5b09,231 813
4685b6df476fc799,79 420 477 754 835 872
46860ebb3effcaec,65 147 433 517
46964eeb5086f08f,51 147 283 532 604 671 1022
4696512da52b6314,147 156 189
46999f9f4e9423a1,79 194 477 624 671 780 874 1059 1062
46b2a039c268c797,313 962
46b2f90decbf06fc,188 733 734 764 803 813 898 1092 1099
46bc6f0033891476,369 587 766 1059
46c4c55977e0e19a,147 597 813
46c518a84474c2d2,79 121 125 192 304 495 1039
46c6cb13802fd31e,79 194 671 1059
46c9c04780906dea,13 51 147 663 1092
46cd25eb5b37008b,51 147 156 420 477 554 616 663 813 835 1092
46d35ee48a9dd1e2,156 189 436
46daf083df466223,369 813 1059
46f494d49a68f310,99 161 304 718 813 1092 1096
46f5d6d0ef34adbd,51 111 147 492 524 538 610 616 627 674 698 742 747 813 1092 1097
46f87bc05156a240,282 369 489 1059
4701d6702b8b5aa2,922 1059
4703e6c8d4a88f2e,304 369 464
4711d1085af4f21e,51 147 189 251 420 477 616 733 738 813 835 1034 1046 1092
47132e9af71f9b0e,813 993 1092
47159f46a143977e,450 813
471956a5b1ecc36d,147 189 194 1034
47207e233d32dfa2,156 418 541 542 579 813 835 949 1072 1092
4732df753409c95e,51 147 744 813 952 1092
4749573b0311616e,33 369 582 1023
47628119421cf7c5,147 189 650 718 813 835
476c3bed3700bea2,147 335 813 1092
476cf7ac57935984,51 147 189 430 434 559 615 621 622 666 747 813 871 1089
47756c8c68b5db80,121 961 1039
47795594707db532,147 156 189 1084
477c494bc14d6c36,121 766 819 1039 1059
478011ac05258511,121 415
4787bf047d6d45c4,156 189 369 665 1084
478896de8bf5be6e,51 147 212 283 515 586
4788c900d179e640,13 698 813 896 1092
4790e66178d7d55,194 492 671 698 744 813 1046 1092
47952fad32fbbfac,121 464 493 634 754 922
4795c252985e86e4,111 189 420 616 734 784 813 971
479adeef1472d69c,51 76 147 156 339 568 626 671 780 813 961 1092
47a62e70c0eb493f,188 487 758 1059
47a68a196bde9522,51 156 175 212 477 554 671 738 744 746 780 813 1059
47a6a0f586bc4e2,121 156 189 813 961
47b00b7fc779b821,51 147 189 434
47b1215ee4157708,51 147 188 477 518 671 780 1034 1035
47b619fb301fd801,147 156 189 335 477 612 671 780 813 835 1092
47d3966227d197b3,51 76 156 189 212 227 339 813 961 1092
47dba759250d28ad,51 147 716 813 896 1020 1092
47dbca2960548b96,304 487
47eb67863601d2fa,156 189 369 477 768 1034
480a567deb29c9a,79 487 813
480d2a1efc9ea117,188 462 733 734 813 890 1092 1099
481dd3d1d9cdc1d6,147 189 259 583 663 800 813 835 1092
4821dd9b11311d88,51 147 813 1092
4823826def2ea899,147 156 189 744 813 903 1092
482ac9519f6ad943,35 962
482bcf86469baaff,121 415 487
482c27d1640a19d,121 724 744 955 962
4849d5fb1c6fcaab,9 23 33 99 122 420 477 703 738 744 813 835 962 1092
484ec3e356398ab3,147 156 369 552 671 780 907
4850d89e6881a761,51 79 147 156 307 369 477 612 671 780 954
48689eb10d2ad23c,121 1059 1062
486f6a4a2d892317,51 147 189 434 615
487d492163559c45,13 147 189 552
487e86cecaf2b8c9,13 41 51 131 147 552 671 768 780
487e8beea4bb4943,161 304 423 425 511 642 663 706 707 721 800 813 903 955 1092
4885ca6ac4ad695e,369 1039
488c795384bd516c,194 485 744 813 890 1092 1099
4895281cda44d636,79 489 584 612
48a33ab6e5864b5f,359 482 497 498
48b121e64561d0c4,304 487 758 1059 1062
48b75bde4105cc7a,131 189 671 768 1034
48b76c67387ceae,51 111 156 369 420 477 639 671 738 744 813 835 950 1034 1035 1046 1059 1092
48b7a8644e2a2188,147 156 189 418 477 541 583 663 813 835 949 1046 1064 1092
48bbdd3f9f1133f3,121 1059
48c957120ee1cac9,99 147 161 304 433 713 718 784 813
48d0368a32ed086e,156 189 369 436 587 1059
48d7cbc5ec807f,189 434 813 1046
48df735a654fde66,13 121 432 724 813
48e2ac82246a7da,13 477
48e4c5661ede1a1c,29 42 51 147 156 227 283 322 387 477 584 671 780 813 954 1046 1059 1092
48e50bd5e4cd88db,156 189 489 584 628
48e764d02f76f03f,13 671 698 896 1092
48eb3fa29d8bbd95,182 497 498
490c5e5999e48bd7,147 322 612 671 682 780 929
49140e33b71a185f,147 189 718 813 835 1092
4918c94826e32a3c,156 189 420 477 612 624 813 835 1092
49254122cf7c13e,111 131 156 189 335 418 477 738 744 813 1092
492daee4856c5067,147 189 520 597 603 835 858
492eb2dea2e02e9,147 552 671 768 780
493710773d8e5232,13 1056
493a60e03ec53092,111 189 420 813
493eb759ea91da20,615 813 896
4942d1e3ce820850,33 99 420 477 738 835 962
4958c9665d14b30,70 111 131 147 189 541 813 949 993 1092
49632964514a675a,13 147 552 671 768 780
49674f1de603937c,156 189 259 418 426 541 542 543 641 731 742 753 796 808 813 932 934 940 942 949 1072 1092
496a50c38f185d1a,13 178 626 661
4979e7d7c165ba8a,156 189 259 554 744 813 835 903 1092
497b7233e8e71f00,29 51 147 156 227 369 383 393 420 477 480 483 501 540 584 616 671 733 737 738 776 813 954 1046 1092
499e56d5adff5c2a,51 147 783
49a680de778f9925,13 147 552 671 768 780
49be9b9e69c1a9f8,111 156 420 676 738 776 813 1046 1092
49c089e1c7aa7c0a,13 51 147 156 813
49cc210fbf15e4a9,25 161 813 1059 1092
49cc97cdce29503f,13 51 147 813 896 952 1092
49d456582683b1d2,121
49df4338e980454d,13 698 813 1092
49f0567ddd8882b4,147 156 477 485 671 744 780 813 1092
49f16c59e24b367d,13 111 156 420 598 616 734
4a04c403dea8c7e,156 189 234 436 720
4a154b111fce3e9a,121 433 520 724 813
4a18efb80faad4ba,41 51 131 147 189 552 671 768 780
4a1d32abb60d7800,121 718 813 896
4a212caea17b9a66,147 538 616 655 671 813 835 1046 1092
4a2d11068c45e39b,51 111 147 189 538 616 813 1092
4a2dba44bbbe7d9a,79 194 1059
4a37bb7044142a6,147 597
4a43aaacaf871c79,13 147 501 737 738 813 1046 1092
4a49b0082b528b2c,121 962 1059
4a596f466a492de3,147 335 813 1092
4a5c8f1d11c4824d,51 147 744 813 903 1092
4a6244fede1e6358,51 156 369 1039
4a657a737a64899f,51 147 212 458 554 612 671 780 1045
4a725b700d3ecea2,99 121 489
4a803ae5e27e587f,147 671 780
4a819b5c25a6c372,79 194 498 813
4a8765dac6446f14,147 189 283 477 671 738 813 1059 1092
4a925c108f9220a2,239 477 487 738 813 835
4a982329f42cc62a,147 671 780 1059
4a986b4582632b7d,239 1039
4aa40a2eede4c4ed,147 189 413 430 434 554 559 579 738 744 813 825 835 871 1038 1092
4ab76a391a94c45d,79 194 487 1059 1062
4ae639c03a9fb942,51 70 147 189 492 538 742 813 1092
4ae94b1fa0184e8a,189 335 597 639 671 768 780 1034 1035
4aeb479bfa93785a,369 587 726 766 1059
4aeb616ff762e8ce,354 369 493 754
4af680a20829c645,45 111 147 156 813 903 1092
4b0c641edf661690,147 369
4b0ead0d4fd30f9b,184 249 489
4b16c3844da21dfe,99 121 304 489 1059
4b1bed0e745ab4fa,188 369 647 758 1059
4b206ab669973b45,487 758 813 1059 1092
4b227bc905e987,51 147 156 420 477 639 671 744 780 813 835 1059 1092
4b292ebb91d94e9,51
4b4b3a86fd8878bf,369 1059
4b56873b23ae678a,25 161 444 707 734 800 813 835 953 974 1059 1062 1092
4b66be17cefca54c,156 477 639 744 950 1099
4b6a7d8ef5309138,121 433
4b7912246b5d5f7d,51 156 584 758 1059
4b7ea6c955dc85a4,147 189 420 492 538 616 784 813 1092
4b8278f3840bfe81,147 283 532 671 780
4b89698d6b084dc5,156 189 259 541 542 663 813 835 1092
4b89ad4fd70a8a42,13 51 147 552 671 768 780
4ba3478784079471,188 784 803 813 1092 1099
4bac6cc754a2d55f,51 147 532 671
4baf88d75af95ad7,156 189 259 418 541 542 579 813 835 1072 1092
4bb51b9b5e7ad212,79 490 1059
4bb5be3ee7b8c384,45 156 465 554 584 744
4bc637a8c452e942,13 552
4bd1173c47013dc3,369
4bd2e297f57e15d3,79 194 1059
4bd48a579a96dcab,13 813 896 1092
4bd5d40a5a7201f9,35 313 420 962
4bdc669de88f5896,70 147 189 813 949 1092
4be1618ea7642679,147 189 420 663 800 813 949 1092
4be479090b7fb849,738 813 961 1092
4be653ef49d69b23,29 51 147 156 227 383 465 477 584 671 738 780 813 1046 1059 1092
4bf4f6bb6a14c8a0,188 428 813 1099
4bf80f70198c86a5,79 147 480 501 737 738 776 813 1046 1092
4c14b58408363352,13 51 147 552 626 671 780 925
4c17685791519302,194 950 1034
4c19c84ef5ccd8bb,51 147 156 189 663 744 800 813 835 903 1092
4c1ffd07dbb83c79,194 809 813 844
4c24c56fe2245460,184 369 438 587 819 884 1039
4c2c145699523767,147 744 813 896 903
4c4c4b5f802c3c9c,79 304 487 1062
4c4caa2699e67db5,156 194 538 541 616 742 813 844 988 1092
4c583b33454c37c4,147 156 189 813 835 993 1092
4c5ce8c53911719f,131 147 156 189 332 418 541 542 543 579 581 744 753 796 813 940 949 1072 1092
4c61290ef59672ef,231 813 983 1092
4c68c7c9885b8dab,51 147
4c73e356f0bec579,35 184 285 313 438 884
4c7e16e6c36521ea,189 597
4c9267cb6a976b34,289 369 587 766 1059 1084
4c92a9bbd060cfd6,29 51 156 227 383 489 584 813 954 1092
4c9389713cfc93c7,33 256 582 744 1023 1099
4c9b0f7e75a40b0b,51 147 189 462 580 733 738 776 813 993 1092
4c9be6dd0158457f,188
4ca973b7af1ffc47,184 313
4cac621f79510c75,79 194
4cb11caaa0838b65,51 147 212 586 744
4cc234753f85cacd,51 212 554 584 671 744 746 813 1030
4cd3548f145809ca,121 1039
4cd3705cf9f59484,13 405 896 1092
4cd514651db3a5a2,79 420 738 813 1034 1092
4cdf3ad981328860,51 492 538 616 742 813 952 1092
4ce6336332ab2f6,147 813
4ce992a69c84e644,194 477 738 744 813 886 1046 1059 1092 1099
4cf9724cb5b6ad83,13 698 813 896 1092
4d017940f03386f4,369 1039 1059
4d0409951d268403,147 189 259 663 744 813 835 1092
4d08075e3f19d18d,13 896 1092
4d0b9042ffa627e1,99 434 1032
4d1d119fb26cdd0,13 813 896 1092
4d2608539008215,188 647
4d2f0fe8a4dd811d,79 194 477 487 671 780 813 1062
4d32ec3ead058486,51 147 251 420 477 616 671 733 734 813 833 1046 1092
4d4fff91072579ce,121 724 955
4d51795fb4fffc95,23 184 285 313 369 487 758 1059
4d5cce6dd83561d8,51 147 156 259 418 744 813 835 1092
4d65d5d118334b40,121 369 615 1099
4d6b9c318ef38012,13 51 111 147 480 483 725 738 776 813 830 923 1046
4d6dbf00464910c9,147 156 227 477 584 612 738 813 954 1046 1092
4d77510412b2e65d,51 55 131 147 671 768 780
4d7e821ba854cfe9,156 189 731 796 940 1072
4d7f589cdba5991a,51 156 418 541 542 813 835 1092
4d80f460862bd1d3,13 147 813 1092
4d969fa97ea30fb4,111 147 189 420 477 784 813 835 908 1092
4da2e8ad74baca89,13 483 725 771 776 830 923 1046
4da6761adf19013,45 147 189 813
4dac42b2acf4f7a5,13 14 147 552 671 716
4db12ca31337d8e8,189 335 489 813
4db24e02633205a,13 51 147 156 671 780
4db530f862615f67,147 189 554 744 764 813 903 1092
4dbaa27386686710,51 147 492 538 616 813 1092
4dc1c1819ec20ae9,477
4dc225d2b53a4edd,188 647 758 1059
4dc9ad9cb10ffb4,156 194 227 477 480 671 737 738 776 813 1046 1059 1092
4dc9d81d0a33887e,79 125 161 813 1059 1092
4dcdf49851322114,147 156 189 477 492 538 616 671 780 813 835 1059 1092
4dced91b8627ddfc,239 718 738 813 961 1092
4dd04c7412aa15a2,51 156 616 747 813 1092 1093
4dd784a866a6c8d,70 147 189 418 541 663 742 813 835 1092
4dd7f0215bc8d7fd,737 738 813 1046
4de2178b58e08284,189 259 541 663 800 813 835 1092
4de275a7cfd97c34,51 147 156
4e1066d85acfa93e,147 189 335 378 477 671 780 786 1034 1035
4e136d27760a6fa8,13 51 147 552 626 671 780
4e1688b57925bc11,156 189 541 542 796 813 940 949 1072 1092
4e18371c2facf708,155 161 189 369 378 768
4e1e6383baf4d18c,182 634 754 922
4e27930782144391,180 750 803 813 1092 1099
4e2836e2a5699e01,121 433 520 724
4e28ccf33a52aec0,51 147 156 188 597 671 780 1035 1059
4e29d76a7ea52572,156 189 259 420 462 477 480 483 738 776 813 835 975 1092
4e2d42c5e89e070c,127 369 1039 1059
4e2e872469d70c0e,51 147 283 477 489 584 671 780 784 813 835 1059 1092
4e3f72d29a9a61bc,75 147 189 283 744 811 813 896 903 1092
4e40e933f67aafb,189 335 671 780 1034
4e42fccb20e5554f,51 147 212 283 490 1059
4e49196abb996cfe,51 616 813 933 952 1092
4e5c91c954c98a29,13 14 51 626 1056
4e5cff1da3e32f82,147 189 335 671 780
4e7c9e0637c80969,813 896 1092
4e7cd189dfe0acf6,188 464
4e88f90bdcb780e,184 313 369 586 884 1039
4e958dd3047791c,13 51 147 813 1092
4e9a47661d19661b,147 189 434 597 671 780
4ea602c0cc66c4d5,147 369 438
4eaa495cc7914072,147 189 418 538 663 742 796 813 835 1092
4ec359df014af647,79 194 671 1034 1035
4ec578c084368860,51 147 189 813 835 1092
4ec98c7a3e7abe68,51 147 156 477 520 650 663 709 813 835 858 1092
4ecc687c90462dad,51 111 147 156 430 501 616 738 747 813 1089 1092
4ed59b2b9f1eb865,45 70 111 147 189 716 718 813 896 903 1092
4ed66988ddbb4482,51 131 147 189 420 462 477 616 733 734 739 744 813 835 993 1046 1059 1092
4ed7dfdd2f96c3b2,111 147 716 813 896
4ee349f4d374fe73,194 1034
4ee9291a7e8993aa,313 420 738 835 962
4eeedf73003a76d5,13 51 147 480 483 553 646 725 738 771 776 813 830 923 964 1046 1092
4ef52c04551854fd,194 480 483 494 725 737 738 776 813 830 992 1046
4ef5547ac3b9edb1,79 304 487
4efb9370eb237ade,99 121 433 713
4efc757827907f89,51 147 156 189 501 580 744 813 993 1092
4f03184621d36fde,79 194 671 780 1062
4f095f7833c3ea2d,13 14 51 127 147 552 626 671
4f0cdc8b07efa5a4,51 79 147 477 506 612 671 780
4f12516c67d85044,369 1039
4f163a18fb7b72f,147 554 744 813 903 1092
4f1787d96314562,369 438 671
4f1ca777a20882bc,51 147 156 369 586 587 1020 1039 1059
4f1ff70e9b751acf,189 663 800 1092
4f20a32a62c13a96,13 477 744 756 1092
4f2d80d55ba00cfc,13 51 147 434 615 1089
4f3508e0880995,121 304 464 597 671
4f41638ec26ecf63,111 189
4f420d68af60762c,116 161 304 487 1059 1062
4f51d81cbea13e02,147 189 813 949 1092
4f60bd37af890851,156 541 813 949 1092
4f64f46b979cece8,121 744 955
4f66d72ca7c182c9,51 147 189 554 744 813 835 1092
4f72ab31a511898d,79 189 304 489 584 1059
4f8dcd5edc770c3d,156 189 259 462 541 542 580 733 734 813 835 993 1012 1020 1084 1092
4f986aace158da97,189 485 541 796 813 949 1072 1092
4f9cc56b1d9b5353,13 14 147 552 671 780 1066
4fa445951b456bdc,13 670
4fba78e8d6253d4c,147 485 744 813 896
4fbdb3dcbc20b331,1039
4fc10e99219ce359,51 147 189 283 671 780 835 1059
4fc20764b82788e3,9 33 99 420 477 703 738 744 813 835 962 1092
4fc4811e124a53d9,369 477 738 813 1019
4fd04e99fcb797b6,111 147 189 698 718 813 896 1092
4fd98ed6182ce09a,45 51 584 628 813
4ffae7789821c028,962
4ffbbc78138d2ccc,147 189 418 542 731 796 940 1072 1092
5003b66c773af13b,99 121 420 477 784 961
5011ce70746530d1,147 189 671 780 1034
501542d12f508ccf,121 161 663 800 961 1092
501765fffca828b2,13 813 896 1092
5018771a6ee3c262,189 369 671
502180e3bbb64124,239 369
50248978248b382d,111 147 189 718 813 903
502e903534ddd7f8,147 189 647 813 835 1059 1062 1092
502f0c54cb2e205f,552 1034 1053
5033eba1781d6819,13 147 896 1092
503d071ac36d4626,13 147
504f61f0bf72dedb,480 483 494 725 737 771 776 830 923 1046 1081
504ffc580b88e85f,161 304 464 634
50522070632077ab,51 156 615 639 744 950 1099
505b62eb65ea3,147 554 744 746 813 896
505cda4c78dc13fc,156 541 542 813 949 1072 1092
506b3e1705750f48,13 51 147 420 676 738 776 813 1046 1092
506c172bd6c17f7a,304 487
506d230a711bf3c9,188 304 758 1059
506f72ca1881fdc5,147 156 189 369 733 734 813 961 993
5070a6d99b49bb2f,369 1039 1059
5071a1ce2c234f7d,79 1059
5074e107e3108789,13 405 813 896 1092
50846542cf4236c7,45 51 111 147 492 538 616 742 813 1092
50886c07f8e2e4c5,156 189 259 541 663 813 835 1092
5089bc3d8307536,369 766 1020 1039 1059 1084
50918f831940dc4f,33 962
509758335ded0c3f,135 369 554 612
509dc33dd0ac6967,147 189 335 477 671 780 1034 1035
509f8f0b0352bd97,13 121 432 724 813
50b09f5e63ba6247,121 1059
50b5294fa97c9d6d,156 188 738 821 1059
50c44699c8f8f9dd,147 189 259 420 616 663 800 813 835 1064 1092
50c5e0ab38a93f83,121 1039
50ca9ad09e0d8f0c,70 189 418 541 542 595 813 835 949 993 1092
50e06cc6b2e09ed9,13 405 896 1092
50e2d1be8770b0ab,13 14 51 147 552 626
50f08ac8385d7340,147 156 189 418 420 733 734 813 835 1092
50ff53beca2211e5,51 147 196 251 420 477 480 616 671 733 738 776 813 1046 1092
51052681d33fe4ff,189 430 434 501 545 559 1032
5107ea9a1a21fc2a,125 161 304 813 1059
5113fdb1e2601e49,51 147 716 813 896 903
511b818fc0f5efbc,51 76 147 189 487 961
511d36ee9c08a9aa,51 147 671 768 780 1034 1035
51243e3cf1cd4bda,25 161 813 953 1059 1092
512e6e0fb05df165,188 428 489 1099
513eaaa010138d78,369 563 566 1061 1099
5151eca0e3da05e,25 161 758 1059
515858fa9b3f002c,99 304 1059
515866cc8b0e6538,79 99 121 420 477 631 961 1059
515880134193df63,147 156 189 335 541 796 813 949 961 1072 1092
515aaecef728c00c,121 433 520 724
515f5091583de3a,189 418 477 813
51639d0255d035d6,147 671 780 1059
5179ec4eb7498588,51 147 212 283 477 554 671 780 813 1059 1092
517d9dc36b6c7530,13 14 51 147 552 716
5183266bffdb8c4c,147 156 485 603 607 695
518a8f3ec6dd53e9,156 194 480 489 584 612 738 813 954 1046
518b4dded79b6118,51 147 420 480 483 738 813 963 975 1092
519265a8c422ddb2,131 147 671 768 780
51a9b127a0105d08,147 744 813 896
51aee62b8dca2337,434 931 1046
51bb0b4a93f502df,13 813 896 1092
51c489b55050fb95,147 156 189 332 335 418 541 542 543 579 581 753 813 949 1072 1092
51c674d7ec695348,51 156 189 259 616 744 813 835 1092 1093
51e06b9ca7a40dde,51 147 477 552 639 671 780 1034 1035
51ea5254ebd7a831,51 147 212 586 1059
51f224150ee12a19,147 156 477 485 603 671 780
51f634de4150c212,147 156 335 418 450 541 542 554 579 738 753 796 813 835 949 1072 1092
51ff6c98a39d862a,55 131 147 189 552 671 768 780 1034
5206defb4e8c5b3e,51 188 369 477 639 671 780 1034
520d8f3eb5d2f2b9,369
520ff85194d8bedc,147 189 520 597 603 835 858
52281968ee98b7c7,147 156 189 552 671 768 780 950 1034
522cdd5be5810649,147 156 189
5237ec79a36a2d9,194 483 698 744 813 1046 1092
523871af78207f64,121 420 724 738 813
5256dfc041ad6a63,70 189 418 541 813 949 1046 1092
525e2b700a8315ee,13 147 552 671 768 780
52647b3360d055b0,147 420 477 480 501 671 690 737 738 776 813 1046 1092
52682f9972539271,51 156 283 420 477 554 616 663 733 734 738 744 784 813 835 1059 1092
526d33f5ea8932b6,70 147 189 418 541 542 595 813 835 949 1072 1092
527fc2eaa9781097,182 194 498
527fdf52918b27fe,121 1059 1062
5288b600a2bfc33f,51 147 477 650 671 780 835
528a49e7657d97d9,147 348 671 780 889 1080
5297bc92ba49209f,13 813 896 1092
52c59840ca7974df,51 111 147 156 541 738 813 1046 1092
52cb1773fa7a8434,41 147 552 639 671 768 780
52dc2a5c081b928b,121
52df54bf3b289ae0,430 559 813 931 1032 1046
52e208feeabaad47,147 189 813 896 949 1092
52e2d4e7e4605afa,13 147
52e9ebc9822c73bc,133 147 156 189 335 418 541 542 543 753 796 813 940 949 961 1072 1092
52facf0686c8440f,194 844
5306281165a4e099,147 813 896 1092
530e2ccd6e6cff54,13 189 552 671
531b6401f5996f7b,147 189 434 554 597 603 858
532a08ce31f83876,147 744 813 903
533040978be93cca,111 147 156 189 671 780 835 1059
53372ff806dd0690,51 111 147 718 813 896 903 966 1092
5351a835e376c17c,147 639 780 950
5357961229ecbb9e,79 1099
5363a3bac7ae25dc,51 147 532 671 780
5375c1daf63f93f4,194 480 483 725 734 737 738 776 813 830 923 963 1046 1083 1092
5398d88aa9737b82,45 111 147 189 259 480 483 494 501 737 738 813 975
539a1694b77de7f8,25 161 444 534 734 751 797 800 813 835 953 974 1059 1092
53a1eadd431b2507,51 147 501 580 616 733 734 738 813 993 995 1092
53a897c4bd7101b1,79 147 156 369 420 477 612 671 733 737 738 813 1046 1059 1092
53c29b93453d581e,51 79 147 156 671 1059
53c66200de80a7ea,121 433 724 813
53cfc8bd4a89d05c,188 487 1059
53ddaf97f3557fb9,51 147 156 672 833
53ee788cc63f9809,13 519
5400c94ccd76affd,13 51 70 147 483 725 776 830 1046
5404fa6fa9e811,369 738 813 1092
5408b9decbe37aac,480 483 737 738 776 813 923 1033 1046
54177de734982927,13 121 433
541f6ce25531e104,13 51 147 480 483 738 776 813 923 963 1046 1092
5437422c8db0646d,79 194 454 477 671 745 780 874 886 1059
543a9e19d62ac578,147 189 413 430 434 501 517 545 559 692 738 813 825 835 871 931 1001 1032 1038 1092
54412b3bc8701660,51 147 189 597 671 780 858
5442e781a682b520,147 189 663 718 813 896 1092
5445968fc816f51c,51 147 156 227 420 477 538 540 616 671 733 734 737 738 776 813 1046 1059 1092
5445f80898e74c0d,51 147 485 813 1092
5454567aa03e440b,79 147 283 307 322 612 671 780
5455afe01d54315f,114 217 236 257 357 1061
545b606e83a4aa8,896 1092
54675efebb42b16a,231 1039
546dbed21f308c5d,156 189 485 603 607 671
546f36590d77baee,51 147 189 744 813 903
5472644fe3816d9f,51 147 156 332 418 420 477 541 744 813 1046 1092
547ab2547ce8c603,121 1039
5480df2a33fd6383,147 189 335 369 813 949 961 1092
5489ac5133e392ce,51 147 189 733 744 813 903 1092
548fd7241df156e7,51 147 418 538 698 742 796 940 1092
54b586c17a235b73,13 616 738 813 1092
54b6545651aee1e6,13 445 661 813 896 1092
54bf21e5f20b8e77,147 156 189 259 418 485 541 542 813 949 1072 1092
54c027ec199132c8,51 147 189 744 813 903 1092
54c07c7cd8b6fdbf,51 147 156 744 813 1092
54c2d3bcd1be99b3,13 501 519 580 738 813 1009 1092
54cbc82764fb43a5,13 147 663 713 1092
54d6389e644df4af,369 587 671 766 1059
54efdb15fd5d5989,13 147 718 896 1092
54f477fe943c4620,147 156 189 418 650 813 835 1092
54f71fde5c0effc0,13 147 903 1092
54fe078b85489cc2,188 369 1034
54fe94679bc3450a,79 194 584 1059
550235d54ab3cb8e,420 738 962
550620e6199a1536,121 188 369 1034
550f1940045a29b5,121 304 597 1061
5510b2f164a1e82a,147 156 189 718 858
551b3546b9942cd,147 189 718 813 903
551c495027e4a537,766 884 1039
552d611a68352763,111 189 541 698 731 742 796 813 896 940 1072 1092
553f970daecc1128,369 477 668 726 1059
554a09073243b336,194 477 480 671 738 780 813 1046 1059 1092 1098
555bc9f50d3a9d1a,111 147 156 477 671 738 780 813 1059
555dec7bdb68b552,13 111 147 189 738 813 1092
555f0e4bcfb1cf45,13 147 477 485 744 756 813 1092
5566114551277583,131 477 671 768
557e340e0212d45f,13 477
558db709e5826cde,51 147 532 604 671 1022
55bcf5dc9751f8f5,13 813 1092
55e6e802d73a6573,79 194 490 671 780 1059
55e8a34bf4cd91bd,188 489
55efc52e4ab1d2d6,121 597 955
55f712de2a49c7f2,13 813 896 903 1092
55fa076bb08b3654,147 156 189 554 744 811 813 835 896 903 1092
5608ab0d5d4456fa,13 813 872 896 1092
5614c94ed2910d35,107 156 189 335 744 813 1059 1092
561c6227d89afbfe,51 147 283 477 671 780 1059
561c9ca97f00a2e2,79 498 813 961 1092
562500501fe28200,156 189 259 744 813 835 1092
5625225565a254ce,121
563f26604b6a6c79,51 147 744 756 813 896 952 1092
565a398bad8a9ec6,13 147 813 896 1092
565b3f676bbb0303,45 111 147 156 259 813 896 1092
565d10a72a0b5efb,156 369 554 665 766 1084
565e159c0afe73,369 477 671 726 780 1019
565fa79167ea77f,13 147 189 434 501 1089
56611b104f54f303,51 147 196 671 780 1034 1035
566495633a63d2c3,13 147 434 501 737 738 1089 1092
567345e6873d996,369 766
5686f5d053525bc1,156 477 671 835
5691132ce728bb51,0 156 189 768
56ad3eff78d8620b,194 480 483 494 737 738 776 813 830 992 1046 1093
56af82cd397807ef,51 111 147 492 698 813 916 989 1092
56b6c0d31f1dfad,13 14 552
56b8182cc38e7374,147 744 813 903
56bac6a00e0655fb,111 147 483 676 737 738 776 813 830 923 1046 1081 1092
56c8c8fd4869bdfd,194 404 744 813 1020 1092 1099
56ca1dd8c4793700,99 304 634 922
56cbdc1efc83f387,13 14 626 1056
5705a84d7febe1e7,51 156 189 420 462 477 488 534 554 663 733 734 744 813 835 974 993 1020 1084 1092
570a53b090e44461,156 418 541 542 753 813 835 949 1072 1092
57167516c0eaf8fa,51 156 541 542 813 835 1020 1092
571bd97f6b28511,131 147 259 554 579 744 813 896
57395516c548a612,121 147 433 780
573e19eaf2294839,147 156 189 335 477 554 612 624 813 835 1092
575bc607a679da02,189 369 378 671 768 780 1034 1035
575c6ae81f762b73,304 634
575f765048f78a7d,698 813 896 916 1092
5761c8199d50f256,147 744 813 903
576c7750f65a06a1,156 189 259 418 541 542 796 813 835 949 1072 1092
57776624fccc583d,282 487
577ad7bec2923f5a,161 304 511 707 744 800 813 903 1092
577e5adb68e2b75c,147 896 1092
5783278b81144a06,13 147 626
57870a3456082faa,121 724 1059
5789f129f15fe5ef,70 147 189 813 1092
5797601bd9395c4,188 552 639 1034
57c219c161ccc7f4,9 99 420 477 598 708 738 784 813 835 962
57c223623eb58d21,13 813 1092
57cb4446985608ee,116 161 487 758 1059 1101
57cce1a1e8da26cc,437 480 483 516 519 665 670 733 734 737 738 813 975 993 1033 1046
57d87bcc4f738be4,156 189 378 671 768 780 1034 1035
57d8860db17b1be4,79 194 420 961 1059
57dae9c5343e3f41,147 156 189 259 541 813 833 835 993 1084 1092
57db21ccae16e9a7,147 744 813 903
57db6dbdc4821f4e,239 487 738 813
57e2771a43deb805,147 194 552 639 671 780 925
57ebe9493aa607c3,51 131 147 189 671 780 1034
57f2d9bdf343b491,145 450 495 496 597
580416b07e36540,13 14 51 552 626 1056
580c228d042452be,51 194 519 733 734 738 813 1092
581113a2d08a41fb,147 189 597 671 780 858
581407c282ed9ec9,156 189 485 603 607 695 768
5819f3f528d8f5a2,13 147 189 813 896
581b8df3ba93df16,615 813 896
581ba8a99c29af44,51 718 961
5822c9fbb5db2f5c,13 663 1046
582663f336dfec36,480 483 494 501 737 1046
582fbec55d3cb34d,239 650 718 738 813 1092
583f5fc8d747c9d4,79 194 1059
58524efbe75d09d,51 147 671 780 1059
5855dd5f7d2a6dc3,189 259 418 541 542 543 579 595 753 813 940 949 993 1012 1072 1092
5856b53d21d15b59,147 189 650 718 809 1092
5856efacbaff649c,182 744 922 962
58694cea269439e5,369 1039 1059
586a5f41134657d5,79 194 1039 1059
58882e7a5b06c035,147 813 896
588ba13485ed6d78,188 420 477 598 734 784 813 835 1092
588cddd16aeb2b6,79 704 813 1024
588f52fff5aac8dd,51 147 744 813 896 1092
5892b903a6550c7a,477 813 1046 1092
58967c20ce52a985,147 156 465 477 584 671 780 1046 1059
5898b7d0b3fc0b44,813 1046
58ae4717f7753203,615 813 896
58b1b617fe32e7b3,147 671 780 1034
58b868af38fb9128,9 33 99 420 738 813 835 962
58c5acd893e15d33,51 156 420 477 538 616 738 813 962 1046 1092
58cdfe74be927bc6,79 194 487 1062
58ce0dd0b2565fd3,188 335 489 612 671
58d18780da3d29d4,13 70 147 663 738 813 1092
58d6afff439f40bd,13 51 463 480 483 725 738 776 813 830 923 963 964 1006 1046
58deb14b0e4d8615,51 554 744 813 903 1092
58e108d361f1e61c,79 369 493 754 1039
58e8255cc1303400,51 147 156 212 283 477 508 551 650 813 835
58ed6425c93a3028,99 121 125 192 304 493 495 1039
5904fae796b377e2,51 369 586 1039
5915e890e9ec3550,131 147 189 335 552 671 780 1034 1065
592003e9a565dc2a,51 369 554 612 671 780
59286df7945320da,13 147 519
593d55fb8f29dbcb,13 501 512 737 1009
593ed1129281a506,189 597
594f4eda1d8ea6f5,147 156 189 492 538 583 584 616 663 800 813 835 908 953 1092
5956327f80c53030,461 477 576 639
595945fe37ecc72a,51 147 1039 1059
595bc5901b9628c1,418 541 542 796 813 896 940 949 1092
5975ab22ae4a79ac,156 259 541 542 813 835 993 1020 1084 1092
5987953832651d26,147 189 413 418 541 579 813 949 1072 1092
59973b046c9af48d,369 587 766 1059
5998945e7c4cebac,51 156 173 227 492 570 616 671 794 813 834 961 1059 1092
59a6be8d4b0897ca,304 774
59b0febd3cc9eb6b,79 477 639 671 738 1034
59b22054904b829d,45 147 156 189 259 485 541 813 896 949 1072 1092
59b4477a4062b2e8,51 111 212 283 586 1059
59cdb17c9e029e65,194 404 733 734 744 813 1020 1084
59d4e87e37a034b5,51 147 188 189 194 671 780 1034
59d5b2745b16408c,121 433 520 703 704 724
59e41e6b99e32465,194 738 813 844
59f53a12e49f0bbc,304 758
59f5fdfb52d03674,13 51 147 552 555
59f92442688f147a,107 189 612 744 813 903 1092
59ff3e82e262c2dd,70 189 259 418 541 542 742 800 813 949 993 1046 1092
5a066788de35fdcb,188 428 803 813 890 1099
5a08726ad0eb79e8,13 147 756 813 952 1092
5a171ba7974b681a,147 156 418 541 542 543 753 796 813 940 949 1072 1092
5a1cbbc4f3c534f8,70 147 189 259 418 462 541 595 663 707 734 800 813 835 953 993 1012 1092
5a40c98ba3654b90,287 369 754 1039
5a43382c2e925211,156 189 418 541 796 813 940 949 1072 1092
5a44cf83667b142e,147 189 813 903 1092
5a4d873776533471,111 147 189 738 813 1092
5a4f48b60cda4f97,13 813 903 1092
5a60cd2f5a5be009,430 434 501 545 931 1032 1046
5a7199b1d813d52d,147 156 420 477 520 538 554 650 663 671 691 744 784 813 835 953 1092
5a744d92ff7305b7,147 322 584 671 780
5a74f072a70b4607,194 477 671 780 813 1046 1059 1092
5a77cb592794ae42,156 418 541 542 753 813 1072 1092
5a77e2debf093fcf,51 147 744 764 813 896 903 1092
5a7c91718f11bb35,131 189 378 671 768 780 1034
5a8c05af0ac2a882,13 51 147 552 555 626 639 671 780 925
5a90a4147be562a7,147 188 189 477 597 671 813 835 1034 1092
5a94d249b0c7708a,420 433 597 784
5aabc9c6845eab68,51 147 156 283 671 758 780 1059
5abfeafd87b4ae27,70 147 189 413 434 559 597 603 835 858
5ac71e999a5b40c9,13 813 896 903
5ad42b17d827225f,13 147 698 813 1046 1092
5ad8e6ef145a52d4,13 51 147 552 626
5ade72201fdeb7ae,156 189 477 485 603 671 780
5adf1ed6e2138f8b,51 147 156 1039
5ae6c7eeded75739,13 14 51 147 552 671 716
5b069c870ece6f1a,188 647 758 1059
5b0b3448c783e23,194 477 671 780 1059
5b0ecaf622c43ae9,147 369
5b201d63a033dc2b,180 369 813 961
5b272dc58b3ab63a,147 156 477 485 671 744 780 813 835 1092
5b30bdb93c488390,131 147 189 418 541 542 796 813 949 1072 1092
5b3bb353e36c2da1,121 415 420 477 668
5b4ee3bef0cd8106,79 194 477 506 624 671 780 1046 1059
5b5b89ad930a1b0a,13 51 147 552 626
5b6145538ec68fdd,156 436
5b66f46eeecce085,13 813 872 896
5b694d5f1b6b54fe,121 962 1059
5b6b08c4cb78134a,51 615 744 1099
5b6ecc88b017f8ec,51 147 189 369 477 647 671 758 780 1059 1062
5b846fc0ad8b43cf,51 189 259 462 733 734 744 813 835 993 1020 1084 1092
5b8775d672f6cb5d,13 14 51 552
5b8a788c03819067,13 147 189
5ba19ad696e46c2,51 147 335 813 993 1092
5bb7013e32c3ef6a,147 189 259 418 541 542 718 757 813 835 949 1092
5bbb5c435b79be3d,121 433 434 724 813
5bc15543b79dee2,156 162 188 189 335 552 639 671 768 780 786 1034 1035 1059
5bc447b56a21a48d,156 418 541 542 753 796 813 949 1072 1092
5bc9ac3899fdf313,79 539 615 744 890 1097 1099
5bcb4c860fd467b2,13 51 744 756 813 916 1092
5bcc0bcdbe08b445,615 813 896
5bcd4b88a63ba74,13 147 189
5bd47023bc46fa7,13 813 896 1092
5bd82ba573269676,111 147 532 698 747 813 916 1092
5be9adc502b5ad2e,369 438 671 1019
5beb806d6058332f,111 147 189 541 718 813 896 1092
5bfab8f8ccf64282,962
5bfecb2dca55e73c,51 147 744 813 835 952 1092
5c04353a6238a149,51 147 597
5c09d67f3884e3c8,79 483 776 1046
5c2266b5b1110c9c,147 156 189 744 813 903
5c236e0f4348b93f,79 194 477 555 568 624 671 925
5c271ca0b5be9a9d,111 189 813 896 949 1092
5c27bd1872c56cf5,676 813 1046
5c2a774dc7046391,45 111 147 189 718 813
5c2efc1329b2591e,121 724 955 962
5c39e4770cd809fc,147 833
5c4896b9fd4cbdd2,51 147 156 477 552 671 780
5c5898f4e11e3c38,156 189 485 603 607 671 780
5c5c763a5c63764d,147 189 259 426 541 542 580 595 753 813 949 993 1072 1092
5c6d0ce5da00502d,121 304 487 1059
5c77db3e1d8080b8,23 184 249 285 313 320 369 487 758 1059
5c793b9bb57f7ffc,147 189 744 813 903 1092
5c7fe77389564400,147 671 768 780
5c8914a4ad280065,51 156 487
5c924c6e100c2b12,99 420 477 738 835 962
5c99705e2c4363c8,487 1059
5c9981f578c44f3a,13 194 477 668 671 744 780 1099
5ca42e49d2ae9a28,79 369 1039
5ca4e7891258ffac,133 147 156 189 813 949 1092
5cb57c4eacf33096,147 405 896 1092
5cc72a4f4b16557e,671 1034
5cc7e0cbaadc6a24,79 180 188 518 639 671 1034 1035
5cc9baf4e0d0ccab,23 184 249 313 1059
5cd3b3358004ba16,156 189 259 541 542 813 1020 1092
5cdd6b94a83d9e23,111 147 156 189 259 480 483 494 501 737 738 776 813 1046 1092 1093
5cdf0c353b7d2657,369 1039 1059
5ce3059e5afcacd0,147 156 833
5d0f88c370107db5,147 189 800 813 988
5d0fc797d27ef61,121 1039
5d1a1f6f7a2450e0,718 813 896 1092
5d272db118db64ed,33 99 420 477 738 813 835 962
5d2992155d4f3d66,147 156 189 418 541 542 543 753 813 949 1072 1092
5d354a6a8fce1d9e,121 713 1039
5d3bfb9c1bb4ae96,79 147 322 671 813 1046 1059 1062 1092
5d3ce5bd42c4e62,13 14 51 147 552
5d3f7d507c667d9a,188 420 477 489 612
5d427bdf899710a1,99 121 961
5d4de8c1378e28ef,121 188 420 433 434 813 1099
5d50008165155663,13 147 716
5d55585ea43850a3,13 671
5d5f1d5f15f0bbc,147 189 430 434 501 559 738 813 1092
5d6c05cad6a031cc,121 433 724 813
5d70098f3a9d10ea,156 259 541 733 813 835 993 1020 1084 1092
5d769c113c763e5,737 738 813 931 1032 1046
5d8157304c97a8b3,79 147 369 477 624 639 671 780 813 835 1034
5d825b0bd5a0b80d,156 189 418 541 542 731 796 940 942 1072
5d8757ef2cea12d7,434 501 737 813 931 1046
5d9b0dbc44e455f8,51 147 480 483 738 776 813 923 963 1046
5db18c4b23a1d506,156 418 541 542 753 796 813 940 949 1072 1092
5dca758d094d0842,155 189 378 768 1034
5dd1690eefaeb59,494 501 737 738 813 1046
5dd32188acf23f98,51 147 156 671 780
5dda207fc7c631d3,79 194
5dfbf298bcf984f3,369 477 671 738 813 1019
5e03f326b91c9374,45 111 147 189 718 813 896 903 1092
5e07663c8dfc2e8a,13 147 552 639 671 780
5e14ea6b75a09224,188 428 477 738 1099
5e18e7cc44f61ba0,51 147 538 698 813 1092
5e270e45eb2397ea,189 420 573 616 637 733 734 784 813 971 1037
5e2863b4e2509a34,13 698 896 1092
5e3bb4f64b58d1e,758 1059
5e3d953fba8398cb,121 477 754
5e4b8caf0ac8badf,79 194 671 780 1034 1035
5e4e622b02f74d81,125 161 304 420 642 701 704 707 721 734 784 800 813 835 953 961
5e509d6ad5c662a9,184 833
5e55dcbfe1dc1a68,51 212 489 584 671
5e585ed032d76576,1061
5e5aa7b6dbb6aa3e,121 433 813 1092
5e5b5a2980012985,13 813
5e62ef259938c7,615 813 896
5e73e5ce40cd0b9b,194 671 744 813 1046 1059 1092 1099
5e7d8b3d78ea64a4,188 1059
5e8a28843f461be8,13 51 552 626
5e8de9a110542f,156 189 259 477 663 784 813 835
5e95cbaed01410d7,156 189 259 420 663 800 813 833 835 953 1092
5ea2c2412b87ff3b,79 194 202 487 1059 1062
5ea6037351954c8d,51 147 671
5eb432cf2552d9d0,189 194 1034
5eb7a13877730cb4,79 961 1059
5ec2887ff8f15558,13 668
5ec554faaad1494b,194 671 1034
5ecf889b9c81e8cd,194 671 780 950 1034
5ed236bbe2477a85,13 147 480 483 813 963 975 1092 1093
5ed95506ba6c3c0b,51 147 156 283 538 671 738 813 1046 1059 1092
5ee125518723d82b,131 147 189 552 671 768 780 1034
5ee8069dc67febe0,51 147 156 733 744 813 835 993 1092
5ef11f0b5574c84f,79 188 518 671
5ef286994e56b683,25 161 584 813 953 1059 1092
5efd158b71c559aa,51 698 813 896 1092
5efffdb154404c9b,99 718 813 896 1092
5f024494ce55daf,99 161 487 758 1059
5f0d5e89f44d1a46,147 188 189 477 597 671 780 835 1059
5f0da043fff26fa3,51 147 189 413 434 517 559 813 835
5f0f698a9f3cb39,99 125 192 304 385 493 495 922 1039
5f173a757ee12cf4,147 156 418 541 542 543 581 753 796 813 949 1072
5f19eb011b976289,121 433 724 813 1092
5f1ef0d1b1fc844d,147 335 738 813 1046 1092
5f220433cbdbfcc1,25 161 331 584
5f23856d08658811,147 156 189 477 485 603 671 780 835 1069
5f2f4a1f72fb25d7,147 156 259 744 813 896 1092
5f3146903ada7c8c,156 189 436
5f411772f318138c,231 1039
5f434a10f81832dd,194 477 671 780 1059
5f45891ebbb66c1e,70 147 189 434 738 813 835 1092
5f48b976d9b05f0d,369 477 671 726 738 813
5f4c978c270ab39,121 724 955 962
5f55755951220fa9,111 156 189 477 671 780 835 858
5f5fe43fb74f3fa7,79 194 1059
5f6372516c3a70a0,147 188 189 335 477 671 780 1034 1035
5f66ca45face9e32,147 189 541 542 543 813 949 1072 1092
5f6eb959dd853581,147 189 413 418 813 835 1038 1092
5f6fd3b7c5f63c70,13 698 896 1092
5f7c1f7970081efa,13 698 896 1092
5f7c4141ff24843,147 189 335 552 639 671 768 780
5f815e68b4694f8f,51 147 156 283 420 477 616 671 733 738 780 813 835 1046 1059 1062 1092
5f88bbdc8f2ba48f,156 189 436 671
5f9416cf48297d77,51 111 147 196 420 477 501 519 616 671 733 737 738 813 833 1046 1092
5f97c7ebaace76ef,121 1034
5fa832e3eb2a105d,304 487
5fbb7faf822f237e,194 480 483 485 494 737 738 744 776 813 830 890 1046 1092 1093 1099
5fc9843453e67fdd,332 688 888
5fd15b0fabac63c1,156 189 259 418 426 541 542 753 813 835 1072 1092
5fdc3f57600888d0,188 462 733 734 764 813 890 1099
5fde6d9957a3d307,155 189 378 768 1034
5fe4d28c7f9aca9d,121 1039
5ff033e01a544eb0,189 418 541 542 731 796 939 940 1046 1072 1092
5ffb24b2a41715d,51 147 156 212 283 584 647 758 1059
5ffce219ff9b7a52,189 259 492 583 663 707 721 800 813 835 849 953 1064 1092
5ffd3e14c9f21e53,51 147 434 597 603 615 835 858
6016741a973f3e32,51 147 485 813 896 1092
601a62be2161ee81,111 147 156 189 833
601cd349cef68a27,99 161 487 758 1059
601d500a31933143,79 194 477 671 780 1046
602c013109d4f086,13 147 483 676 737 738 776 813 1046 1092
602ef3312f23500a,13 51 147 675 716 978
60368a33d7200ff7,13 813 896
6037bf377482f3d1,813 896 1092
6041ce0e1397d869,107 147 189 554 612 744 813 835 903 1092
60437de2cd81a0b1,434
604f6fbd43d862b,23 35 313 962
60507aec9e3e5654,121 188 369 1034
605142c9b4f30b18,13 51 147 420 480 483 738 776 813 1046 1092
6052afe6eb5bb408,147 671 780 1034
6053df318830ad77,13 147 189 420 616 776 813 1046
605ab77c65abb889,70 111 147 189 541 813 949 1092
60670569d27c9145,194 477 671 780 886 1046 1059 1099
60676faf77b3f5e5,634
60691ac25430e624,194 404 698 744 813 1046 1092 1099
606e5ae4701e9420,147 156 259 418 426 541 542 543 579 753 796 813 940 949 1072 1092
608685fc2278a193,161 304 489 584 612
609ef8808c1ef621,51 147 616 733 813 952 993 1020 1092
60a40c2068d2c6b7,51 147 434 597 603 671 780
60b2d746033fa0ee,70 147 156 189 485 603 780 835 858
60c51678474f157c,231 369 1039
60d1937cf01922bc,13 501 559 737 738 813 1009 1046 1089
60dc2dc89c250e2e,147 189 663 713 800
60ebdc2402505884,79 518 624 639 671
60ee4c3672ae38d4,13 41 147 552 671 768 780
60f8ed7782909e76,13 51 70 480 483 553 725 771 776 830 923 963 964 1046
60fb201b15a7d2f4,111 147 156 189 420 477 647 671 733 734 738 758 813 835 1059 1092
6104906ebd2e218f,304 487 758 1059 1062
610f51610e15e578,147 189 541 813 947 949 1092
610fdbc90b65b801,369 436 587 1059
6113b14552bbd3de,156 189 259 541 663 813 1092
611ab44dbb1bc6c1,156 189 369 768
611ea2a72612cce2,79 147 477 671 737 738 776 813 1034 1046 1092
6120a6077267643e,51 147 616 734 813 952 1092
6121aca162888368,79 480 483 725 737 738 744 776 813 830 1046 1099
6128d8211422eba4,51 156 212 283 477 554 671 746 780 1059
6134d009ee927356,13
613fe4efc6a3dc0a,13 51 147 483 738 776 813 846 1046 1092
613ffece88a66f5,51 147 671 780 950
6144eae82a0273e5,194 477 485 671 744 780 886 1099
614a4e73847d5766,194 404 744 813 1092
614ee5272ba507f5,369 438 671
61619755ec0ee3a,813 896 1092
6169f718b3cca2b4,51 147 189 477 489 554 612 671 744 746 780 813 835 903 1092
6177ca59d7e99e35,184 249 489 1059
61789e07c4347605,99 813 961 1092
617d9372f7b1e136,121 433 1061
61ac3e90e3436cd6,79 194 671 780 1059
61b4991b8ff67def,51 147 189
61c8d53538e643ec,147 189 259 418 434 554 738 744 813 835 1092
61cc3ea98c65962b,13 51 147 483 646 676 738 776 813 1046
61de2db5c62e8bff,194 950 1034
61e2325f7e080736,121 1059
61f0309963140449,51 147 189 597 650 671 780 1059
61f33d5b970b4b3d,121 125 161 304 584 1059
61fb1b63d3b74161,70 147 189 418 420 734 742 813 835 1092
62103830826f1d54,13 51 147 552 555 626 671 780
6216d4601b15e53b,13 147 813 896 916 1092
621ed76c1beeccd2,99 121 420 433 738 784 813 961 1092
6226185ef2be889a,147 189 335 583 663 800 813 835 1092
622f26941f6b6351,51 147 188 189 518 671 780 1034 1035
62364cbebfec00ba,813 961 1092
6248c54f3f7160a,718 813 961 1092
625f7f9270403835,121 147 718 813 896 949 1092
62706b9ea9a4b26f,51 147 489
62792f7fbfc33b4e,813
627a1d48534297c0,125 161 192 304 495
627fc25153215d12,147 189 813 1046 1092
62845142c69e8ee9,147 156 189 252 813 961 1092
6299bf41fd3104e5,147 477 639 671 780 813 1034 1035 1092
629e8cdfb417071d,156 188 428 485 803 911 1099
62aaa61bccae72b,156 189 485 671 780 1069
62b413640a3e41a5,156 189 477 485 603 671 780 835
62b5e5f3bc0dfb87,51 147 532 621 747 813 1089 1092 1093
62b7b5d6623ce249,147 156 189 720 813 896 1020 1092
62b8004855a00a1e,156 194 477 584 671 780 1046
62bb071b676314a3,161 304 331 351 423 425 642 663 707 721 800 813 953 1092
62c7a00d2563363c,304 487 758 1059
62cda67201b2d916,147 1039
62db11300795f94c,29 51 76 111 147 156 212 339 383 420 477 487 492 538 616 671 733 738 813 835 1059 1092
62e4502d21a88a88,147 744 813 903
62e482a51af805c9,304 489 584 1059
62e4d60f84819a2a,99 813 834 961 1092
62f5c8670710825b,79 194 1059
62f7a1ba6ea54a85,156 784 961
62f7d11739b8c276,51 131 147 189 418 541 542 616 753 813 1046 1072 1092
62f81bde01f7c295,23 184 758 1059
62fd98e797c22c6e,13 51 147 189 552 976
62feb785421fceb5,121 304 464
63048b6c52acfc76,378 628 671 1062
630e2dd3905f6b42,304 487 758
6316b1d7652e7aff,29 51 156 335 465 738 813 1059 1092
631978257e56d4f0,147 189 485 671 780
63345e27b86dd514,51 147 212 586 1059
6337da61b437f7c8,121 415
6339a7e368b7737f,156 180 744 750 1099
633bca12fa86afce,161 304 634 754 872
63412500c922371b,111 147 189 813 896 949 1092
635228e69500ecc1,189 768 1034
635c029ac0a3ff53,188 1039
636753254e08f8b5,147 189 671 780
636900ae3fb36bd,155 189 378 671 768 1034
6386b3d53a9107fa,51 147 156 332 418 477 541 542 616 753 813 1025 1046 1072 1092
6389c2d1040e34f3,194 738 747 813 1092 1099
6392379d87a39c94,147 597
6399b4be74a5a192,121 833 1039
639b1e52dda80b27,420 738 813 961 1092
63a0261dc0fb0afa,1039
63a128a378494591,51 532 813 896 1092
63a27c2f8d876526,79 612 624 671 821 835 1059
63a60530369169a6,99 304 612 774
63a97768b3380038,25 161 477 738 813 835 1059 1092
63aad5b99cce6f25,156 227 813 961 1092
63aff82edbad2d3f,147 156 485 603 671 780
63b3ea4601ce7ea,13 492 698 738 813 1092
63b6e4a416ea8465,147 189 283 663 744 813 835 903 1092
63c66c46faee186f,147 189 418 541 542 813 835 949 1092
63ccd4d4de54fa4f,13 147 568 626 671 1092
63cf23d0bc533d77,99 121 161 304 718 813 961 1092
63d0e5db23a90259,70 111 147 189 259 477 520 554 603 650 663 680 691 709 784 813 835 858
63d4a921026f6cca,121
63d561eb7a9afdc,147 189 744 813 1092
63dd911efae0656c,99 121 161 369 420 477 1059
63e0635f7b367fd6,114 217 280 433 489 1061
63ec062cc2be221e,147 189 413 430 434 559 678 825 1038
63f5a9bb12018b2,161 204 450
63ff1d54900b0b8e,194 420 616 738 809 813 822 844
64065df6d02de43d,51 332 418 420 477 639 671 813 835 1034 1035 1046 1092
64074c9e9ca3b888,194 404 655 744 813 1020 1046 1092 1099
641156e1eaa7035c,121 1039
641ae2f349a0a1dd,45 147 156 259 554 579 744 813 896 1099
64235bd5dc4151f7,13 51 147 552 626 671 780
64336467e4a8e841,13 501 519 545 580 737 738 813 1009
6437a598b568dcce,51 111 147 420 477 501 616 639 671 733 737 738 744 780 813 950 1046 1092
64514fa9f88f01dd,51 147 156 189 418 420 477 541 542 554 738 744 813 835 1072 1092
6455de5baf1f10cc,147 189 485 603
645eae90af326024,239 738 813 1092
6460e5b4475e1d7c,147 189 538 663 800 813 1092
64613e29a4a731e3,13 813 896
646415324c279ae3,79 194 813 961
6465249fec0d9305,51 147 489 554 612
64654d45c44e3be1,194 671 780 1034
6484e3fe71935a9e,51 111 147 156 541 616 738 813 1092
648ccc704a7824e9,156 189 335 552 671 1034 1065
6494063751086f6a,189 335 369 597 768 1034 1035
64a56bea5cdb1d84,147
64a96975cc73e308,155 189 378 768 1034
64aa54112330d5a3,25 161
64aa5f19ff591d86,70 111 189 259 737 738 776 813 931 1046
64c869517cb46d2a,420 477 1037
64d3b612af545738,161 204
64e1f4ac777a28c1,369 436
64ea847c1ccff927,147 418 541 542 579 813 949 1072 1092
64f11b7544160552,127 147 335 579
64f51657369a22f,155 189 378 671 768 1034
64ff1b123091ddaa,194 698 821 829 916 1092
6501072f61d7f9ab,51 147 434 615 744
6501454da7c66285,194 485 744 813 1046 1092 1099
6501e266eaffe0fb,111 189 733 738 813 1092
65024c0e31701961,45 111 156 584 628 671 738 813 1092
650e93463fdf3037,121 724 955 962
650fc3c1135413e4,156 188 420 477 489 671 780 835
651196d4383db31f,79 194 477 506 671 780 886 1059
6516d8ed381a3c47,131 147 156 189 335 418 477 541 542 543 579 581 738 753 786 813 835 949 1072 1092
651bbd22a7eca941,13 111 147 698 813 1092
6529665adf9bd9d8,156 436 813 949
652c4d471f679f26,9 33 99 420 738 835 962
6532ff08e6046591,584 1059
65381007110123e7,161 189 369 768
653de173fb87d2b5,121 724 744 955 962
6546f772bfb9a4e2,13 813
654e04be87b9ee22,156 189 418 426 541 542 543 579 753 813 835 949 1072 1092
65566aba1c0a0c42,51 111 147 156 259 430 434 501 545 737 738 813 931 1046 1092
65745299ac433897,25 161 487 738 758 813 1059 1092
657655ff37070ed4,121 813 1099
657a38e36126cc10,121 433 520 724
657f1c8b738df3ab,51 147 477 554 612 671 744 746 780
6585e878e4755929,147 189 813 1092
658c05b92ee473ec,70 111 147 189 420 462 480 483 733 734 737 738 776 813 1046 1092
658ea30c5f23c9ff,13 420
6593092c8dc2e4a2,147 156 477 485 508 671 780 813 835 1046 1059 1092
65970019cfafc671,51 70 147 259 418 420 477 616 776 813 835 1046 1092
659e691499946314,189 259 800 813 949 1092
65a3ad6a48894591,79 194 477 612 671 780 1046 1059
65a788c919858610,147 189 541 595 813 1092
65b0f64ef89c5bb,13 51 147 418 541 698 813 1092
65c5cc06bd68e02b,121 1039
65da3dfa9cbf052f,147 189 335 671 780 1034
66009c187b90c1c5,13 147 552 639 671 780
6609723c153a42ec,121 304 420 477 708 784 813 835 955 962
6611b414eeeb3d26,369 587 766 1059
661ff6f2c3aceb00,147 156 189 418 796 949 1072
66235e8d8159206c,51 147 430 434 501 545 738 931 1032 1046
6634b223a2ab92a2,13 14 1056
66373b001073e89d,51 147 335 595 813 835 1092
66440549576b4b48,147 189 401 520 680 718 784 835 858 953
664b1e617de189a0,13 51 147 485 671 780 950
664db4ddf9790f75,13 51 70 147 434 737 747 813 1046 1089 1092
6676fe08ff6bb4e9,121 1039 1059
6688c993ad43be42,99 121 650 718 813 1092
668c365f426eef35,156 418 424 541 542 579 753 813 835 1072 1084 1092
6690f41d60880374,188 464 507 1039 1059
6692999a85f587fa,194 541 542 813 1072 1092
6695c60b50b19ea6,79 188 518 671
669629d36deb8a2b,13 896 1092
66a0b21fcfbacb8f,147 189 418 541 542 731 796 934 940 949 1072
66a2cabbe786d2a0,13 813 896 903 1092
66b0a7826efd4eb5,51 147 430 434 738 813 1046
66b7f8d6531cf217,121 415 464 872
66c4dfceaa4956cd,111 147 189 259 420 462 480 483 733 734 738 776 813 835 1046 1092
66d91abc2bc24904,51 147 1059
66e55a4ce257fe41,99 121 1039
66e5dccc68ec9ed9,147 189 744 813 835 903 1092
66e9ac1e064c856,51 111 147 156 212 554 586 746 1059
6709c88f4db9412e,13 51 147 480 483 776 830 923 963 975
670a816e4b80ffdc,147 259 554 579 744 746 813 835 896 1092 1099
671b9146acf85e0c,13 830 1046
671c47d76c3d3b56,79 194 489 1059
671dff678ce81e72,13 51 147 189 552 555 626 671 749 780 925
671e4556df827f2e,13 147 698 813 903 1092
6738c2880a20127f,483 738 776 813 1046
6751ae942d19095,253 282 390 1034
6753a8448947c5a0,147 156 189 813 949 961
6759722602a7cdc5,369
675bcd8774ecd3b,180 369 482 497 498 704 728 738 813
676437295d8deb9a,147 189 335 418 541 813 949 1092
67649d4f75cd0db1,79 194 1059 1098
67686ab35978d18d,161 304 487
6776b0156757e726,51 147 156 465 584 671 780 813 1059
67827a6480966715,147 684
6786829d9a646897,147 189 663 800 813 1092
6787a46bb778ab0b,147 189 1092
6796703ebed85f38,335 813 1092
67a452660a94707c,304 369 464 872
67bf1a72274dfd93,13 51 147 552 626 671 780
67c0d3b6244d6cd7,13 776 830 1046
67c69b6d1e70963e,156 418 541 542 579 813 1072 1092
67c765f9afe77820,147 188 189
67d94aa04ec359be,25 161 331 489 584
67e7c2d90a164932,79 188 671 780 1062
67e7c98c1995f799,121 489 1059
67e9042229f1449d,51 147 477 612 671 682 705 780 929
67ef7be72060fd9c,121 415 684 724
67f41c64ae940c33,13 554 813 896
67f4d91a12193c1c,147 156 813 1092
67f7a252835aa2e,51 70 147 663 718 813 835 1092
67f94b4bf4161738,133 147 156 189 279 663 800 813 835
68023985af0ca1d4,13 45 111 147 813 896 966 1092
68039f594690778f,51 147 322 554 612 671 746 780
6805ac08e91087,156 189 477 485 603 671 780 835 858
68153479d8fc65fa,182
68177c99377f7ed9,25 125 161 584 758 1059
681e6820c932e60a,51 156 541 542 813 1092
6823055e9754368a,194 813 1092 1099
682d7027a15dd14f,634
6836a90ae687e8fd,13 51 147 813
684b662d3ba40458,813 896 1092
684d945295d3326b,51 922
68593c8921c92aa3,51 76 212 339 420 477 492 524 538 583 616 671 813 961 1092
68636fe8b5d811ea,13 147 480 483 501 512 737 738 813 975
686870d5e483cdf2,1046 1081
687a51663137c75a,147 156 189 420 477 597 671 780 813 835 1092
687be90c4ace7248,51 147 369 489 584 671
687c4b8a35d16448,147 189 541 813 949 993 1020 1092
68801a0baf8dcbc1,13 147 756 813 952 1092
68817ceb3178efee,161 217 236 1061
68873685e4bb350,51 70 147 189 718 813 896 903 1092
68898db49ecde7,13 111 147 480 483 738 813 923 963 975
6892030b5270e421,51 147 626
6892f934308b5fbb,13
689dce6433ac4844,79 194 489 584 1059
689f176ef4cc6ac2,133 147 189 283 796 1092
689f4a4d66ce7479,131 147 156 259 332 409 418 541 542 543 579 581 753 813 949 1072 1092
68b7eb511cdd17ae,131 147 189 418 542 796 813 835 940 1072 1092
68b88f27823de020,156 189 436 720
68b995a4c7d30a8b,194 489
68c80cb9e59cd081,13 147 776 1046
68cba3ad2d42c827,99 121 188 477 489 612 1099
68d72742775efcea,121 703 704 724 813 961 1092
68ef3d81efe92424,369 639 1034 1035
68f4819a4b894222,147 639 671 780 950 1034
68faa68b12b98e26,51 477 671 780
690d6171209fa3bb,13 70 147 538 663 738 742 800 813 1092
690f434708f66004,13 51 147 189 552 671 780
6912f1de8c48be1,13 51 147 420 734 813
691953781d797b75,79 156 671 758 780 1059
691aba0f6997096d,494 501 737 738 1046
691ef92b723e806b,420 477 738 835 962
69235d6746fedb,51 111 147 156 369 650 671 1059
692639e737cfc5c1,51 147 420 462 477 598 616 733 734 738 739 776 813 835 993 1046 1092
6930c5d5fe312508,131 147 189 418 796 813 949 1092
69373ce2f711da44,79 194 671 780 1059
6938ec646693274d,121 415 464
693db71cf19e61ce,813 896 1092
69437c60b142898e,676 737 813 1046
6944acef80370fef,79 147 194 489 584 671 780 1003
6947b32179ed586d,369 1059
6955fe957fdcb3bd,51 147 1059
695f04a12069dcc7,70 111 147 189 259 420 480 483 494 501 737 738 776 813 923 1046 1092
6965e6c53fcfc301,189 418 541 542 731 742 796 813 835 940 949 1072 1092
696b77e5b12dbc52,184 313 489 1059
696e9ea64e6c9b3f,45 156 189 259 430 434 501 545 559 738 744 813 850 863 931 1001 1032
6976ba29dab82814,184 464 634 754 922
697747bfcc35bad9,147 189 335 378 671 780 1034
69793d3a641e9db4,51 212 744
6986e983b5346d09,147 189 434 520 597 603 738 813 835 858 1092
69947c9ef4876958,79 194
69aaed2dc39e361f,147 465 671 780 813 1059
69abcb75a841d169,13 147 434 501 737 738 1009 1089
69b16e67905b021,147 189 671 780 1034
69b840e51ac7cbaa,147 188 189 477 597 835
69bbbd78e1d26108,147 189 459 583 608 663 707 800 813 835 849 953 1046 1064 1092
69c9d695bf50e144,184 420
69ca70068e881d63,184 313 489 1059
69cb48aa4c376076,99 161 718 813 1092
69d933230e18e08f,519 616 733 734 813 993 1046
69db7e13c68c8708,13 51 147 524 813 916 952 989 1092
69e6c706b4fd1fa5,79 147 156 477 487 671 780 1059 1062
69eb784f55e6e923,51 147 335 477 554 597 671 738 780 813 835 1092
69f0e24b2f24a2f6,79 487 671 1059 1062
6a0b8bcc81583c8d,231 1039
6a198d4d7e60afb2,13 51 463 480 483 776 830 923 963 964 975 1046 1083
6a199c0bbf8ef6e6,121 464 1039
6a1a5b39c278da96,13 147 189 738 776 813 835 1046 1092
6a22f6bedbf04917,121 487 1059
6a23385e08dc3576,121 464 634 872 922
6a254a04064e70bb,189 671 744 813 903 1059 1092
6a2a159cfcb63c37,79 147 477 671 737 776 1046
6a2cf0892475d89,662 663
6a3368260bbc7c7b,147 188 304 433 597 671 780 864
6a3db5e5224237ce,79 194 671 925 1034
6a4d7bbdb851ad67,70 147 189 813 949 1092
6a5d3b31ddbb9548,188 1059
6a6c1286ff652f3d,147 189 434 559 813
6a8aa3383d532a18,111 147 189 259 420 573 598 616 620 679 701 734 738 776 784 813 971 973 1046 1092
6a903dda4ff2b643,13 51 147 698 813 896 1092
6a90ef884e2d5382,480 483 494 737 738 776 830 923 1046
6a927225e3f4803b,121 464 955
6a98c45caaf6ad84,79 194 612 671 780 1059
6a98cbb4d27bd5b3,125 161 304 800 961
6aa2096a662e4d4e,147 738 813 1046 1092
6aa5d67f5f5e85dc,282 489 1059
6ab3814faf4a2b94,99 116 161 217 236 248 489 1059
6ac59840a79938ed,147 833
6ad230a5ab0d76f0,121 1039
6ad5deeb8faf3670,131 147 744 813
6ae37a3c4a519e64,79 671 780 1059 1062
6ae6d947c29c4139,698 813 896 1059 1092
6aeb9bfb83c0f876,147 554 744 813 835 896 1092 1099
6aece01116b36e43,51 147 477 597 603 650 671 691 780 783 835 858 1062
6b072ef1977db8a4,369 587 766 1059
6b0af46f2a74d596,180 433 728 784
6b104f1ae1b41b36,487 1059 1062
6b1b783125952886,79 194 489 813
6b216d79c1fce2f3,9 33 99 420 703 738 744 813 835 962 1092 1099
6b25d976ebe2608f,194 480 483 494 737 738 744 813 830 1046 1092 1099
6b26af56d2674ca7,147 418 541 542 626 813 949 1072
6b2e708f9838883f,189 552 671 768 780
6b3783babdd08c09,51 147 434 615
6b48620c47f72ccf,121 194 950 1034
6b48fec914db51c5,121 738 813 1059 1092
6b5709fc05409b7,45 156 189 259 541 813 949 1046 1092
6b583e37bbd956ce,51 156 189 554 744 813 835 903
6b5ab6e23135c905,13 813 896
6b5d2f446c715aab,111 147 189 259 538 541 616 813 993 1092
6b7089e902a7579b,51 58 420 477 558 733 744 813 835 903
6b784e90609c8f65,194 668 671 744 1039 1059 1099
6b84375be10ef56c,51 147 156 189 212 283 671 780 1059
6b870c15ce89c4b4,147 156 189 335 786 1034
6b8bb9496593dc16,13 147 671 780
6b8fa7383be433f4,369 420 477 639 1034 1035
6b9102ab7c5ae319,51 156 189 558 744 813 835 903 1092
6b9180b8554b0925,111 147 369 420 477 480 538 616 655 671 734 737 738 813 835 1046 1092
6b97274f0a12809,615 813 896
6bac8a6561d2ea19,51 131 156 259 332 418 541 542 543 579 753 796 813 940 949 1072 1092
6bafe4abe5622b4b,194 477
6bb0676c4f4e14bf,13 147 813 896 1092
6bc37e1203e3d26a,147 156 227 477 584 738 813 954 1046 1092
6bde0c4b16b459b2,111 147 189 462 480 483 670 733 738 813 975 993 1084
6be48c307af3327b,131 156 189 420 477 671 768 780 1034
6beb769a75fb74a2,13 51 147 718 813 896 1092
6bef31af9cef7546,147 188 189 477 671 780 1034 1035
6befe8242c536d83,51 147 259 541 542 580 616 764 813 993 1092
6bf503cda1ed39cc,79 194 454 477 671 744 780 886 1046 1099
6bf61b381b5b016a,194 477 668 671 744 745 780 886 1099
6bf76f05ae4c2fae,147 189 413 418 430 434 559 738 835 1092
6bf9c3c528c0e009,13 194 480 483 813 975
6bfb00c676cc8acd,121 1039
6c05d34e26c17681,13 738 813 1046
6c064f12bdba30da,51 111 147 492 524 616 813 952 1092
6c169a1d5d3dc8f7,45 156 436 733 813
6c17c0dc6e584dab,147 283 477 532 671 780 813 1092
6c1f45e2de7fb92f,51 147 597 603 671 780 858
6c212f58280b7a8a,51 111 212 586
6c23ca01d7a88345,369 587 1059
6c29bdfd7a9fe30f,156 259 541 813 993 1020 1092
6c2e5d255e97fb5e,79 194 489 584
6c2f45f7b6749eca,184 313 369 1059
6c3b4c1d31c98f46,147 671 780 1059
6c430613e55ea623,188 428 1059
6c451d63ea8c4e80,147 189 335 369 420 477 597 639 671 780 813 835 1034 1035
6c5801992a0bcd01,13 147 813 896 966 1092
6c5ec7a062c33c07,896 1092
6c612807eb68215b,51 147 156 212 477 554 647 671 744 746 758 780 835 1030 1059
6c699e11f0c0801c,13 147 552 671 768 780
6c73bd7c4ac24d5f,121 634 840 872
6c75cc889f9e9772,147 335 369 450
6c811f84586cbf3f,156 189 436
6c86c8b9e8f92089,188 558
6c8b5dc51f3008a8,51 111 147 189 616 733 734 813 1092
6c9753005a1d9ec4,25 161 813 1059 1092
6c9c6f6c6c46c363,156 189 485 603 607 671 695 768
6ca9f8c332e6d261,51 147 552 671 768 780
6cc64c02f9ce2951,369 438
6cc67f7ef15a7688,369 813
6ccb7b8071dae2e,147 189 369 477 671 780 1034 1035
6cd10adfc3323346,13 147 189
6cd301e7916b1431,465 584 628 813 1059 1062
6cd495142a6fca12,147 189 335 369 671 768 780 1034
6cd8b290c99817cc,55 131 147 671 768 780 1034
6ce959e36cc2a012,369 650 718 809
6cf34a9d9b5125c5,51 156 227 477 671 961
6cf63d913fc59d04,111 147 156 477 554 671 744 780 813 835 1059 1092
6cfd6022b817c22,615 813 896
6d15311e493e8aa2,121 433
6d23171913568c96,369 586 884 1039
6d2527fa2310beac,51 121 420 734 813
6d3a9c882b1bf536,147 156 189 813 835 1092
6d3d3fc46520f21b,51 147 212 1059
6d45308332b9a156,147 335 492 538 616 813 1092
6d4eaa93bed2dc45,33 724 738 744 962 1099
6d5c7632def6c127,51 147 477 639 671 780 813 1034 1035 1092
6d66b68339397d55,121 724 962
6d67fd613fedbf1c,121 433 650 713 718 813 1092
6d7ca5b37a968276,161 204 335 813
6d90d888659fd90e,13 51 111 147 480 483 494 501 737 738 776 813 830 923 975 1046 1092
6d99b87737dd661d,79 369 477 639 671 813 1092
6dba07c1552a2dd0,615 813 896
6dd033e4eb2a4e9f,147 189 532 671 780
6dd23810ec8bd3cd,13 51 147 552 626
6dd28716020752f6,121 724 813 961
6dd5d16e49914398,962
6dd8da9e31ee1bed,13 147 552 671 780 907
6dd9790684af78f7,121
6de7e483f7a33a59,79 188 477 597 639 671 780 1059
6df1914ce08dc6ac,13 813 896 1092
6df30225c64aef4f,51 147 212 612
6e096c6427954a41,194 480 483 494 737 738 744 776 813 830 992 1046 1099
6e282eea76e5eadf,194 477 671 813 1059
6e36098a30a7a3c6,45 111 147 813 896 903
6e3970c89b3f9550,483 725 776 830 1046
6e39e45d594e375c,156 189 369
6e4ea16ef0dc4c8,99 121 125 304 493 754 922
6e547a9efe7d3ac6,194 477 671 698 744 780 813 1092 1099
6e569218b0af9660,156 189 485 603 607 671 780
6e5ec74fd1ceb8c9,489
6e601bc6a508ce3c,79 480 483 725 737 738 776 813 830 923 1046
6e64cbdd51b15b39,147 156 833
6e6f9c3f9a97a894,131 147 813
6e865068f572817f,13 51 554 744 813 896 903
6e868ba653947ac4,51 147 283 508 621 666 1005 1092
6e8a9474a341e6f,369 639 950 1034 1035
6e8d06e2d3516779,304 718 813 896 1092
6e916e7074d44bf6,13 14 51 127 552
6ea2544e9e584ef3,51 156 189 554 733 744 813 1092
6ea2a6615bd919fd,121 962 1059
6ead30bbb83c4c07,156 436 733 734 813 993 1020 1084
6ebbbc0b5319ef,147 156 189 259 418 541 796 813 835 940 949 1092
6ebbde83169ddcfc,51 147 189 744 813 835 1092
6ebc99dce8c1ff68,45 156 259 813 1092
6ebe0b0cfb86348c,13 14 51 147 552 626 671 780
6ebf0a5a9a637355,79 180 182 482 498 728
6ecf8944b657c020,51 194 733 734 813 993
6ed5fd68555430ea,156 189 436 733 734 813 993
6edcfb5afb2efbfc,147 744 813 903 1092
6ee1bbd348aebb56,51 212 515
6ee3a013c13c7196,156 189 477 485 603 671 780 835
6ef15258bc6eec45,51 147 492 616 627 813 833 993 1092
6ef447c556217399,147 156 189 418 420 616 733 734 784 813 835 1046 1092
6ef58fb90d52f9ce,125 147 161 304 331 758 780 835 864 953 1059 1062 1092
6efb3078af62ba9e,13 813 896 1092
6f0f5a28c50c6fec,194 668 671 744 780 1059 1099
6f108e24eaf6d54e,147 189 813 949
6f15dc74aa791462,79 147 369 477 554 612 671 780 835 1092
6f18f312cf55d523,184 249 313 489 1059
6f19b8750ec9a015,189 418 541 542 731 742 796 813 940 942 949 1072 1092
6f1e6659ff627278,35 184 313 369 420 884
6f250274d969b9e4,121 420 961
6f2a420ef8260a8d,1039
6f4d7992150a7ed7,79 121 125 1059
6f505baf44c52cb9,70 147 189 418 541 542 543 731 742 796 813 940 949 1072 1092
6f5844a8f789928b,51 147 616 813 952 1092
6f6279eda83ddaec,131 189 768 1034
6f6a656eee09c655,532 698 747 813 916 1022 1089 1092
6f6dcbf1a739384f,813 949 1092
6f7b81d7ec6275ec,99 813 823 1092 1096
6f8b565499a35c9f,9 33 99 420 703 738 813 835 962 1092
6f945c0876356bb3,121 1059
6f9583ecfc5c060d,121 597
6f979a2f17ebac3,79 477 813 835 1046 1092
6fa10baadd529b5e,13 663 800
6fad193547e51bc2,13 14 51 147 552 626 671 780
6fafa22c1d8e6646,182 744 922
6fb711e217951c8f,253 282 489
6fbdb6ccfcaef905,676 690 737 738 776 813 924 1046 1092
6fc1338ba609d0ea,147 477 671 780 886 1046
6fc5166be54aa929,51 147 283 554 746 1059
6fc568edd6ccb773,184 313 369 1039
6fc9b89b60cea1ef,13 121 1059
6fdd652876e43eb2,45 111 156 420 616 784 813 971
70065eb9f39d2798,51 147 489 584 612 1059
70162bdd2dc2dfcb,23 33 99 703 738 813 835 962
7016ec34caf603dd,79 194
70287433487b82df,13 813 872 896 1092
70306cb6a33bd64c,156 194 477 485 671 744 780 813 1046 1092 1099
703910bd092c1262,29 51 147 156 465 477 671 780 1062
704238c63c20ebee,147 189 335 796 813 949 1072
704c33a5d1e8e26,180 359 482 497 498 803
7056b69d081dd288,369 665 733 734 813 993
70716705ac5f6075,13 51 70 147 480 483 725 737 738 771 776 830 923 1046
7074773e8b5c156a,304 774
708868e641bd07e8,131 147 671 768 780 1034
7094ebcb7fc61c18,420 616 734 813
7095479bceea2ec0,156 189 252 568 671 698 813 961 1092
709b492788a25c90,369 587 766 1059
70a25ecae3eb1d94,420 477 624 744 784 813 835
70a8811344bcd1fe,13 51 70 147 492 538 616 698 742 813 1092
70adb5af24a764cd,147 156 194 477 489 506 584 671 745 780 886 1059
70afa5a1c283d645,131 133 147 189 378 583
70b1eabc9b666a22,147 189 663 800
70b6849dceb0a565,480 483 737 738 776 813 830 923 1046
70bb6baa22e55dc5,111 131 147 189 418 541 542 796 813 896 940 949 1072 1092
70c2ed91ecc56b33,79 194 477 489 671 780 1046 1059
70c8725627cfebdd,51 147 508 1059
70d0d65ec0faca94,147 156 189 485 603 607 671 780 999
70d36efbef814237,497 498
70deff53e8188fc8,51 147 813 896 1092
70e47a423285ee61,51 76 147 156 322 477 612 671 682 780 929
70fa3f1c6cd5e0f1,147 156 189 554 744 1084
710b112e1c5da6ad,79 477 624 671 780 925
7114e50d96a8ef0a,79 194 671 780
7118d643988d11ec,51 147 485 744
713123b5baa420a7,156 259 418 426 485 541 542 753 796 813 940 949 1072 1092
71350607a2da513e,79 121 194 1039 1059
713d7d186ed78ffa,147 671 780 950 1034
7148d55e13808259,156 189 259 426 541 542 543 559 579 580 753 813 949 993 1072 1092
715138aada678b48,13 552
7158e079afb74312,813
716b6d383ea4df2c,51 111 147 477 554 612 671 738 744 746 780
716e3db085528550,121 433
716fdf56091411de,13 147 501 737 1046 1089
717c60630cd8a8dd,13 51 147 189 616 813 1092
7184c9df9b2c4048,51 70 111 147 259 492 538 541 595 616 654 742 813 1092
718d923e6b1bc050,51 147 156 477 485 744 813 835 1092
719f35358e049e99,51 147 813 952 1092
71a22389f2cff26b,188 282 369 1034
71a4c334c4403c3f,1059
71ab06965f175a0d,51 147 671 780 1003 1059
71b369a9f25600b1,754 922
71c3444003e58a39,13 178 661
71c9d652592db34e,51 147 156 189 420 583 663 784 800 813 835 961 1092
71ca7879a441e4aa,147 156 227 322 477 501 540 671 737 738 776 813 1046 1059 1062 1092
71f679aa2e707afc,33 582 1023
71f7ca2d2834e47b,51 111 147 616 665 733 734 813 993 1020 1092
72051644f5339c6a,121 433 724 813
720660d55b33e80a,51 111 189 437 462 519 580 733 734 738 813 993 1092
7208984ff91e34b8,188 688
720d0b5018df8df5,51 147 156 189 420 477 492 538 583 616 663 738 813 835 954 1046 1059 1092
721ad80771903d71,51 147 188 477 639 671 780 1034 1035
722816c8acc95691,156 189 259 744 813 896 903
722e59ce54e5e631,156 189 259 541 813 949 1072 1092
723a0748c3659f82,51 147 480 483 501 519 737 738 776 813 1046 1092
723a6d3b3068c387,51 147 532 604 671 780 1022
7242e048815fe095,483 494 501 519 548 737 738 813 863 1009 1046
7255100335f4281f,51 156 259 813 993 1092
72557478b2e3f250,180 637 728 733 734 764 767 803 813 1092 1099
7255f2dd77aa511c,194 671 780 950 1034
7261ed968a8ad177,131 147 156 189 554 1084
72828c4e35b04c86,13 51 147 189 434 501
7282c762b8bebb31,79 194 369 1034
7284688dfd522ba0,188 369 1034
728a36984b38ea29,147 189 813 961 1092
72940645351a771,51 744 813 903 1092
729bbaebbd6271c3,45 51 111 147 813 896 966
72a71ecba493906,615 813 896
72b8bab760995b0f,99 161 304 331 718 813 1092
72c03f4ef5bd82aa,51 76 111 147 156 339 477 487 538 671 780 813 1092
72c60619f841f408,121 1039 1059
72ca03ff70db24e1,111 147 156 189 418 430 434 501 737 738 813 1046 1092
72d4db782cad37e4,13 147 420 480 483 776 813 1046
72d5f87252505e38,51 147 283 532 671 780
72e02d9debe9aafb,147 335 369 450
72e08d7431163e70,147 156 189 335 813 1059
72ec269c0a20c8da,13 51 147 744 756 813 952 1092
72f4096035132f2f,99 718 813 1092 1096
72f50998e956375b,189 485 546 603 607 671 695 999 1047
72f70b5c67b50aca,156 259 420 541 663 733 813 835 993 1084 1092
72f8071240ea12f9,480 483 494 725 737 738 776 830 923 1046
73036e144e52b2fb,13 14 51 147 552 626
73076098db19cc6,121 1059
731159bb7b6e6317,147 189 541 718 796 813 896 1092
733c6a791c48e00d,147 744 756 813 896 952 1092 1099
7354e5ad1f81f195,147 189 430 434 517 545 559 622 738 747 871 1001
735fbf02fbae8d8c,188 428 1099
73651cb7d06bee19,189 480 483 733 734 738 776 813 975 1092
7369e33524194256,121 433 724
73719a8942238ccc,121 304 464
737c06154a38983b,236 1061
737cf7497f6e349f,188 369 1034
737dece746121a94,489
7388adba955ed397,304 1039
7390784d951b78fc,156 259 541 813 1020 1046
7391f315401ebd88,147 663 713
73abdc9f30c5b72d,194 813 844 1092
73b421f8f553dbf,156 259 418 420 541 542 813 835 1046 1092
73baa965d1152220,156 485 671 780
73ca7d91cce4b484,156 369 436 552
73cabc777cb00520,111 147 189 369 477 480 501 616 655 671 737 738 813 835 1046 1092
73d3978f2a9c56b,99 304 1039
73e5bb09564424dc,51 79 584 671 780 1059
73f692b39b290923,51 111 147 212 586 744
73f77d3ac99186b0,194 485 744 813 890 1092 1099
73f9a63f0d6083f3,184 420 754 872 1059
73fa868a3a63bf05,156 1059
74036af2304cbd16,23 184 313 433 962 1061
740ebb92d6eedfda,99 495 884 1039
74175f72f092926e,239 369 420
7418808574e7a1b5,51 147 156 189 813 903 1059 1092
74203589da70e019,13 51 147 480 483 494 501 548 737 738 776 923 1046
74213f8d771aede6,13 896 1092
742ce82ba4b5b016,51 147 283 554 671 780 813 903 1059 1062
7435e4b93db58c5,239 253 282 477 487 738 835
7439d6d92686ea8b,147 156 259 418 477 541 554 579 813 835 949 1092
743adb19e4a6c085,51 147 585
7441fc7c5feda2c0,156 189 477 485 603 671 780
7455c18cbb69a44d,51 156 227 477 671 813 961 1092
7465fc22505f67ab,51 147 156 189 554 733 744 764 813 835 903 1092
746bb5ad7a0263f4,51 147 508 1022
74743d16e164b300,13 51 147 552 671 780
747d4272e91c9ecc,194 404 744 813 1020 1092
74888fca02f8acb4,51 147 554 744 813 903 1092
7489e16b03c7428,51 147 663 744 813 1092
748a0409cbbbe1c9,189 252
74911e1c365a7632,359 369 418 482 497 498 813
74933559b877d02d,135 369 554 612
74a0dc53ad2dd3cd,161 450 634 872 1092
74af0d00d44aeef2,188 231 1039
74b3363574a19635,147 189 259 541 813 949 1092
74b5f4877ce39278,194 477 671 780 950 1034
74bc8c6ac856a56c,13 51 147 738 744 813 952 1092
74bdd644fce90a66,99 121 819 1039
74beb56a39cdb8b,79 487 733 734 738 813
74d2616883a217b3,79 194 489
74d913e44484a912,13 51 147 744 813 903 1092
74de3f47bce42817,13 813 872 896 1092
74e589fe1fc4a918,194 404 744 813 1020 1046 1092 1099
750303521da753ef,404 813 896 1092
750a3ee792cc0ca9,156 189 335 369 477 639 671 738 780 786 835 1034 1035
750ada820135a320,121 194 420 487 844 1059
75193ba390bb631d,13 51 147 744 813 835 1092
75250f81877c1f47,369 487 1059
752b1680bc3f6d9e,51 79 147 156 188 189 369 485 671 744 1099
7530426f0410c820,156 189 420 477 485 671 780 813 835 1092
7532c5da9985ee89,189
754021e0fe4778ef,23 121 161 304 433 597 718 720 813 835 903 1092
755dc893f3865941,25 161 584 800 813 953 1059 1092
7579751dc5ad1589,541 813 896 949 1092
75871a78b949491b,99 147 492 663 813 961 1092
758dbda75121de6e,369 650 718 1059
7599c5465116ca12,79 477 487 624 738 813
75a9533ee12a482d,369
75ad9253af81620f,304 487
75af928925594bcf,79 487 671 1059 1062
75b6eaa7393c421b,13 14 51 127 552
75ba0c8e6ec8b97e,147 188 428 597 671 780
75baad9f44e532e8,51 111 147 212 586
75c579e7ea8e1bc7,369 1039
75c95b28de20e88,194 671 780 1034 1098
75e0f0de5e546af,13 111 147 813 896 1092
75eb1e1ca8bb2651,813 896 1092
75f19a86b111d123,194 477 485 671 780 813 1046 1059 1092 1098
75f69117d8c4d7e5,13 147 552 639 671 780 929 950
75fae21061d4cc87,147 189 477 554 597 813 835 1092
7606e00459936183,51 111 147 420 480 483 573 616 669 733 734 738 776 813 923 971 973 1046 1092 1093
7609c9689cea6339,51 147 189 513 515
7634f3562bc897b4,147 156 189 234 369 436 720
7638b2da5c63d9fc,121 179 282 465 489 1059
763baae550d26ce1,156 418 541 542 579 753 796 813 949 1072 1092
763fb9c6c0c4d7fd,239 369 754
764068d119e30d70,121 156 541 813 1072 1092
76441574881d2f38,99 161 236 304 489
7649dd7d1c73b5c4,13 554 670 813
764d5e07811d9ed2,147 189 418 541 553 583 663 761 800 813 835 953 1092
765c7720f261dbfa,51 501 519 733 734 737 738 813 1009 1046
766d397a763139ec,147 189 813 1092
766eaf94434f2e04,13 665 733 734 813 993 1020 1084
76704f1ac0be42a2,194 477 671 780 813 1059
7685842d7496be83,51 147 671
768871f37cfe10c,147 189 373 597 1035
768afb1cd5abdc1,156 259 418 426 541 542 579 813 949 1092
76956e1aa52da94e,51 147 744 756 813 896 952 1092
769820de517e185a,147 418 813 1092
76995a753eecbdc0,13 698 896 903 1092
769bc9aa53835f15,131 147 189 259 418 426 541 542 543 579 731 753 778 796 813 940 949 1072 1092
769d75a42696f6a5,121 369 766 1039 1059 1084
76af67435f27075e,99 813 961 1092
76b925ad013b4696,121 724 955
76bec01b4acb0fdf,51 147 194 477 506 612 671 682 780 929
76c1d1be78d3b0e6,99 304 774
76c3d4bc77d846fc,147 427 506 584 612 671 682 780 929 954 1003
76c3f6d869e9e02b,51 111 147 420 477 492 538 616 744 813 833 835 1046 1092
76ca97677f27104a,51 147 212 283
76ccee921a1603da,13 552 1056
76d65411466e2e3c,430 434 501 519 545 548 619 737 738 813 863 871 924 1009 1046 1089
76d8a5c57cdeaf6d,147 189 378 671 780 1034
76e2298ecb7e5ac2,79 487 671 1059 1062
76e38c1155783355,194 671 780 1034
76ea60559dff402b,51 147 156 332 420 477 616 639 671 733 737 738 744 780 813 1046 1092
76f03f96a64dc0b0,313 962
76fc4a1af3a622d7,45 156 420 784 813 835
770348a21d7c98ab,79 194 1059 1098
77044ae9edde68b7,51 212 489 612
77061cdc63315e17,147
77080a0158eddc8c,79 489
7717a07c7178e8ec,131 147 552 671 768 780
771bae522b4d69bb,51 147 434 615
772c21a66461aa55,45 51 111 147 156 813 896 1092
77355e40aaaef08d,79 121 490 1059
774845ab66109ce4,147 813 896 903 1092
7753366fa36bdb7,51 188 189 597 671 780 1034 1035
775456ec63df821e,184 313 884
77545e5de5b9c57c,369
77589a884f59ccef,13 698 813 896 1092
775deb837a2446f6,369 1034
7765192d9c388a7c,107 147 165 189 335 554 612 813 903 1092
7793601433bf8348,51 147 283 477 532 671 780
77a66305ed156125,25 161 331 584 800 813 953 1059 1092
77ad82b4c4e22de4,147 189 583 813 835 953 1092
77af92590b75d818,51 147 189 671 813 835 1022 1092
77b93c527d6be504,13 813 872 896
77cb9743f71dc6d2,147 369
77d4b11b0381832b,194 671 780 1034
77ff76bca99d6962,51 147 492 698 744 813 896 1092
7808b529e540f818,121 194 1039
7809c2ff6e923698,13 813 896 1092
780e1fb8d2e3e52a,147 744 813 903 1092
781223f77debd2d4,51 147 189 691 835 1058 1062
78388d130dd3a9a5,147 156 189 477 485 671 780
78573875c04285bd,79 121 487 1059 1062
7857e62bd6d06024,121 147 744 813 903 1092
7859a920f1b9e19f,182 754
786ab2b88138eda3,13 147 552
7873d17d0525ff95,51 156 418 424 541 542 579 813 835 993 1020 1084 1092
7877799e728f6aaf,51 147 156 212 283 348 477 551 554 579 738 744 813 835 889 1080 1092
787854cbec29135c,13 147 813 896 1092
787a0470d314e4df,239 282 477 487 738 813
78933b125ef2fc4e,156 189 406 459 645 663 800 849 1046 1064
78956fa717759178,45 156 189 259 663 1046
78a3e5a1b74e040e,41 147 552 671 768 780
78ab4f76fdfb7a32,51 616 744 813 952 1092
78b27d79f3aa6bb3,131 189 369 420 477 671 768 1034 1035
78be6893b28b1822,79 194 1059
78c41302f53fee2c,51 212
78c5b6d498009d2f,13 147 813 896 1092
78d2e905b92fc2e9,147 189 335 418 420 541 738 813 835 1072 1092
78d86717e30c536a,13 51 147 671 780
78d9829f6a0bbd6e,111 480 483 494 501 737 738 813 923 975
78dd6de6af831fc4,45 51 111 147 189 480 483 494 501 737 738 776 813 923 1046
78f27e5fb8691a4a,13 519
78f50362893bdc4c,420 634 754 872 1059
78f95237c6ac18df,147 194 813 916 1092
78fea605c6b7a782,51 147 744 813 952 1092
791af3ed4a22cd03,51 147 218 639 671 780 1034 1035
792034006c069485,813 896 1046 1092
792ff69f49e9c200,51 147 156 212 1039
7931b9c4a7cbb44f,51 111 156 420 477 639 671 738 744 950 1099
79329ecc622f6a5c,51 147 335 348 889
793d995d4904072e,51 70 147 483 725 776 830 923 1046
7943a8454e786df5,121 813 961 1092
79477322334a1410,51 147 335 744 813 1092
7949ba63a74d66a6,121 1039 1059
794d6219e6c87673,79 489
7962eed2cf1c2b79,79 194 487 1062
796392056aed7466,116 161 487
7963d309611696d,156 189 436
79654dc7b4661468,147 671 780 1034
7973c10252f5b83e,188 489
7976c5d8521714cb,434 501 737
7983d33d8c5f3516,147 369
798730676a8d5f,51 147 156 189 813 835 1092
798ed5f8706c3995,13 813 896 1092
798fc1f0c0a93eea,51 111 147 189 541 813 896 1092
799ae37c78a6c0dd,156 541 733 813 835 938 993 1020 1084
79a73f4aae3e6f97,239 369 650 738 1092
79b2ef350c7cf55b,51 147 420 501 519 580 616 733 734 738 776 813 993 1046 1092
79b6758f0123ede7,79 188 189 671 1034
79d3054431acf2f,369 477 671 738 813 1019
79d5c665d0b900c2,13 51 147 552 671 780
79d74a473c8ed7b1,51 147 716 718 813 896 903 1092
79d85193ca892a4,111 189 480 483 738 813 923 963 975
79db23f0019042cb,121 313 962
79dec9e655ed50b3,9 99 420 477 738 813 835 962
79e15e07086cc123,45 156 189 259 426 541 796 813 896 949
79e3eb3239743564,13 813 872 896
79f7d6332405243c,79 194 1039 1059
7a04674b9e820877,51 147 189 369 477 671 768 780 835
7a2132680e7a57bf,45 51 111 147 259 420 616 738 813
7a22f4e2735f2a91,51 111 147 156 541 813 1092
7a24f5b5d28da8b7,51 156 212 586
7a3106c8d6a1418,369 489 1059
7a375aad1313e8d2,51 156 490 1059
7a451560cf4f199,147 189 718 744 813 896 903 1092
7a4768ba6cf2ff8,133 147 156 189 835
7a4a89675ce0534d,51 147 639 671 780 1034 1035
7a4d79ad5e8fba5f,121 420 662 713 961
7a4f401cbf022495,51 79 147 194 477 506 671 682 780 886 929 1046
7a4f44889d82006a,111 147 189 420 483 573 738 776 813 971 973 1046 1092
7a50bae68dd052e7,70 147 189 538 718 742 813 1092
7a64a42d67c967a9,369 1039
7a66fe688afd47a4,121 464 840
7a68d3006968a8ae,79 189 304 489 780 1059
7a6ba73c842aa9af,79 194 744 776 813 830 1046 1099
7a6ff0ff37630785,121 813 961 1092
7a7841573822e0af,79 194 477 489 584 671 780
7a884d5ea6517155,813 872 896 1092
7a9113d66594a39f,51 111 156 189 259 663 813 835 1020 1092
7a937c676d2e1ba6,29 51 147 156 369 477 506 612 671 682 745 780 929 1059
7ab10317ce3edeff,813 896
7ac15788a4f16186,494 501 519 737 813 924 1046
7acae95e9d8e9971,51 524 616 744 813 952 1092
7ae347ba528ffdb,79 450 461 477 576 639 671
7ae4935cdd3b84ef,51 156 485 744 813 1092
7af5c4ffc3daf5ff,487
7af83d30faccfc39,51 477 597 671 780
7b0b3a240456d028,99 121 489 1059
7b0ee88e8d87be24,13 552 671 780
7b131c0abd968933,121 161 718 813 903 1059
7b159d500198bffd,79 121 1039 1059
7b1f8789c4fa3d98,131 147 671 768 780
7b26f934d92ab178,184 420
7b3c7ee4a87c922d,369 477 650 738 1039 1059
7b3dad5206cdbd12,239 487
7b402b795d5ae1a8,79 1099
7b4fe65f4531bd0a,156 289 368 369 587 665 766 1020 1059
7b6c50c38301392b,131 147 552 671 768 780
7b89000d8aae450c,13 41 147 552 671 768 780
7b8a1c87c6542f75,156 188 428 465 744 1059
7b8c2ea6ce23e764,147 554 744 746 813 896
7b8df855bf66498c,79 194 671 780 925
7bc3f2ebb0d83cc8,161 248 489 695 1059
7bc468c04c72ceee,156 645 663 800 1046 1064
7bcde329c183faeb,13 14 51 147 552 626
7bd6465f64b9a80f,156 189 259 663 744 813 835 1092
7bf06c546b53e94b,13 519
7bfd458c64f74574,13 14 51 147 552 671 716 780
7bfe6a2d60bb4a9,125 161 304 634 718 813 872 903 1092
7c110d962016c1f8,51 147 188 477 597 671 780 1059
7c16cde69f80c533,121 464
7c2ba183bee9bfc,51 147 156 418 616 813 835 1092
7c30e4298afbf1ac,51 147 189 554 733 744 764 813 835 903 910 1092
7c35db08c23a6cc4,13 147 671 682 780 929
7c3babbfddd88e3,121 369 1059
7c420d07c3d1c2b0,13 813 896 1092
7c4cc36fb4df2ecd,51 147 156 189 477 671 780
7c52a93f51822d58,147 813 1092
7c59378a71c6137a,13 51 147 480 483 737 738 776 830 923 1046
7c621aa073373cb,13 121 432 724 813
7c68e1543365e764,33 313 420 738 813 835 962
7c86bc2e8a7b940b,51 147 189 650 671 780 835 858 1062
7c87e297bc3be6f1,51 156 180 188 189 369 420 477 485 671 744 1099
7c955ee699ef9d72,13 147 698 813 1092
7c96229a9f9724e1,161 758 1059
7ca789cebf095255,147 671 780
7cbc60c3ffd916e6,79 754 872 1039
7cbdf24c3b7d7f6a,489 1059
7cc6c4e0148259aa,51 147 156 189 1039
7cc729157dea1234,51 147 189 552 671 768 780 1034
7cc7498a6002fc87,434 501 931
7ccc40fa902d1229,51 147 156
7ccf9a55f577f79a,121 955
7cd3c2c8cbcc0b9e,13 430 501 545 559 649 737 738 871 1089
7cd517b162604cdb,650 718
7cda3e3b46d65073,13 813 896
7cdf88ddb33df520,79 156 189 671 780 813 835 1059
7ce6975a57d3db8b,51
7cef4b67dd7d82e0,737 813 913 1046
7cf0c0cb086eabec,194 404 744 813 1092 1099
7cf9b822b5082647,13 554 670 746
7cfbcd607ebd201d,51 212 554 746 1059
7d07f7df78f63740,51 147 212 283 746 1059
7d0ae2c25343f6c6,51 147 156 259 733 813 993 1020
7d1694892a8a9229,147 189 718 813 896
7d1e92c7b488975f,99 161 758 1059
7d26406a0ec94f1,51 111 147 492 538 616 813 1039 1092 1093
7d265b5297eca4ed,147 161 304 718 813 896
7d2f1e462dddeee2,188 189 194 671 780 1034
7d31e91cd624943d,147 189 413 430 434 554 559 738 747 813 835 871 1092
7d3dfcea6d8a2013,121 884 1039 1059
7d4c791c26fa91c2,188 194 671 780 1034
7d5bdd69e02b0c10,79 194 671 780 1059
7d5de1857ebcd1b3,26 156 189 234 436 720 835
7d5fc2bf38d8161,147 189 308 335 477 552 671 780
7d65de195a9dba9e,147 156 418 424 541 542 813 835 993 1020 1084 1092
7d72c1277c9c7920,684
7d734946c03c1e55,45 51 156 189 744 813
7d86cb77431fc6a2,147 626 896 1092
7d88e7e5ace8a965,121 724 955 962
7d892bd408c731e7,51 147 189 718 813 896 1092
7d8a79c86618b8f6,147 189 744 813 896 903
7d8b0273f54db82c,121 498 703 704 813 961 1092
7d927f6eb53e7f97,147 189 259 813 949 1092
7d947c7eb3dadfbe,13 14 51 552 626 1056
7dacf3a11e863028,70 147 189 418 538 742 813 835 949 1092
7db9c63aab972794,156 189 436 720
7dbcd0fbed4a4ca5,45 111 156 189 259 718 813 896 1092
7dbe97a5f2ead7f,111 156 189 369 420 477 639 738 768 835 1034
7dbf031a74ca9058,131 147 189 378 552 671 768 780 1034
7dbf41a7047c0d44,156 485 541 542 813 949 1092
7dcb6b3b2f271e2e,121 415
7dcc5b7de38abc1f,744
7dd3abdf58e87171,147 156 259 477 485 835 1092
7dd84d47269da5a4,922
7ddb2246627f802a,156 189 259 420 538 541 616 663 813 833 835 1046 1092 1093
7de242de758c07f5,121 962 1059
7de246067a88929,13 147 189 552 671 780 1035
7dee5ba0d80a4442,51 147 156 813 1092
7def338ad3c1aaa0,79 194 738 813
7e07465b9ce60ed5,13 480 483 738 923 975
7e074d4213534429,13 147 663 1092
7e0b4d9240402e8f,79 194 489 671 780
7e12b45b2ebe8026,79 189 194 420 477 489 584 624 671 738 780 813 835 1046 1062 1092
7e168876bd8897c8,13 776 830 1046
7e1774727db23e95,437 665 733 734 813 817 993 1033 1046 1057 1084
7e1880184b1f472d,51 156 189 369 720 833
7e2469379f8d2730,1039
7e2b93e86d11ca06,304 465
7e324961a244ba9c,194 477 1059
7e37cc323e7c86ff,147 283 477 532 671 780 1046
7e3bbd9400ef47a9,13 147 671 978
7e3e3f30db3a788,125 304 634 754 872
7e3f32f4ca9a8222,13 738 813 1046 1092 1093
7e50ad326a286b30,189 335 477 552 639 671 780 925 1065
7e5cae18a5d9259b,51 332 420 462 616 733 734 764 813 993 1046 1084 1092
7e7117d4b52aa047,13 813 896 1092
7e7d59d209af2903,430 931 1032
7e9c4b5c3f85d369,131 147 189 409 410 418 426 541 542 543 579 595 641 731 753 778 796 808 813 838 932 940 942 949 1072 1092
7eb5fbe8b2cae64f,51 147 189 584 628 1062
7eb9b17c65b05e33,156 426 541 542 753 778 813 1072 1092
7ec98aa4a3f00880,188 189 335 369 378 671 786 1034 1035
7ecd7a6dc62ea6bd,1059
7ecda8b1ef9fbc3,65 147 517
7ecdc12560181e53,111 147 156 189 259 420 477 738 776 813 835 1046 1092
7edf969dc0b71886,51 147 671 780 1034
7ee3be1d4a0c7cb,51 147
7ef1201090d7a45e,51 138 147 189 369 477 489 612 671 780 813 1046
7efa4cf1c3138e74,79 194 477 487 624 668 671 780 1059 1062
7efd0bd87081521,156 189 406 420 477 488 492 538 583 598 616 645 663 721 800 813 835 953 1046 1064 1092
7f01d12451b31d2b,51 147
7f03eafb8afc04bc,304 758 1059
7f0ddb71693ac5f4,79 450 461 477 576 639
7f0f52295edc205d,147 671 780 1034
7f28ce116424416,51 147 477 554 738 744 835 1092
7f29b5635f89adce,121 1039
7f29f12ae929a12d,369 587 766 1059
7f33206afac72a18,156 418 541 542 796 813 949 1072 1092
7f33d3ccc3e52b96,0 131 155 189 378 768 1034
7f357c10d3c4788b,131 147 189 259 418 541 542 543 579 753 796 813 940 949 1072 1092
7f37fa982ecb63da,99 121 420 616 784 961
7f3d3d0b003015bf,369 552
7f3d632369b63c90,13 147 580 744 756 813 952 995 1092
7f41bbd6adc8f212,121 304 415 464
7f46409bea4cba5c,147 156 189 671 720
7f4eb32ecbf6f2bd,121 433
7f58e7938b387866,189 420 477
7f5c55dcaf3d42c7,51 541 542 616 747 813 916 1092
7f5c6d89e6cc7e8,70 147 156 189 418 541 542 738 742 753 813 932 949 1072 1092
7f61f7b2bfefa6d7,51 147 813 1092
7f6ed8e6aafee32d,13 51 147 978
7f79cd3ed8f2f250,79 194 489 624 671 780 1059
7f83d5e5196db08c,194 671 950 1034
7f86877196bc506a,188 194 518 671 1034 1099
7f907aa98d3f95e5,369 438 738
7f91de95ce032b1,147 189 485 671 780
7f9be45ae788a96a,813 896
7f9dcfae60ab25ff,13 51 147 663 813 1092
7fa172a8189bca61,13 121 420 477
7fa19941c91181f4,51 147 671 780
7fa22551172709eb,147 156 189 234 436 554 720 835
7fa6ee17b73542a7,121 369 1039
7fac2363fa29294,51 147 189 492 538 718 742 813 835 1092
7fad106edc9ee496,127 369 552 671 716 780 907 1059
7fb21bb0fe3091c9,51 111 147 480 483 494 737 738 776 813 923 975 1046
7fb5165c9ca669b1,51 147 524 616 627 674 813 916 1092
7fb9f65dd9238848,13 733 755 813
7fbaeaafd0c86812,79 194 487 1062
7fcb01b78c39ccb0,51 532 627 674 744 747 813 861 896 916 1022 1092 1093 1097 1099
7fcc2974e2c8c1a8,147 189 418 477 583 663 813 835 908 953 1064 1092
7fceba9060bb5540,13 14 51 147 626
7fcf2331a43094b0,99 161 304 634 754 872
7fcfd403a892604b,813 896
7fd6fac4ae2c2d7e,239 650 754 809
7fd7d839df7d7337,188 428 462 733 734 803 813 890 1092 1099
7fea3814fd4150d4,51 147 189 335 477 552 671 780 1065
800d90e1b0e3ba03,13 147 194 813
8017996a0205728,13 121 1034 1046
801c077c0f0880c6,51 147 430 434 501 559 615 621 649 744 871 882 1089
801f0880d5cdfa6b,51 111 156 259 492 538 616 742 813 916 1092
80231bb519f3ee44,147 189 413 418 430 434 541 559 579 581 813 949 1092
8026c76a6eb190e4,99 121 489 584 1059
8038df70d96ebe7c,51 147 489 554 584 671 746 1059
803d1a59754b7314,147 189 663 713 800
80587af172fcfd60,79 813 1024 1092
8060af20c037ad64,189 813 896 1092
8065dc5d2e35d518,1039
806651750658e2b4,121 663 961 1092
807d2c6143e3341e,813 896 903
807fe1969b743c3f,188 1039 1059
808f129d36656453,13 445 813 896
8094a0fd590dfde4,121 304 744 813 955
8097c5028347b25c,184 1039 1061
80a57644a9749fcc,188 518 671 780 1034 1035
80ae1f8729698d0e,13 156 231 813 1092
80baf77b910dc7a3,51 111 147 492 538 595 616 813 835 988 1092 1093
80c3dbe228b379ae,304 774
80c5bb16b12e128a,188 428 733 803 813 890 1099
80c64dd914255f55,51 147 189 671 780
80e00f3a2178a817,133 147 156 189 796 961
80e0296f9881400e,156 189 477 485 603 671 780
80f44205346b61b6,13 51 147 552 555 626 639 671 780 925
81039fd05c3c6f33,133 147 189 378 418 663 800 813 835 953 1092
810e40fe53d86128,147 156 189 738 776 813 1046 1059 1092
810f7b186e8148b6,156 189 259 541 542 813 835 949 993 1012 1020 1084 1092
812791da3c94ce91,79 147 1059
812c76205b668b32,147 541 579 581
812dd4905d51b16a,51 147 369 477 506 612 671 780 954
813da450a4e06338,121 962 1059
8140a1a1ac62cae,79 99 498 813 823 961 1092
814185c6edd370c6,13 147
81445f5b7f24d0da,147 156 332 418 541 542 543 738 753 813 1072 1092
8146cdf33f0740e4,239 487 738 813
814d6ebccd0344dc,239 477 487 738 835
8152bddb72d4ada9,156 189 234 369 436 720
815c58891d0d2693,13 147 189 718 813 896 903 1092
8160f0e65bbcb14b,147 156 189 259 418 485 541 796 813 835 949 1092
81649f1da9d6e663,51 55 131 147 671 768 780
8164c8ba1b8d3428,615 813 896
81670d241384cc79,13 14 147 552 1056
8176d65979865b97,156 189 418 541 542 731 796 940 1072
8177eef960b3dd0e,51 147 738 776 1046
817e0550c20e31ec,45 147 189 680 718 784 813 835
81865053557f074e,51 156 259 541 733 764 813 974 993 994 1020 1084 1092
81910e89fe16035d,282 487 1059
81a70b1658262c9c,111 147 492 538 541 698 742 813 916 1092
81cbc221c8c59c2e,156 436
81d605ee9d4b693e,13 147 813 988 1092
81dd2529e839688c,147 189 663 733 734 800 813 835
81f4a6b4cfa00f61,121 724 744 955 962
81fa24ab4313673,79 147 487 813
81ff047c90cf4799,45 111 147 189 813 896
8200557fd1803193,188 369 433 489 597
820059b9780054a,79 147 671 780 1062
8208bed42c282a37,147 189 663 800 813 835
820a84530a407ac7,147 189 663 800
820ccd1b2b6a78f2,313 962
820db63f5984c3e1,13 51 147 733 734 738 813 1092
8221133fc1c93f5e,461 639
823a47323bb0db49,121 415 724 955 962
82448c13eedf5a35,194 420 844
8244fed7941daa77,188 1059
825435a214fa55e9,29 51 147 156 212 227 339 383 477 556 671 758 780 813 1059 1092
825d52bf4d5ba7be,51 147 650 671 780 835 858
826611cbab041051,147 189 552 671 780 1034 1035
826dc5271e2d32f9,51 628 671
82717dbd3e101578,79 194 489 671
8285b6584133f1cd,1039
829512ce5f03097d,121 477
829fed5e0349bef5,79 121 487 1039 1059
82a31a93cbc37f0b,13 670 813
82adc856b9a1a82f,501 737 738 813 1046
82bc4f83c2a21ab2,156 189 259 418 541 663 800 813 835 993 1020 1092
82c61ef92dd95307,23 99 420 477 703 734 738 784 813 835 962 996
82c8aefd6aaa38a3,13 51 147 663 813 1092
82cf92a6970a9caa,194 404 655 698 744 813 1020 1059 1092 1099
82da3ae204825695,121 684 704 724 813 961
82e8443fd5f7c197,121 464 840
82e9211ee4ab819c,13 147 552 639 671 780
82ed971b7b81ea25,147 156 189 335 369 744 1034
82f31da89be03cca,147 189 813 903 1092
82fb21c58395ca88,51 111 147 156 420 477 480 483 501 554 616 671 733 734 737 738 744 776 780 813 975 1046 1059 1092
8304d58bb422670f,25 161 800 813 1059 1062 1092
83067316d3c8172e,684
830f3f7df0a1c9d1,79 184 202 420 489 1059
8312b4fff277b592,51 79 121 369 650 813 1039 1059
833988cf406eb554,369 774 1059
8346c823f7db3d66,79 188 189 477 487 671 1062
8348fe0ade269894,156 189 477 671 780
834d16c238db3503,194 404 813 1020 1059 1092
83508a7eda7e5dac,147 189 718 813 903 1092
8363f5a5339dfa59,161 204 450 813
8367727805fbb124,25 161 420 444 477 534 733 734 738 751 800 813 835 953 974 993 1059 1092
83680f0d358ee149,29 156 173 227 369 383 477 489 584 671 738 813 954 1046 1092
836e8f536949bcdc,194 485 813 1092 1093 1099
8370b7968fb543e9,147 698 716 813 903 1092
837326db757b7c8e,184 754
837ea8d3a78026ed,79 194 671 780 1059
8382570ce936bb26,615 813 896
83859231f4e349c8,51 147 541 744 764 813 993 1092
838b550efd306b02,147 813 896 1092
838c38bb8106425c,13 51 147 492 813 896 1092
83908be13596bf,79 121 1059
8395262034d7dee7,79 147 477 655 671 780 886 1099
83a2a1531d869f6a,13 480 483 501 737
83a9aeca41c5716c,45 111 147 189 259 492 538 663 784 813 835 953 1046 1092
83b679137f2a8f6b,147 671 780 1034
83b87590e0e90724,369 489
83da76d02108ae68,147 189 434 738 813 835 1059
83de8f4620eec5d0,51 147 156 554 670 744 764 813 896 993 1020 1084 1092
83e69823593db44c,541 542 813 949 1092
83ed6f616240d0c8,147 189 283 796 813 889 896 1092
83eee713d589cff2,304 758
840cd1523ed625a8,147 156 189 420 477 624 733 734 784 813 835
841124007fdb3253,70 111 147 776 813 1046 1092
841b267c180cc030,369 754 872
841b3c2354343937,147 552 639 671 780 1034
841e7826a5674ef2,147 161 189 813 961 1092
84203d1e06db80fe,51 70 156 418 477 671 780 813 835 1092
8420a673fea2483c,51 147 332 418 541 542 543 753 796 813 949 1072 1092
84221da1b5b49c39,147 189 418 541 542 731 742 796 940 942 1072 1092
8425e30cf96d04af,79 189 925
8437ca211d25bd58,369 477 738 813 1019
84380b0cb4bc83ca,147 189 744 811 813 903 1092
843c457148bde76b,51 147 189 744 813 903 1092
84418bf2f74f2e48,121 304 464 634 840 872 1092
844cb89a5ccf7ae1,111 147 189 538 541 663 742 813 1092
8453dcbc2561c4c5,51 111 147 156 212 335 369 420 477 586 650 671 738 780 784 813 835 1039 1059
8457efa43f7c2928,147 189 663 707 800
845f21e421bccb8e,45 147 156 189 259 744 813 896 903 949 1092
845f4182b5b95c3e,147 189 663 800 813 1092
8463fd7f8ec55435,121 125 304 369 495 754 884 1039
846aa4d443f9667f,51 147 616 813 1092 1093
8471ee2e8cfec7f1,13 147 400
84872126020ed176,147 156 335 477 554 612 671 780 813 835 1092
848ba8194a54ccf3,131 147 189 259 409 410 418 426 541 542 595 616 753 778 796 813 838 949 1072 1092
848d2a1213d3bea1,79 450 477 624 639
849c2f0a70a308c9,13 111 420 483 676 738 776 813 1046
849dbbc2335f3a65,99 121 487 758 1059 1062
84a6674c162e2a7,13 776 830 1046
84aded94461a4980,121 650 1059
84af95309fbe7974,51 147 156 283 490 508 671 1059
84bbb1bfaf28beff,335 813 1092
84bbff0b6a495e2b,131 147 189 418 541 542 543 731 796 813 940 949 1072 1092
84bfadd028ec4410,13
84c0b14e5af730ef,51 147 156 189 430 434 501 545 559 738 813 1092
84c4269679c565ff,189 541 595 663 800 813 940 949 1046 1092
84cae01acccc1047,13 51 147 744 813 903 1092
84e73c99e39796a2,156 189 259 420 541 663 733 734 800 813 835 993 1020 1084 1092
84ead58a6c8a9ce8,13 813 896
8501d9804f296f87,51 147 212 489 1059
85024ca1a45adcdb,51 147 552 671 780 1034
850f84bcc5b03ed4,79 194 477 555 568 624 671 749 925
85109efc98a2d80c,51 111 147 492 524 538 616 627 674 742 747 813 861 1092
85110e5f8a7a4086,188 369 1059
851d05ffc0da22ac,147 189 335 369 378 671 780 1034
85329106eb6549c1,231 1039
8559655f8de61644,51 147 413 434 559 621 1092
85757e2b8b4130ff,480 483 494 501 545 737 738 1046
8579c0b87f4e7617,724 744
857a3b2a335fa83f,33 582 1023
857c3c89987f4190,13 51 111 147 480 483 613 669 738 776 813 923 963 964 975 1046
857ff4b194971f03,369 438
8584f26f285f1b6b,121 1039
8599d0bef9bae0c9,51 188 477 597 671 780 1034 1035 1059
85a2e8fdabab902e,70 111 147 189 259 541 542 742 813 916 949 1072 1092
85a8623c696eab2c,79 420 616 784 961 962
85aa56b69e0b2753,597
85aaf122461d47e9,121 433
85ad084cba7befb6,13 813 896 1092
85adaa90485acce8,121 962 1059
85d5cb07152191e8,13 14 51 552
85d87b36923040a6,13 14 51 147 626
85dd05d1e130c5b6,147 552 639 671 768 780
85de0bb56a94712e,13 51 111 147 420 480 483 494 501 519 616 733 734 737 738 813 975 1046 1092 1093
85deb32cc78e330d,51 111 147 189 538 541 698 742 813 949 1072 1092
85e3114eef8dfadc,13 41 147 552 671 768 780
85e9270f0009f9ec,121 433 813
85ee500dfb471203,194 404 698 744 813 916 1092 1099
85f052d197274676,147 189 434
85f2187aec4037cf,13 830
85fd1a8055e8dcd8,51 111 147 420 480 483 616 733 737 738 776 813 1046 1092 1093
86089bde36c5a96,239 738 813 833
8608c24a2b15dd38,51 147
86099253b137ea1e,188 420 477 488 733 813 1092 1099
860dbeced343892d,51 70 147 189 813 949 993 1020 1084
861b77248694814d,147 156 189 733 813 974 993 994 1020 1084 1092
861d7c143b359a12,188 558
861e905579a09394,51 147 189 434 485 603 615 858
86272231f0531679,156 259 541 542 813 949 1092
862cfcdcc285ee6,51 147 189 733 744 813 835 903 1092
862fb3db2a3848f7,188 428 558 1099
863b41ea57676170,147 161 304 718 813 1092
864f0ceb8dd824e6,51 147 156 508 536 1005 1059
865d8e4afe8ca316,156 173 189 227 252 813 961 1092
866aaaeec1eebee3,79 188 489
867b7c8c03b75180,70 147 189 477 485 520 603 671 780 835 858
867c2a3b69ec28f4,369 587 766 1059
868e5a1a2e201449,121 304 884 1039
86a7765c4888c979,13 147 626 671 780
86b40b84566d5e56,79 194 477 624 671 780 1059
86bc91927fad4ab8,99 121 813 961 1092
86d5297213d3dea1,156 369 665 1059
86ddd866f67c1133,189 418 541 800 813 835 949 1092
86e4e98783a3517c,23 33 99 420 477 738 835 962
86eb9bad37a6ae7b,51 147 189 430 434 517 559 615
86f0be26031934bb,480 483 738 813 975 1046
8706f6d753ae284d,147 1034
8709c1e493cbbec0,51 147 156 212 477 554 671 780 1059
870b36661a7b6014,147 189 663 800 813 835
870cda0a2763e89f,147 671 780 1034
870d720c770ce53b,51 188 733 813 890 1092 1099
8720111e9861676c,51 147 156 322 584 671 682 780 929 1059
87373475c7f6b3d3,51 111 147 524 616 742 747 813 916 1092
873a78d9764dd2af,156 418 541 542 753 796 813 949 1072 1092
87462703dc32e461,304 369 774
8746be172b817ed1,147 189 485 813 903 1092
8749d2268970de9e,51 111 147 813 993 1092
874b9144451e24b8,165 189 375 612 813 835 1092
876aadc50d6bb17c,147 156 189 1084
876d915c6e229523,369 582 1023
8771d6da3868f3be,194 404 744 813 1092
8781cf0b588c753,13 147 552 671 780
878a5ebe6f5e376b,147 189 335 754
878f4d3e7cd5f874,79 194 1059
8794746b01f558e8,13 813 896
87970d585d99cf2d,194 477 671 745 780 886 1059
879fefe7b37f5028,121 369 1039 1059
87a5331dc7cced29,121 704 724 813 961
87b2dcd69414caf,369 587 766 1020 1059
87b6833113f61b,111 147 189 813 1092
87b86d65e5b2e639,121 415 420 724 822 961
87c3110259ef2dec,79 188 465 1059 1062
87caaf0f28d273c0,55 131 147 671 768 780
87e4f1dcab21f02c,51 156 212 584 628
87eab0216301b740,369 436
87efd7db6ce6f4a0,147 156 189 259 420 462 733 734 738 813 835 993 1046 1084 1092
87f8b3da9b7454d6,79 194 477
8818a80e64777fb4,121 1059
88272ab4d3f3e6cb,121 464 493 840
88273631d6850ee4,79 194 477 671 780 1046 1059 1062
882c1176388c203,184 369 420 1039
882f524f53ccf6dd,121 1039
8848fb285d5a88b1,698 813 896 1092
885350fe9d53af8a,51 156 259 580 733 744 813 993 1084 1092
88535e40350c3f3b,51 147 434 597 671 780
88579ba1c5793e8e,51 147 189 462 480 733 734 738 776 813 993 1046 1084 1092
8857c29c6b326fa8,147 156 189 720 813
885a0cf3ef1e031e,51 147 189 552 671 780
88633fbed4844abd,147 189
886571d4ef241526,434 813
886e33196c7ac9dc,79 487
8895fc5a789eb0ee,51 147 212 283 323 515 1059
8896dbc5fdc76752,304 1059
88991065bfb7cb6c,13 756 813 1092
88a95f325e0ebd87,13 147 189 718 813 896
88a9c82680b39bfa,51 532 747 813 821 1022 1092
88ac8ece2fde8ae7,131 189 768 1034
88b53db6c71e0af0,51 70 147 483 738 776 813 830 1046
88b578b51c205662,184 884
88b85a4042de44,13 51 147 524 616 698 747 813 916 989 1092 1093 1097
88bc9d75a2288e44,189 430 434 501 545 559 622 692 738 871 931 1001 1032 1089
88c0794bb256cfe2,51 147 156 212 671 746 780 1030 1059
88c6b9d020cd96de,147 189 813
88d250ee3cd74d76,51 147 156 283 495 554 597 650 671 780 835 1059
88d29f1ed9cb0668,79 156 194 477 480 584 671 737 738 776 780 813 1046 1059
88d6283502a5b5e8,64 107 147 165 189 335 554 612 744 813 835 1092
88db410d849d40d,79 461 639
88e5b13eff5b9ac1,25 161 584 813 953 1059 1092
88f3ec110619d4ae,369 436 587 1059
88f414651554d598,25 161 489 584
88f9a76a7b7d028f,51 147 586
8901e01ea694b6e2,194 492 698 744 813 821 1092 1093 1099
8916b41e9fce15d1,156 189 259 406 541 645 663 800 813 1092
89208e3017acd35a,111 189 784 813
8923b1b81d737ea4,156 189 477 554 720 733 738 835
893102aeaa8ec046,147 189 306 744 813 896 903 1092
893477a1cb98de8a,99 125
89397ee06850adce,13 51 147 189 430 434 501 545 559 738 871 1089
893b1e92beea24a7,13 813 896 1092
89451c7fe8920804,369 436 720 1059
895f89a7e52aee7,79 156 465 477 584 671 780 1062
896b970b28e91bd9,194 809 844
897295fa03f876d0,51 147 156 189 259 430 434 501 559 813 1092
8977bb5637a22f19,121 433
8978f8f11e79a247,147 156 720
897e9f40f31db9dd,51 147 212 283 1059
899012ed4e12ca86,147 189 306 744 813 903 1092
899ea8665f7c826a,25 161 800 813 1059 1062 1092
899fa35530d7662f,121
89a7ef01429164b8,121 125 369 489 584 1059
89af1b935e5314b1,111 483 737 738 776 813 830 931 1046
89b1aa8d121796fd,13 776 830 1046
89c66ace77d8399a,35 184 754 962 1039
89c9512910887e59,147 189 813 835 903 1059 1062 1092
89ca8cd1c6b7ee50,51 147 1022
89df2abd62bd5902,51 147 189 744 813 835 896 1092
89e9eecbfb42f2c1,188 369 758 1059 1062
89efb1e3486c68cd,147 189 369 671 780 1034
89f7143f4ff7bee0,13 896 1092
89fe31f3062576f6,51 111 147 156 189 335 369 420 477 554 671 738 813 835 1059 1092
89fec84017324daf,13 147 698 813 903 1092
8a00cf81588c3550,369 671 726 1059
8a07e6c5484034d0,51 147 477 780 1059
8a0b4cef5e6690b7,369 477 671 726
8a124e30a97bf3a1,51 188 189 420 477 733 734 784 813 835 1092 1099
8a1c8daedec28876,51 147 212 889
8a1e3cc8209d9e8b,111 147 189 259 420 483 573 616 701 733 734 737 738 776 813 923 971 973 1046 1092
8a1eea92ee59aac1,155 189 378 768 1034
8a2a21f73fe9020d,13 51 70 147 676 737 776 886 1046
8a2b3fecdb9691bc,51 111 147 480 483 725 738 776 813 830 923 1046
8a2d12d75ea50b86,13 738 813 1092
8a2fabd7a313f66,48 51 76 147 156 227 477 671 780 813 1059 1062 1092
8a389b9ba3540787,156 465 1059
8a4441949764f1fe,51 111 212 586
8a4a2b5e7c9cca1b,51 147 616 744 747 813 952 1092
8a4f32a7aef4d519,13 480 776 830 923 1046
8a6676738512d785,156 259 485 541 813 949 1020 1092
8a7057604d1156f6,51 147 552 671 768 780
8a7527748bcdcca4,147 671 780 1034
8a7d4d6d792bae6f,194 480 483 813 975
8a87ad792923d78f,597 962
8a8b79646112cd7,188 428 489 612 1099
8a99fe91cd2a93de,147 156 189 406 420 449 477 583 645 663 721 800 813 835 849 953 1046 1064
8ab6f15c25a5577e,13 813 1092
8ac2bcf616f4e627,79 194 487 1059 1062
8acd3f97f39f4582,121 433 724 813
8acebfd48455bec6,79 156 369 1039 1059
8ad73afc4c3e767d,79 121 465 1059 1062
8ade092af4e39486,51 147 744 813 896 1092
8ae75d787316b028,189 418 541 731 742 796 813 835 940 1072 1092
8af1056d325d2b74,147 188 189 477 597 639 671 780 1034
8af396762e4f791f,79 188 189 369 671 780 1034 1035
8af4cf502408b042,121 313 962
8b02dd71792317bc,13 147 716
8b0e084bf9920b0d,51 744 813 903 1092
8b0f85a26b1639f5,51 147 610 616 627 744 747 813 952 1092
8b11a6901776c3de,121 724 922 955 962
8b1c6a9dff0e4e8a,13 51 147 189 552 626
8b2bd55b779ab0ab,121 813
8b371d2e618d50ba,147 189 538 616 742 813 835 1092
8b4ef89510575971,13 51 147 420
8b6d11f3710c2588,147 189 744 813 903
8b750c2b0a115ae0,156 733 754 813 835
8b77bd8b22acc856,194 480 483 494 725 737 738 744 771 776 813 830 923 963 964 1046 1083
8b88cc8b41cd4a59,111 147 156 189 671 780
8b97b6fca0a42126,79 194 461 477 576 639
8ba6449b84a68291,51 147 597 671 780 1059
8bb1340ad1ec0521,147 626 698 813 896 1092
8bb2a99725dec616,111 147 420 538 616 655 671 813 835 971 1046 1092
8bbee27a9f9756ca,332 418 541 542 616 813 1025 1046 1072 1092
8bc1179d173545ee,51 147 477 513 650 663 671 780 784 813 835 858 953 1062
8bcb9d0e7f81fb0e,189 436 1023
8bd3051ad2fa18d9,121 433 813
8bd6bb7506e85d34,51 147 156 477 480 483 501 671 737 738 776 813 1030 1046 1059 1092
8bd98caa4e74d7cf,147 189 780
8be825005352572a,51 156 212 420 477 554 612 671 733 738 744 746 780 813 835 1092
8be87123329eec68,147 156 189 485
8bee689c1dfd6891,121 724 744 813 955 1092
8bf753e7a30cfdab,133 147 189 378 796
8bfa460a551418b9,147 552 639 671 780 1034
8c0ab6b97678cc05,369 587 766 884 1020 1039 1059
8c1cb9d66f92a9f4,13 147 698 813 896 1092
8c2721ef90ac4a5c,188 420 477 612 671 733 780 813 835
8c279baf404793b7,13 776 1046
8c3323564f5ef60a,189 597
8c3a154e332899f0,147 156 189 1039 1059
8c3adb55601c956f,147 744 811 813 903
8c434e00cb0cfa3,663 800
8c46b1cac6933959,13 477 668
8c47b753d957b73f,13 813 896
8c5688c8014449c3,51 147 156 541 813 1092
8c5bd4b0603c7354,51 147 189 283 322 477 554 612 671 746 780 835
8c682663f98b79e4,194 477 671 780 925 1046
8c7542117aa7b933,51 111 147 189 813 1092
8c7cac1212a3f1b8,156 189 259 418 426 541 542 543 579 796 808 813 947 949 1072 1092
8c9fdcd2cbde4148,194 809 844
8ca399541333bebd,51 147 259 420 477 492 538 616 663 813 835 1046 1092
8ca496edc10ed810,79 194 489 1059
8cb368ab2d93f893,13 51 147 189 552 555 626 639 671 749 780 925
8cb94e93f97726c6,51 147 156 189 252 813 961 1092
8cbcbba676d26bec,79 147 189 307 369 477 612 671 780
8cc62dfd40fe8503,131 147 189 418 541 813 1092
8ccea89d211a8f06,147 189 492 813 1072 1092
8cd4fd7ef7e8df39,13 147 231 744 756 813 1092
8ce8bcf4b300f269,111 156 189 259 420 541 616 784 813 1046 1092
8ced3e270014a317,40 147 283 420 477 532 671 738 780 813 1046 1092
8cfa923e2c7a6c0f,147 189
8d0ba150bbaddeed,79 194 477 489 671 780 1046
8d17f525782d9918,79 420 487 738 1059 1062
8d18d10cd0dedb38,147 156 189 733 738 744 813 1092
8d197f9843ddd5d4,189 597
8d1a419845f87c65,51 147 189
8d2b5d4297cbf2ae,45 51 147 716 718 813 896 903 1092
8d2b62a27de6e62d,51 147 532 1022
8d3e165b995d9db,70 111 147 189 718 813 896 903 1092
8d6170e2bf207f54,189 304 487
8d72af21faf3b315,304 465 584
8d743d3938da78f,147 189 259 477 813
8d7486ec651edabc,51 188 335 477 489 612 671 780
8d74d1203d840465,79 461 477 576 639 878
8d78b41858a5383b,51 147 420 483 573 616 734 738 776 813 830 923 971 973 1006 1046 1092
8d7c7e2f068d4782,147 156 335 554 671 1059
8d7e6fa64def63d7,239 282 477 487
8d8748cd95536ca6,13 14 51 147 552 626
8d8c5c366121ca6b,663 813 1092
8d8e1e717bb8328e,147 189 434 485 559 615 744 813 1092 1099
8d901258adda6aa2,217 236 1061
8d9364e88c45253,184 313 438 819 884 1039
8da14b49d4e17093,133 147 189 335 418 541 543 796 813 940 949 1072 1092
8dab8ca0c5a9b30e,147 671 780 1034
8db55be509fcb9b,111 156 420 477 639 671 737 738 744 813 835 950 1046 1092
8db80a7e882afa9,29 156 227 369 393 477 489 584 671 780 813 954 1046
8dc12925f5b76d30,147 189 283 1059
8dc671a8792dc266,131 147 189 335 418 671 813 1034 1092
8dcb98994d1b51d8,51 147 156 227 369 420 477 540 616 671 733 734 737 738 776 813 1046 1092
8dccbeb974f36535,194 404 655 744 813 1092 1099
8dd87aae0f443ce3,51 111 492 616 627 674 747 813 1092
8dddb942fed6e7e9,147 189 477 597 671 780 835 858
8de97139a35dc699,147 189 335 418 541 542 543 579 581 753 796 813 872 949 1072 1092
8df18b971070ab6c,131 133 147 189 378 663 800 813
8df26e1facfae978,13 51 147 524 756 813 952 1092
8df30fc3c7d3418,51 111 147 212 586 1039
8df6d28729f735b2,121 433 520 724
8e0064a52aedeef,13 776 830 1046
8e0112ec6973aa49,13 147 477 485 744 756 813 1092
8e01f62bbe0b25bc,147 156 189 252 418 813 961 1092
8e020a11af9a3885,147 554 744 746 813 896
8e074c6e41e0840d,188 369 774 1059
8e0eced16836a63,99 161 304 718 813 896 1092 1096
8e11d943159bd18f,51 147 156 227 339 477 671 758 780 1046 1059
8e14378b41ce8b9d,147 156 189 378 758 1059
8e279037c4e44e54,64 107 147 165 189 554 612 813 835 903 1092
8e296998cf8b4f28,111 147 189 492 538 541 698 742 796 813 829 896 916 940 1092
8e2a78aaddf61739,121 194 1039
8e3181a9bc7768b,239 487 650 738 813 1059
8e31846328dcdfcb,369
8e40c189a700ef49,786 1059
8e4b66a620f259fa,13 121
8e4c39ae2084a895,147 156 189 485 603 671
8e51d555b1d27270,51 147 156 650 1059
8e66404ca8bb088d,13 405 896 903 1092
8e775b6abb9eec83,51 480 483 725 737 776 830 923 1046
8e78a5ffeebcfc83,147 156 182 189 813 835
8e7a79a680d69d6d,45 111 147 156 189 259 480 733 738 776 813 993 1092
8e946b0c4082eef7,121 415 872 962 1039
8e94f3e5cc909b84,147 189 744 813 903
8e9cae69aa39946e,189 194 671 780 835 1034
8eae7168c0425a51,194 655 744 813 1046 1092 1099
8eb402b4b9a57955,147 189 800 813
8ec03fe50430d12a,615 813 896
8ec51e1e1d79d446,99 121 489 584 1059
8ed568d841c1fac,25 161 420 444 534 733 734 738 751 813 953 974 993 1059 1092
8ee8a48a390180e7,51 147
8eedbb221c6e0eaa,45 111 156 259 813 896 1092
8ef3edb9b8d6ddad,79 194 612 671 780 1059
8efb3ef4e6b7d8a9,51 147 156 189 485 813 1092
8f1956e2bf1fe087,121 420 433 734 738 813 1092
8f20468dad728862,147 189 375 583 612 663 800 813 835 1064 1092
8f255400617bcccb,147 671 780
8f2b4bc3331242ed,147 156 189 485 671 780
8f3832119237fdc0,45 111 147 189 718 813 896 903 1092
8f3df7aae122f0a6,51 147 189 597 671 813 835 1092
8f452ec3a35d7900,121 724 955 962
8f458d638b663a1f,147 552 671 768 780
8f51791865f11bbb,184 489 584 1059
8f6f88a4742da74f,51 70 147 189 663 800 813
8f716cae43a0a7f4,188
8f739da4e134d03c,369 438
8f7cd4e885ab8c5c,51 147 156 189 485 615 744 813 896 1092 1099
8f886a289f86660d,369 1059
8f8c5839074eb706,99 188 304 428 1059
8f931650344aab2e,161 634 872
8f9775115f97413a,51 111 147 492 813 896 1092
8f9d25aad679c4c7,45 111 156 189 259 480 483 494 501 733 737 738 776 813 931 1046 1092
8fa2db0fcb3a1070,239 477 487 738 813 835
8fb012fa057e7ce9,13 427 489 671 682 780 972 1003
8fb0c04fadf676f5,147 156 189 322 477 583 612 663 813 835 954 1046 1092
8fb508c743b186a0,420 477 671 738 780 813 835 1046 1059 1092
8fb8db7d9072ad62,156 189 259 418 420 541 542 733 744 813 835 993 1092 1099
8fc328b4242471db,13
8fd0e9d2edf1218d,147 189 738 813 993 1084 1092
8fdb4ddf4266141f,121 433
8fdf01418ec58cab,430 434 501 545 559 813 931 1032 1046
8fe15c5d6fea0763,51 147 332 477 639 671 780 813 1034 1035 1046 1092
8fe5a0a6e1a71f70,369 718 813 1092
8ff12ed068c8ecd4,194 477 612 671 780 886
900f4a4c9a7f2964,121 464 962
9010436f58d8f52b,13 14 147 552 671 716
9013f3edb4c7ccd5,147 189 813 896
9014e3cc45d6539d,180 280 354 497 498 650 718 813
901efdc61fa025a9,188 764 813 896 903 1092 1099
902c681d64df4285,121 304 464
902f08ff56d8e9cc,13 14 51 147 552 626 671 749 780
90347ff93fcd46fb,147 189 259 541 542 744 813 835 1092
90369937e8f2342b,79 189 369 671
9039ba9f5846e35c,147 156 189 283 477 554 671 780 813 1059 1092
9052ca1c10730c6e,125 161 800 813 961
90587cc9e98e30b5,121 433
906507cfb99a63a3,29 51 76 147 156 477 506 612 671 682 745 780 886 929 1059
9068b82282aef82,156 189 259 583 663 760 800 835 953 967 991 1049 1064
906d5eb74815df8b,99 121 489 1059
90938c9fa84468ee,188 194 420 477 624 671 738 780 813 1046 1059
909dff48e15e12b9,194 480 483 738 813 975
90b2ab419272b99,51 665
90b6c0b1bbe0434,13 51 480 483 553 725 771 776 830 923 963 964 1046
90c33bf0f865c1c0,51 212 489 554 744 746
90c8ac86b8248eaa,147 671 780 1034
90d3599a8e8cdef8,13 14 51 147 626
90d3cf9ba3a94c91,13 477 671 1092
90f48221b12b5c6c,51 147 554 744 813 896
90f7c515c8112c64,147 156 189 259 541 542 543 579 753 813 949 1072 1092
91007c6d13bf6097,161 189 304 423 425 511 663 706 707 800 813 955 962 1092
91025359df9c3641,194 477 744 780 813 1046 1092
91132dae2d32383d,51 70 483 725 737 738 776 813 830 923 924 1046
91204b804d12b9be,147 156 189 462 733 734 744 813 835 974 993 1020 1084 1092
912076ee4867c9fd,156 189 259 420 477 538 583 663 784 800 813 833 835 908 953 1092
91266638cef0a1a3,194 477 671 780 1046 1059
9132591569cfbc98,147 189 425 583 663 707 721 800 953 1064
9132a260b3d1ea16,189 434 480 738 813 975
9133491c3a2d0b3,13 480 483 813 963 975
91353db2c17d18db,369 1039
91406aae86cd1c68,147 283 322 612 671 682 780 929
91458ecdc8c43e1f,369 1059
9159508d2213bfcc,147 156 189 259 485 541 813 949 1092
91678e0a13983b8,111 147 156 418 538 813 940 971 1046 1092
9169c07c5754d9c5,111 156 541 542 753 813 949 1072 1092
916ac548b5e8225e,161 204 813
9170cf11e1b77446,497 498
9171a9dab8330cad,156 189 259 541 663 784 813 835 1092
917cc9629012c7d4,25 161 444 734 800 813 953 974 993 994 1059 1092
91825faa131810e4,121 962
91850bcd9587fec4,51 79 188 189 552 572 597 671 780 1034 1035
9185f7edbac8ba8d,121
918713d1775a953e,156 485 639 744 1099
919d0c110445d93c,147 639 671 780 1059
919ee29085962b72,79 194 477 612 624 671
919efa35eba4dbc2,147 156 189 477 554 650 671 691 780 784 813 835 858 953 1062
91b4f7559ae6ed00,79 194 671 780 1062
91c21bbea805dc,188 428 465 744 813 1059 1099
91cccc98293804bd,13 51 70 111 147 480 483 725 737 738 771 776 813 830 923 1046
91d2fbfba6d45d57,79 280 354 482 497 498 791 1092
91d6af95b4a8fc1e,626 896 1092
91dffd359875ca8f,13 477
91e3ee6b7cc320e2,231 615 744 813 983 1092
91eaba2ba0f97a1b,489
91ecb8079e1b01bc,121 433 724 813 1092
91f084734a1db0f8,231 369 1039
91fc3cd7a9bcecdd,51 147 156 212 420 477 554 650 671 780 784 813 1059
92006a1fa2c05982,13 189 434 480 483 494 501 512 545 737 738 1009
921595d9f2e4dd3f,121 813 1092 1093
92173b8a08802dfd,51 147 335 698 813 1092
9220f001acde8d53,188 189 335 369 477 671 780 813 1034
9221525b62870d22,813 896 1092
922606618081b4f0,51 147 420 483 573 737 738 776 813 923 924 1046 1092
92269b6778840465,13 51 147 813 1092
922a2d4bdbfcbaa4,51 147 188 189 477 572 671 780 1034 1035
923b6cb60a320d0f,156 418 541 542 579 813 993 1072 1084 1092
923e4a608e49a394,156 188 189 671 768 780 1034
92543e27cee4a80,51 147 744 813 896 952 1092
925c2de4bb6ea01c,189 597
926509657a073443,13 430 434 501 545 649 737 871 1009 1089
92696ff6041fce46,51 212 554 746
926c91f1d35d26d5,147 498 680 718 784 813 835
9283b7e586569d8a,67 245 289 369 587 766 1059
929c6fcba0d1b878,121 464 634 840
92b0bce4b1a97664,51 147 212 554 1059
92b9ad646dfa6b3d,304 558 718 744 813 903 1092
92c7c0c920c2d6a,13 51 147 434 501 615 1089
92cbe03d0d3e9fc,111 189 480 483 738 813 963 975
92d4fef49a463923,189 259 541 542 595 663 813 835 1072 1092
92d8d60706ced711,13 14 51 147 552
92e71481953939f5,51 70 147 189 813 835 1092
92ecf3c32de9f582,45 147 156 189 584 813 835 1058 1059 1062
92ef3375322b0477,147 335 813 1092
92f1a21842647379,369 587 766 1059
92faaa600c6b6acb,189 418 796 940
930e123d2e231e7d,147 189 369 420 1039 1059
9323f65f3d609705,121 433 1059 1061
932634be58aea9f8,188 647 758
932a6ae548480984,79 487 1062
932c25f1640ac867,45 156 259 813 1092
9331c0e167a1707,147 189 744 813 903 1092
934283759d473160,45 111 147 189 480 483 494 501 737 738 776 813 923 975 1046
935da2df08016e54,13 51 147 552 626 671 780
93628b2b470d0592,189 584 628
936dc21575d049c6,194 480 483 494 737 738 830 923 963 975 1046
936ef00a972379d4,615 813 896
936f65ea0228e196,99 813 823 961 1092
9371432ed2a95df2,51 147 212 489 584
937ce32f70523821,131 189 378 671 768 780 1034
937da05c6fc0af7a,194 490 813 1059
937e526504c5e79f,51 147 212 283 323 556 647 758 885 1059
938032ade007b550,180 750 1099
9381047c2e7c4ae2,194 404 744 813 1092 1099
9392f0d9be1ff45d,147 189 418 541 813 835 949 1092
9393e7e1eabe924c,188 369 477 1034
939941734068d249,13 698 813 896 1092
93a2edb63bfcfe28,79 194 1059 1092
93a3e8cc10f7074c,147 189 418 541 553 663 813 835 1092
93a5f79daeabcf8c,147 434 597 603 671 780
93aa0c02859c46fa,51 70 111 147 189 492 698 718 813 896 1092
93b26593474cc8a1,634 872
93b997a4b19bf5c8,615 813 896
93b9adcae9c61f0b,51 147 189 462 480 501 519 548 554 580 670 733 734 738 813 975 993 1092
93d6330b6615a37f,147 156 189 335 418 541 579 581 753 813 949 1072 1092
93dbfe45b2848ab2,147 188 189 335 597 671 780 1034
93ff317a5d3cd6aa,79 194 744 890 1099
93fff003b1125c56,369 563 566 1061 1099
94092cee95be72b6,147 189 541 796 949 1072
9411957f9539bc7a,13 813 896 966
94130cecfe466701,79 147 477 506 671 780 1059 1062
9413123924c744a4,492 532 698 747 813 896 916 1022 1092
9420aae7ae18bb45,147 189 259 813 993 1020 1092
9421512354186eda,182 754
9424972d0461e73d,13 813 896
942aa7b09d47bd8b,51 111 147 156 212 554 556 647 671 744 746 758 780 903 1059
942eb1d8819c3404,51 147 616 744 813 993 1020 1092
94331b574155b099,369 563 566 615 1099
9451ea474c1a68f8,51 147 283 671 780 1022
9468b2336b3da0dd,51 111 147 189 813 896 903 1092
9471e2c369be70a6,189 369 1034
94755d903ca04021,79 194 477 487 671 780 1046 1062
947e03c35ec46988,51 147 156 227 420 477 540 584 671 738 780 813 1030 1046 1059 1092
9481f2e21ff7ba17,51 79 147 156 194 489 584 671 780 1059
949a996766769b55,147 189 520 554 691 744 813 835 896 903 1092
94a1640bc1aa9af4,13 813 896
94a871284b0a04ac,147 156 283 738 813 1059 1092
94b174fca56aff86,51 147 189 663 800 813
94b799c3c1a21f98,147 188 189 194 671 780 1034 1035
94bc079ef72cfede,147 156 485 671
94c25be0cb691bad,13 147 189 718 813 896 903
94ce856f940cbf15,51 111 147 369 420 477 639 671 780 813 835 1034 1035 1046 1092
94d3d713246dd38c,51 70 147 663 813 835 1092
94d75d4576e66752,51 676 738 776 813 924 1046
94d9039a5f8f5d8a,51 147 744 764 813 835 1092
94e344136e4fec25,962
94e754ae3db76729,156 189 335 552
94ed6aec7a1827b3,147 156 259 554 579 744 813 896 949
94f2775f8fd3b447,13 813 872 896 1092
94f3b617f766db9f,51 156 369 420 477 668 671 726 780 835 1059
94f9eed9ff19f4e3,121 194 1059
9501a419f2df1860,13 51 147 156 833
950242a481bd2afa,51 194 488 813 833 835 1020 1092
950c203cad19374a,25 161 420 477 534 733 734 738 813 835 953 993 1059 1092
951366fae2a17dbd,13
951ff3d86f26ffcf,147 433 434
952540b43b205756,13 519
95288b50b4fc0602,51 147 671 780 1034
952d79dde2667bf6,121 304 464 634 872
9537a08c1372aa8a,51 586 884 1039
953bcba38a33f8f9,51 156 259 541 580 616 813 993 1092
95400c6d49ea6aa0,121 369 420 813 961 1039
954aa268d296264f,313 650 718 813
954d57defad906e9,79 477 624 671 780 925
955541fbe41642d0,147 156 189 665 1084
9556a3704e71a061,51 147 833
9557e8f0ef715d9b,55 131 147 671 768 780
955fef57c3f88801,147 189 718 813 903 1092
95606b5341bb07a0,147 156 189 485 603 607 671
95933429458948fe,813 896 1092
95987be6d687000c,13 147 552 671
959e1863a1f1ac86,121 147 650 718 813
95a77f083748ec64,156 1039
95b568dfebe863f6,194 404 813 1020 1092
95bacb118b8a6c35,79 147 671 780 1034
95bc4655026d072f,79 189 477 489 612 671 780 813
95c053be9df1427a,51 147 813 896 916 1092
95c310faf12fa099,492 698 813 896 916 1092
95cd0fd5d23799f7,189 480 670 813 975 993 1084
95d643fa671fec7a,744
95f3062bc2aa54a7,70 147 189 418 541 663 800 813 949 1092
95f7629d9f321e9e,70 147 189 418 541 542 543 579 595 753 813 949 993 1012 1072 1092
9601a91ec5be72be,121 161 650 718 784 813
960e0ce11bf93f71,13 51 147 552 626 671 780
960fbc266f8e1a6d,194 738 813 844
9611875b504faf1b,79 477 624 671 780 874 1046 1059 1062
96140e421e5d3ce,99 161 758 1059
96184322efb4c587,194 420 477 624 671 780 1046 1059
963d06d5d54dd157,813
963ed02f7acba21b,51 147 978
9651635a2f12c87a,147 189 663 800
965c81d34d6f2e59,13 147 616 676 690 698 737 738 776 813 866 924 1046 1092
965e5f07905b543f,13 51 111 147 420 480 483 494 501 545 737 738 776 813 923 931 1046 1092
965f4a87040e5ad8,45 111 147 480 483 738 776 813 923 963 964 975 1046
966958501b1f5a57,147 156 189 485 603 607 671 695 999
966ce209c3ada29d,13 663 813 896 1092
966e4e122618e80d,51 147 283 322 477 612 671 780 813 835 1046 1092
96732c99f0f95a60,13 776 1046
96742d3bff244f03,79 194 671 780 1034
96770f1150890b9a,13 14 51 552
967bf91fee8b6a43,121 724 744 955 962
967c6e4946623e05,156 189 1084
96851d9a1649b6a4,147 189 259 420 538 583 616 663 707 721 800 813 835 953 1046 1064 1092
96884c7338759ca4,111 189 480 483 494 501 613 737 738 776 813 923 975
96949f562f082ef,51 131 147 156 332 409 418 422 541 542 543 753 796 813 949 1072 1092
96a964c666412051,79 121 420 784 961
96ae9df673420325,13 51 147 552
96c3b5225a3ccbf0,45 111 147 156 189 680 809 835
96cc436c1797968f,51 147 189 434 813 835 1092
96d212e047fc881e,13 480 483 501 737 776 1046
96da50b909624189,99 121 420 784 813 961
96f1b32f49a52d35,51 111 147 420 483 573 616 737 738 776 813 923 971 973 1046 1092
96f3705da4b9fd25,25 161 813 1059 1092
96f74bc83ba9052,121 415 420
97034418ef288dce,147 189 335 671 780 1034
9707f773851440bd,99 161 489 1059
9710e3d01209e341,13 405 896 1092
971396dd5d207032,51 147 485 615 744
9719eee386695488,13 147 716
972195e18ad41c76,121 704 813 961
9739f68d964de1e,147 156 189 744 813 903
973d6ebd0df82574,51 147 189 554 744 764 813 835 903 1092
974cba32c611533e,147 189 813 1092
974feb5b04e80266,147 189 813 896 1092
97564013f051b2c1,698 813 896 1092
9758c768aaad402c,147 833
97617a4962d2ecf7,147
976212100b75b738,231 615 744 813 896 1092 1099
97622d72a1487313,147 283 420 477 551 663 738 813 835 1046 1092
9769a59284129789,25 161 800 813 953 974 1059 1092
97701c595400720d,51 161 612 813 903 1092
979f78a78f456f4a,51 127 147 597 671 780 1034 1035
97a6744f2dd4cc10,51 147 189 597 603 671 780 835 858
97a81a7b29906ed0,147 698 813 1092
97bd0889cf8beba0,156 189 335 420 477 738 768 813 835 1092
97bd4ec0b8093931,1059
97bda41500c25035,25 161 444 534 734 797 800 813 835 953 974 1059 1092
97bf9e8fbcc1f928,121 161 955
97c49d8dda020d45,161 489 612 671 780
97d46594602d6597,51 194 489 744 1059
97e1534aa92e1c5a,51 147 189 597 835 858
97e60cf3a2179212,597 813
97f3dd7328b17327,33 313 738 813 955 962
9808a80989205bae,147 156 189 541 542 579 744 813 949 1072 1092
9812cbd55df09fdc,121 1059
982199d7b815259f,147 189 434 597 671 691 780 813 835
98261d6dbf5bff9d,79 487
982ac9fe2d3eafe7,147 744 811 813 903 1092
9835b89dc2587043,121 962 1059
98473a0c8305b0ae,147 189 597 663 671 780 800 835 858 953
9848395fe1242b83,121 433 1059
985119fed3f52599,70 147 189 718 813 949 1092
9851d76e6efaf82,13 147 813 896 903 1092
9868eecbfbd7523d,51 156 189 212 833
98709122ff0c3afd,51 156 420 477 639 671 744 780 950
9873568b24d5dd52,147 189 434 835 858 1092
98770e5643e1da6,147 156 189 813 1020 1092
987bfcac14855d71,121 188 597 962 1039
987ff60a4def087e,147 189 734 784 813
988d90ff6485066,121 147 189 813 1092
98914f6d510a9b8d,13 744 756 813 1092
98978cdae1b75bef,184 249 1059
98a7db4a85c5d079,13 51 147 552 626 671 780
98a91b06f7c001be,121 194 1059
98ad8ee0bc678abf,70 147 189 716 813 896 1092
98bba22cb8df15d3,13 813 896
98c486f6217a2e6,138 147 156 369 393 477 489 584 612 671 780 954
98d502a64a8729b5,121 433 713 813
98df6e0affe317fc,189 259 813 835 1092
98dfe4fb544a6fe1,13 663
98ee8765890a6951,13 51 147
98ef6636ef477022,13 519
98f8afc2fd8bbf5c,121 813 1092 1093
98f9ea658ff8727c,156 259 541 542 813 949 993 1020 1092
98faa2b04ebbd767,156 420 489 584 616 734 738 813 835 1092
991c6c0ab5b7018e,51 147 156 189 420 477 554 612 738 744 813 835 1092
991dc34e91370c0e,239 369 754 1059
99231a29f65735f1,51 79 194 420 477 487 624
99253a9d2a8b02af,188 489 1059
9933969a1d17c2b3,13 147 480 483 738 813 975 1092 1093
99429dbce8843e55,79 737 744 776 813 830 1046 1099
994a37a08c31de11,188 369 464 754 1059
995a25273896783d,121 1039
9973c5b07203355b,13 51 147 189 615 744 813
998b93783901fc89,194 404 744 813 1092
99985c69f3774f9a,189 597 813
9998ca88f95462ca,45 111 147 189 259 420 480 483 494 501 573 737 738 776 813 923 973 1046 1068
999d48af517c5555,188 335 489 612 671 780
999fcb9304f5fb4d,99 304 774
99a183ba815e8f86,51 147 626 813 1092
99b4c4b6ea9f2e4d,13 147 1092
99b9e153b3f786dd,70 147 189 418 477 813 835 1046 1092
99c5ee5807312a29,369 477 671 738 813 1019
99d8634fd9bbaf15,13 51 147 480 483 738 776 813 923 964 975 1046
99e3ea3a3b8182c6,13 51 480 483 738 923 963 964 975
99e926cfccc8465f,51 111 147 586 671
99e9824edd13db7b,194 738 813 844 1092
99fac3201f007aa7,184 819 884 1039
99fdfff3dda65884,79 671 780 1059
9a01e568a4cfeb85,147
9a055f791c6c97fc,13 51 147 480 483 501 519 545 548 580 733 734 737 738 813 1046 1092
9a07eac9f46347c1,147 259 813 896 993 1020 1092
9a0bedcc79a0f8fd,51 111 147 189 742 813 916 988 1092
9a0e3e4c65b969d5,194 532 685 747 813 821 916 965 1022 1059 1089 1092 1099
9a1f8c4498b66431,121 597
9a20bbc487c04611,99 738 813 833 961 1092
9a21a57eda47cf4e,156 189 369 436 720
9a2b55e2572ddcd8,147
9a2fa6c4fd17f6b4,121 415 524 822
9a313dc001fc4ba6,13 14 51 147 552
9a43b750a6e83e15,99 304 586 884 1039
9a53a7da10c4ebca,99 813 823
9a576f69afb68e85,13 405 663 896 1092
9a600af37e94a13f,99 125 192 304 493 495
9a657f1e5aaf38ca,13 51 147
9a67d47d21f14591,51 147 196 251 420 477 501 616 733 737 738 813 1046 1092
9a68881ca88b7ec2,51 147 156 189 420 462 477 534 624 663 733 734 744 800 813 835 974 1020 1092
9a739a8eca3323a8,51 79 147 489 612
9a7a1fcf66285307,239 738
9a80dc18468575f6,79 194 671 780 1034
9a89c50e756cb55e,13 147 698 813 896 1092
9a8c07097756739b,121 724 955 962
9a92c86c550ac6c0,13 51 147
9aa1196cdbe7a92c,13 147 698 718 813 896 1092
9ab1b897d51764e4,51 147 156 283 489 554 584
9ab673b4c7d30170,121 420 724 738 813 962 1092
9ac7e896f97d6603,813 896 1092
9acb35b0e7cbda37,121 433 505 724
9ad3645145ed30d9,239 282 477 487 738 835
9add8aefd4f0af81,13 813 896 966
9ae0f2170a573e17,131 147 189 369 671 768 780 1034
9af34d40ac0be97f,13 147 896 1092
9af43d8339fb845c,79 480 483 725 737 738 744 776 830 1046 1099
9b11fd744803eea5,121 597
9b30e53d8c1c615f,156 189 259 485 541 813 949
9b3232e8526a34ef,121 125 192 495 1039
9b50f3b70e316b8f,51 147 156 335 495 579 671 872
9b52e67d1c579539,156 418 541 542 543 580 595 753 813 932 993 1012 1072 1092
9b5a893ed07a97bd,13 411 480 483 738 813 975
9b641446769ba968,147 156 189 418 541 542 543 753 796 813 949 1072 1092
9b695a31bed23e6,239 282 487
9b6b875c2c9d0264,13 51 127 147 716 978
9b6f158f299eddb8,79 188 489 671 780 1059
9b73e898781d248f,147 744 813 896 1092
9b786a743d8b138d,51 131 147 189 552 671 768 780 1034
9b79a2a4883629c,13 147 492 616 698 747 813 916 1092 1093
9b7cf75200b2d522,13 111 147 813 896
9b8b5931b2e0f0e9,194 485 538 698 744 747 813 916 1092 1093 1097 1099
9b95f304520470e1,121 304 489 584 1059
9ba03b31f793dda,111 147 156 420 477 616 663 733 780 784 813 835 1046 1092
9ba28371f125a371,79 194 813 1046 1092
9ba3711d22783eb6,51 813 952 1092
9ba651444ab83faa,13 51 147
9bae1cc45f6559c4,156 418 541 542 753 813 1072 1092
9bb13da706a0f6d,369 650 1059
9bbba2d01f04d88f,116 121 161 304 464 872
9bbfaec106a52401,51 111 147 189 616 813 1092
9be635f4f1288e19,26 156 189 436 720
9becd1baad24d25d,99 121 718 813 1092
9befac2f8cd7e944,189 259 492 538 541 583 663 707 742 800 813 833 835 953 1064 1092
9bf6110326960f84,13 813 896 1092
9bf9db348bd0ddb5,13 51 483 501 519 580 733 734 737 738 813 924 1009 1046 1092
9c25c7e4d037ae37,13 147 776 813 1046
9c2d9552913722fc,147 189 335 378 671 768 780 1034 1035
9c2f77bd4a18f888,51 147 189 716 813 896 903 1092
9c38ee628bfdeb22,121 184 1059
9c424ac1a77f1279,147 189 616 733 734 813 993 1092
9c45e730df619061,147 369 671
9c50dbddccfb1bb9,13 89 1059
9c5b30151c6a89d5,194 404 744 813 1020 1046 1092
9c62d724a577b75e,13 111 147 813 896 966
9c65521307811bee,738 744 813 1092 1099
9c6aa50cbc52d887,634
9c6baf7e3d7ed1f4,121 1039
9c707df6c4e5c943,156 189 259 406 420 645 663 721 800 813 835 1046 1064
9c8dd14ae9226202,194 404 744 813 1020 1092 1099
9c8ebbe5c4a219d0,188 369 420 477 597 835 962
9c9755d28de26c87,147 189 418 538 541 542 595 663 742 800 813 949 1092
9cb2430399903a18,51 79 121 487 1059
9cb3e54e4899a69a,51 70 147 189 430 434 501 545 559 692 738 747 1001
9cb59760258e4044,121 433
9cbea0b6a1b49e0e,51 147 212 283 586 671 746 1059
9cbfce1445386e6d,13 147 189 430 434 501 545 559 621 649 871 1089
9cc684bbf6021260,147 189 259 541 542 813 993 1084 1092
9cc7982a58855b6,304 774
9cc7ea6e64c73208,51 99 121 489 584 612 1059
9ccc362af9016b50,79 194 1059
9cce56576ee62831,156 189 234 436 720
9ccee2631c6a94fc,51 147 671 780
9cd714af9b654942,189 378 671 768
9cdbac01d4184a24,189 418 541 542 543 595 641 731 742 796 813 940 949 1072 1092
9cdc16e1e3189bb,147
9ce5b65e9671621,121 415
9cf3339b76d02a71,79 194 737 744 776 830 1046
9cfe14edbc19c96d,188 189 335 369 671 780 1034 1035
9d027741216e349a,147 322 477 538 671 682 780 813 835 1046 1059 1062 1092
9d03b6a00b5faf43,121 369 420 718 784 813 1059
9d043cbdfd110c5c,156 189 731 796 940 1072
9d12d48d8fed3229,194 369 489 1059
9d1363e946d152eb,194 950 1034
9d218c1243684764,13 480 483 738 776 813 923 1046
9d2f4780c313e3f7,51 147 156 671 780 1059
9d3132d57576a99a,147 156 189 259 707 721 744 800 813 835 1020 1092
9d31bf4d379cfe05,156 259 541 542 813 939 940 949 1046 1092
9d4979f21d4842c3,188 194 489 671 1059
9d4bd8237d2115c8,79 194 489 584 612 954
9d550ce65f11341,13 14 51 147 552
9d55efeae03ebdbf,51 147 188 189 671 780 1034 1035
9d5ef68af03d30b3,147 718 813 896 1092
9d60657785a547ed,111 147 189 259 480 483 738 776 813 923 975 1092
9d65f95007ea31bd,79 156 487 813 961
9d69f361c4df4ec3,121 415 962
9d6a4ab920cd7b41,147 189 663 713 800
9d6ac128e831d0ca,51 147 156 420 477 671 738 813 1046 1059 1092
9d6ba015c0117f3e,70 147 189 718 813 903 1092
9d6dc1c2e8149b2d,29 51 147 156 541 813 949 1092
9d7235905ed614d7,131 147 189 410 418 420 541 542 543 616 753 813 835 949 1046 1072 1092
9d7b5b772fb1eadd,161 634 872
9d7bc76df63974ba,313 813 962
9d8ce6acc3c31f98,147 189 477 485 603 671 695 780 999
9da57512bdcca7b7,13 51 147 738 813 1046
9dbbeeb09e80417c,180 188 189 420 462 632 637 728 733 734 738 739 813 835 993 1046 1084 1092
9dc4c6bcaed594a6,147 189 335 671 780 1034 1035
9dd667f527626cf9,51 147 189 671 780 1034 1035
9dea76b96fbd6874,51 111 147 492 524 538 616 627 747 813 989 1092 1093
9decf10d73a0b4e8,313 962
9df5105519456f39,147 189 259 418 492 538 542 682 731 796 813 835 940 1092
9dfb2032bfa3e9a1,156 189 485 596 603 607 695 768 999 1047
9e00c69520411ae2,369 813
9e0f9a8c9878b314,13 79 1059
9e11aa8596f9af7b,79 487 671 780 1062
9e145b82971e0c54,99 420 477 738 835 962
9e338a7482069649,13 813 896
9e35b60c4b9713a4,13 813 896
9e37977c0080dbd2,121 433 520 724 813
9e37df21984c2574,180 482 497 498 718 728 813
9e3a3471d3dac607,51 111 147 189 650 813 1059 1092
9e3e00d507fa7cef,79 147 813 1092
9e3eb36bc43292f2,13 147 650 663 718 896 903 1092
9e55fc8e5c8e88e1,51 76 147 156 212 227 671 813 961 1059 1092
9e68053b90fe9a69,541 1072
9e6a4dd24e9b427f,147 189 434 738 813 835
9e6bb55aa4ab32b,147 194 737 738 813 1046 1092 1093
9e6ee83d340449cb,51 156 189 335 369 554 1020 1084
9e75c3e09a9697e8,51 111 147 156 420 616 738 813 1046 1092
9e804cb3b6a1eeb8,147 189 434 554 744 813 835 896 1092
9e88d2d12963d334,79 477 624 639 671
9ea957e8ed38f433,111 147 813 1020 1092
9eaa83a5b88f17bb,147 189 420 663 721 733 734 800 813 835 1092
9eb341a450617af6,155 189 378 671 768 1034
9eb96c6df5aef954,13 189 252 813
9ebb4686c66fca8e,189 418 541 542 543 579 581 753 796 813 940 949 1072
9ec5e4a368111981,13 147 698 716 813 1092
9ed2f577ca449bd8,121 420
9eda22466aec524f,156 189 259 541 542 813 1092
9edd46d84b3f57af,156 189 436 720
9ee0b90a10f5814b,51 111 147 420 573 616 737 738 776 813 971 1046 1092
9ee128e691bb1a81,180 369 728 738 813 961 1092
9ef5e06ff2e74988,188 733 734 813 890 1092 1099
9f01acc9613c443b,147 718 813 896 1092
9f054bbdfe80acc6,79 194 1059
9f08798a1999a934,813 896 1092
9f0ee0378b4634,13 147 189 663 1092
9f0f0bed76a0a7c5,182 184 634 754 872
9f0f89959978954b,147 189 538 616 663 742 813 835 1092
9f123744cbf34671,121 304 489
9f1dc63ff4149225,121 304 369 464 840
9f345cfdb795028f,51 212 283 323 515
9f36e5fcc2be60d,51 121 147 485
9f3aa6afb4bf8144,51 147 612 671 780 1059
9f4a08bfe6608f30,121 369
9f61e5499c26d035,184 489 1059
9f649b270f14284c,147 189 733 734 813 993
9f731feb8f18b558,51 194 744 813 1092 1099
9f78bd72c0b58be8,147 156 813 1092
9f78f043ce4c87da,147 156 189 744 813 835 1092
9f8726806727801b,156 418 424 541 542 813 1072 1092
9f8fb9d6495624ac,51 121
9f937e231be7a57c,13 51 147 698 813 896 1092
9f97d1840bb378cd,13 51 147 434 615
9f9f9357b4e5ba52,194 489 695 1059
9fa7ec6f4ff9b8e0,147 189 517 813
9faa0b46edf182c6,51 147 744 813 952 1092
9fb86c482840508c,51 147 188 212 336 477 597 671 780 929 1034 1035
9fb8e387299c1f92,189 418 541 542 796 813 940 949 1072 1092
9fbcdbc008933add,369 477 671 726 738 813
9fc1f664b4d416cf,51 156 369 1039 1059
9fc43b523d0d306c,194 671 780 1059
9fc6c0d42acf82c2,51 147 189
9fce3c26c342131b,477 738 835 1034
9fcf17486f07afd8,111 156 259 418 420 541 542 570 742 796 813 940 1046 1092
9fd889f447c7e9e1,51 147 597 671 780
9fda342ae6011b0b,738 1059
9fead5e4d5dc986b,121 1023
9fecc9dd4abfca66,79 188 597 1039 1098
9fefa8adf96d1ad9,131 156 189 259 418 426 541 542 543 579 595 753 813 940 949 1072 1092
a00b93a343fea852,121 304 464 634 718 872
a00d4e5cd40d035e,194 420 477 813 1046
a00de5f18f294bb8,304 612
a02137779a53913d,156 189 259 420 462 488 541 733 734 813 835 993 1020 1084 1092
a02abb74d50d7576,25 161 420 477 733 734 738 813 1059 1092
a02fdb0a43913583,147 156 369 436
a033521103436be0,489 671 780
a033a67f82d0af85,33 420 738 813 835 955 962
a035f5454682997,147 369 671 726 1059
a037ff6ea040c990,147 156 189 554 744 813 903 1092
a07bb42308188e64,147 813 896
a07ecde4a80e9b55,189 418 583 663 849 1046 1064 1092
a08be02e8fa39e60,188 369 1034
a093a103acdb152c,194 744 1046 1092
a0a109ffae8ff334,13 813 896 1092
a0a7f017180bd230,615 813 896
a0a9d88d6573e41b,121 724 955 962
a0bc91690aa3be5b,156 259 541 542 813 949 1072 1092
a0ccbe87bd1f5c55,147 671 780 1034
a0e0276044e320fa,51 70 111 147 420 738 776 813 1046
a0e463f2e2d24c1d,13 51 147
a0e4de5a4716c22b,194 492 538 616 738 813 844 1092
a0ecf471cff171dc,13 147 519 738 813 1092
a0f50c3df9081964,51 131 147 156 189 283 418 420 477 508 541 542 554 579 738 753 813 835 949 1059 1072 1092
a10d51c14e6cf079,184 313 884
a113c931e458c07f,79 147 194 813 896 961 1092
a11a0dab6129cbba,51 79 369 1059
a11c14e31427eef,156 189 259 462 541 542 733 813 993 1012 1020 1084 1092
a11e91cb30a26c70,147 189 335 434 597
a131dae590aac6af,79 194 477 813 1046
a1331516c1fef705,13 51 147 552 555 626 671 780
a13b625ebe65c856,51 147 189 283 554 813 1059 1092
a144eeb629bb204e,99 420 477 1059
a145a076107fc807,156 189 234 436 720
a14c32a6a2acd269,188 369 493
a167ae3ef98c14ec,156 418 482 498 796 813 949
a1704f4dd4b4845f,184 313 884 1039
a17bdb167f457644,189 418 541 542 753 796 808 813 940 949 1072 1092
a180888142f8a8cb,184 313 420 738 813 835 962
a1869f208e4b2b09,348 671
a18a2be7e339733c,51 111 147 156 259 501 580 616 744 813 1092
a18cf6bc483a84bf,51 147 813 896 1092
a1940c0276317104,188 369 1034
a199a264854a73c9,70 111 147 189 718 813 896 903 1092
a1ae5e91c02d367,147 189 434 477 520 554 597 603 650 671 691 780 813 835 858 1092
a1b30e9257dd96ab,188 477 489 612 671 780
a1b751299eb2d532,304 465 1059
a1c4dbc4eb476ec2,121 1061
a1c7f90c95088f99,194 404 744 813 1092 1099
a1de5e4abe5e2c2d,51 147 813 896 1092
a2090c854a8f290e,147 189 477 597 671 738 780 813 835 1059 1092
a20e02b7c9c16374,369 1034
a20eb2b97113b8a6,147 189 434 597 603 835
a236fb51015632ca,194 485 615 738 744 813 890 1046 1092 1099
a23b8367fa65ae4a,45 111 147 189 718 813 896 903 1092
a24844fd1dfea956,58 188 428 558 744 813 903 1099
a24c26249688dd5d,51 111 147 420 501 616 737 738 776 813 1046 1092
a24fabde05e1b985,147 189 335 671 780 835 1034
a25ebaecd7e25736,13 813 896
a268fb67b5600606,51 147 156 189 307 477 612 671 738 780 813 1046 1092
a27d19ad97ee79cc,13 147 813 896 1092
a27f67c53473a01f,79 147 156 672 833 1039 1059
a284130e612006ed,111 147 189 335 418 538 541 542 698 731 742 813 949 1072 1092
a28f569ec1c62f33,13 111 147 189 259 480 483 494 501 737 738 813 975 1046 1092 1093
a2a5febe69a56445,51 492 674 747 813 896 916 1092
a2a95283eb58b94c,430 434 501 931 1032
a2af1e968ff5c538,79 194 477 489 624 668 671 780 1059
a2b06167cb4b000c,51 147 156 420 541 595 663 813 835 1046 1092
a2ba3ad3a7380367,79 147 194 477 671 780 1059
a2cda6e6c02d914b,147 189 492 538 616 698 742 813 1092 1093
a2d05d9e5809e654,156 477 647 671 758 780 1059 1062
a2d218f55dc14e0b,813 896 1092
a2e4518414d5c5ca,718 1059
a2e86d93769886a6,188 369 487
a2eea8286dbe9e60,51 147 552 626 671 780 925
a2f56f171df40203,156 189 1084
a2fbb42dc3f236fb,147 477 639 671 780 1034 1035
a306a5b1a98d9c41,147 538 616 655 671 813 833 835 908 1046 1092
a309c0f5aa5d5245,121 188 369 1034
a31613f949f47a75,51 147 156 671 780 961
a31877e69e33bb5f,231 232 1039
a31d2ceeeed557cd,79 180 498 738 813 961 1092
a32370a6a247f8c6,147 156 813 1092
a324375b7c4cc600,51 650
a32c6f13cced540f,13 147 477 655 671 780
a34664a12577159c,51 111 147 196 251 420 477 480 501 519 616 733 734 737 738 813 1046 1092
a36c19e433c828c6,79 833 1039 1059
a36cb6719a0fa7f2,188 489 671 780
a373166920f21502,147 189 430 434 501 545 559 622 692 738 744 813 1032 1092
a383e638045abccb,13 665 813 1092
a385006100010077,194 483 744 813 1046 1092 1099
a38fa1efa6a8bb88,51 147 189 430 434 559 615 744 747 813 835 1092 1099
a395571bf2c525f9,147 485 813 896
a396303ac6ef554e,45 156 189 259 501 541 542 580 764 813 993 1092
a39a73beb19c2501,147 156 418 430 541 542 543 579 581 753 813 949 1072 1092
a3b3c2c0776a8ca0,13 14 147 552 671 716
a3c22537defb14eb,147 189 485 603 607 671 695 999
a3c9bacba35818dc,147 369 1034
a3d60c5982328a4a,188
a3dbe68daab73611,13 147 813 896 1092
a3de2349ee2effd1,26 51 147 156 212 283 554 671 746 1059
a3e11ef2710c51d6,1059
a3ee3624ce31061e,147 156 335
a3f0afea7efde8cc,161 331 758 1059
a3f2ac2b6344dc0f,121 684 704 724 813 961
a40bf42fbddd93d2,194 1034
a40bf87de351a4f3,194 490 671 744 780 813 1059 1092
a412bb9f00a0e744,13 51 111 147 480 483 501 738 813 923 975
a417a323cedcfe2c,79 156 188 671 1059
a41a97a890e3ab17,51 111 147 538 541 616 813 1092
a42a3df973fb678c,147 283 322 554 671 691 780 813 896 1092
a4398aee014e4b12,51 147 189 615 744 813 1099
a456ea30616047a0,147 554 579 744 813 896
a457233b90c6331a,51 147 156 420 477 492 538 616 701 733 734 813 971 1046 1092
a4614cd3eadabea4,147 189 552 671 780 1059
a46b0ff13accb9e,147 189 430 434 501 517 545 559 649 738 871 1001
a4719f7dc8d46af8,13 147 189
a47706996e32b664,131 156 189 437 462 580 670 733 734 764 813 975 993 994 1020 1084 1092
a4807c3dbfab80c7,188 335 428 477 597 671 813 1099
a491268eefc5866a,13 477 668
a49633278b313016,147 189 597 671 768 780 1035
a49734bc93c5212e,194 813 835 1020
a49ac6fbd6d21064,51 480 483 494 501 522 737 738 776 923 931 1046
a4a14732376bb48c,147 189
a4a32afb1ec98b17,13 147 665 733 734 755 756 813 817 993 1020 1092
a4a5b9e1c41370db,156 813 833 1059
a4a6484fb78943f2,147 189 335 813
a4ae3e5f6709e27,194 813 844 1092
a4ba2039855aca55,189 369
a4baff6f52a335c1,962
a4bbc04ea235ba0c,51 147 189 671 835 1059
a4ca0ad25dc466ab,51 133 147 189 283 306 543 813 949 961 1072 1092
a4cd48ed165ef963,147 189 597 650 813 1059
a4d32932e4119065,121 369 1039
a4d7896db2f511ab,121 464 1039 1059
a4e1ee2103432f83,147 477 655 671 780 813 1046 1092
a4e1f9d7da86da75,369 1019
a4e2b7738002f7bb,194 744 747 813 1092 1093 1099
a4e48ce7a6eb284d,13 51 147 616 733 734 738 813 993 1092
a4e584ac42075ba2,147 189 665 813 1092
a4e91fe6b72f2845,51 147 189 420 477 554 671 813 835 1059 1092
a4f07a1729e38a84,189 813 896
a4f19c0e1072506e,23 369 597 1039
a507ad8ec04eaaa9,147 189 335 671 780 1034
a509efca9e19e945,147 554 579 744 813 896
a50b35705d6bc36b,184 313 489 584 758 1059
a50e1b006d9c87cf,13 147 189 538 663 738 800 813 1092
a515443e1eb6109b,51 147 189 671 780 835
a5237b8e456df874,121 282 487 1059
a5287b31f6a1eaf9,369 438
a52f0363d7669ea7,480 483 516 519 733 734 737 738 813 993 1033 1046
a537dcb075843d15,51 813 896 1092
a5420cf8c46a6a16,13 111 147 480 483
a5425c6c43bf29ac,121 724 955
a551308bf8363edd,188 428 733 803 813 890 1099
a569384251d04c50,189 671 768 1034 1035
a572a149e15ba807,131 147 156 189 335 744 813 903 949 1092
a57582ebb8b80410,51 156 369 1059
a577c0b011193a52,51 147 189 430 434 621 747 813 1089 1092
a579609876a12453,147 156 813 896 1092
a580b1d9d11e7907,13 194 483 776 830 1046 1083
a587f4769de8c196,369 477 738 813 1019
a58c1821415003c9,131 147 156 189 418 420 541 542 543 738 753 813 949 1059 1072 1092
a596fff63691d255,51 147 585
a59e2e7d5e035020,51 131 147 420 477 616 639 671 744 780 813 835 1025 1034 1035 1046 1092
a5a9d8a50e8bcfef,51 147 304 586 884 1039
a5c32aac726baf7,99 884 1039
a5d31be951a33615,121 962 1059
a5d3b2465ce99200,147 156 189 234 335 369 436
a5d5bcf0aab89ed7,156 189 369 1059
a5e0908becd7e615,51 147 189 671 780 1034
a5e4ccca4b05702b,304 349 487 758
a5e72ccd705e1e82,51 147 477 554 671 738 780 813 835 1046
a5f0fb7bd106c5a0,13 830
a5f3de892e96f54,131 147 189 552 671 768 780
a603133e094fa4c7,121 724 955 962
a60340fc833d5cd5,147 189 597
a60d41d01521c6de,51 70 147 189 434 559 615 813
a610faf94bcaa398,121 718 809 813 896 961 1092
a612efa702f77b7f,13 51 147 501 737
a61c5d7876d260c6,51 147 212 283 612
a61da96d3fb378dc,121 1059
a6315e53617e6ae9,189 813 975
a632e82300a71d2d,127 147 538 616 655 671 738 813 835 1046 1092
a64a38d6c5dbd353,13 813 896
a64d01a5078543af,79 194 477 487 671 780 813
a64fabdf702275cc,13 1046 1092
a659322ad627f703,51 111 156 212 477 554 671 738 744 746 780 813 1059 1092
a6689c35fce7a4ea,13 121 1039
a67318cffca4a351,492 698 813 896 1046 1092
a674bf27467c798b,304 465 489 584
a675c5c45aecea1a,13 51 147 1092
a686fb8f1bf54d45,147 156 189 744 813 1059 1092
a689320f989df602,135 369 489 554 746
a68db2ce0b2c230a,147 671 780 1034
a6993c25fa141547,51 147 813 1092
a6a0dbcf0f3fed25,51 147 188 189 369 1034
a6bac82912fd4063,13 51 147 626 671 780
a6c7b40a3f4203b1,188 189 1034
a6cdeae21579389d,99 161 304 634
a6d91d4cffae6ef6,147 189 541 718 813 896 1092
a6d95d940627fbcb,147 189 813 835 1092
a6dbf3724709a7b4,147 322 612 671 682 780 929
a6dffb74f6326c84,26 156 189 234 436 720
a6fd0213033b3a65,65 147 188 433 434 517 597 671 780
a6fe94dd9c155f2,51 147 1056
a7084fff30174048,13 813 896 1092
a728eb6c3125bf37,111 189 335 813 1092
a72cb7fea9640410,121 464 1039
a738a2ee012d3e93,156 189 378 671 768 780 1034
a73c6eaa73b09560,155 189 378 671 768 780 1034
a753b8b113204de,13 552 907 1059
a755d3aa2132b2eb,51 420 492 538 616 813 1046 1092
a757040d9e78018a,147 189 418 541 542 543 579 580 738 753 813 940 949 993 1072 1092
a761e3390c43e27b,133 147 189 813 896 1092
a76c6dfe08e5ee12,194 671 780 1046
a783300b75156450,147 189 335 369 813 949 961 1092
a788b8d7d4cae87f,13 405 896 1092
a79229713657c43e,156 418 541 542 813 993 1012 1072 1084 1092
a794b20846ad204c,51 147 156 189 369 420 477 612 663 671 733 744 813 835 1046 1092
a796362fbdd6e5e5,99 420 718 813
a7aba977be5e5a15,13 776 1046
a7ce480fbd357bb,13 51 147 744 756 813 1092
a7d05406b13e240,188 597
a7d1de84aa2dca3a,194 671 780 1059
a7d2a96b2253310c,369 1039 1059
a7d3d926eea88,51 111 147 307 339 420 477 480 501 540 612 671 737 738 776 780 813 1046 1092
a7db7ed18cf49804,79 194 489 584
a7dc25eb5e606bcf,51 147 189 332 369 420 477 616 639 671 733 734 738 813 835 1025 1034 1035 1046 1092
a7dc531aff47f726,99 813 823 1092
a7deecf7950bd2c6,663 800 813 1092
a7e79095e4516cef,51 480 483 738 776 813 830 923 1046
a7f61d4c9728d056,369 438 477 671
a7f95119a5fdf9d,147 813 896
a81060127dddb228,79 147 485 744 1099
a81cb09df7c7f7c4,51 147 212 671 780
a82266f8d1d87bac,51 733 734 813 835 993 1020 1092
a82ec960a32531e0,147 189 541 742 796 813 949 1072 1092
a8319fc77c14545b,121 744 1059
a8420c6090bd86bc,51 76 156 212 227 477 570 616 671 813 961 1092
a842fe854bf1e115,13 813 872 896 1092
a865eb9e23d7ff20,26 147 156 189 234 436 720
a866d5cf8ec41815,79 194 420 844
a8716e9ac67527f0,156 189 259 541 813 949
a876c9ad0a194638,13 189 430 434 501 545 559 649 738 747 1089
a87996d2423c4c14,51 147 813
a88607fac780d241,156 259 485 541 813 949 1092
a894bacc18fc4653,1059
a89c5e791616eef7,231 1039
a8a3a61316a8ebf4,147 189 413 430 434 517 521 559 738 813 835 1092
a8ad027305731bad,147 189 744 813 835 903 1092
a8b02ab45f12566b,147 189 744 813 896 949 1092
a8b19f8854692e95,13
a8c38081066a7552,51 70 111 147 676 737 738 776 813 830 1046 1092
a8cfe307e75d68ca,51 55 131 147 671 768 780 1034
a8d2e93717de382b,156 259 418 426 541 542 595 753 813 993 1012 1072 1084 1092
a8d3542c09d9427,184 369
a8d6e0896e1b5067,79 188 194 671 1034 1035
a8d80bcb8830bc8f,369 754
a8ee55b19f0fd81b,51 147 156 813 835 1092
a8f8d7be69cfc58d,51 147 189 671 780 1022
a8f91fd29e392c66,147 189 283 671 744 813 889 896 903 1080 1092
a90a78640bf65e1,369
a90b6416a002aca,147 554 744 813 896 1092
a9113f0e7760625e,111 147 156 477 671 737 744 780 950 1046 1099
a91d156023006c1e,182 922
a9364186e41520e6,147 156 738 813 1046 1059 1092
a947b7bedf5aa95c,51 147 156 189 369 420 477 554 612 671 733 738 813 835 954 1046 1092
a94baf5236b7dd26,13 663 1092
a9563d4b69294973,13 147 189 308 552
a95e6a95e39174b,188
a96d81500f7f37ac,65 147 517 780
a971fa16d0e2907d,51 147 189 335 552 555 626 671 749 780 925 1065
a97584d8e0ce441d,51 147 156 465 554 584 650 671 780 813 903 1059
a97a7f46c880482c,147 189 744 813 896 903 1092
a9832193c4f5c23a,79 194 420 477 598 671 738 780 813 1046 1059
a991ccd7a7320826,156 189 485 744 1099
a994cbaa92f38e4,231 813 983 1092
a994e2463577d0f0,189 252 418
a9bb4576ee0b2856,121 724 955 962
a9c509f3e24b344b,70 147 189 718 813 949 1092
a9c6fda9cc6728bd,13 51 147 675 978
a9c705a2adf62c3c,13 51 147 813 896
a9d57d023acae412,45 51 147 189 813 952 1092
a9dacf7e95a26d58,189 768
a9eee3db2815e102,1039
a9f73c23e56e4a4b,239 754
aa0286523c01eb5,147 189
aa0c52f1274e212,29 51 147 156 189 465 584 813 1059 1092
aa0eefc5b32af780,51 147 283 489 612 1059
aa220edd9ed6fecc,369 477 480 738 813 1019 1046
aa297a623bbde265,121 718 813 961 1092
aa315034151f25b,232 434 1032
aa32a7dd30858685,147 194 477 506 671 682 744 745 780 886 1099
aa4422d2dae3c2bb,147 671 780 1034
aa4492086368172e,13 405 896 1092
aa4a83d380f83ad2,147 552 626 671 780 925 1034
aa4c6ba313edebc3,25 161 738 813 1059 1062 1092
aa604bfda691c354,13 147 156 672 833
aa63b8243d3b0396,156 485 1034
aa670227f2531677,13 538 541 663 813 1092
aa782474709524fd,51 147
aa7b57ade0034e5b,25 161 738 813 953 1059 1092
aa8650d011540c5e,13 813
aa8d6f8efeaa8b59,79 539 744 890 960 1097 1099
aa933357968c6438,147 616 733 813 1046 1092
aa97479549db1683,51 147 671 1059
aa993bbe1d21e96b,188 733 813 890 1092 1099
aab411d6d77810bd,304 774 813
aac62cb0b1b6c95c,962
aadc7f92b3225d90,541 813 949 1092
aae26c0c4da1f16a,188 189 335 369 518 552 671 1035
aae9f9f193eb5a3c,70 189 259 418 541 542 580 595 738 813 949 993 1012 1072 1092
aaeb580eedf20cb6,147 335 369 477 552 639 671 780 1065
aaf69afba6d9ed7c,13 698 896 1092
aafe71b88768ef6e,79 335 477 597 639 671 1035
aaff4f245b7974f6,13 663 896 1092
ab079468a1e7940f,51 147 744 813 833 952 1039 1059 1092 1093
ab0ae990709f4650,156 259 418 420 541 542 733 776 813 1046 1092
ab13a7d8c260abed,369
ab211de6f0c98187,79 194 487 813
ab386447b1fbe7c3,111 147 189 501 737 738 776 813 1046 1092
ab3cc7b77e1c14bf,51 111 147 156 189 586 813
ab3f0be4fbe1b4a5,189 552 671 768 780 1034
ab49ccd57616981e,369 1034
ab5e306e63c26bbb,13 147 671 716 780
ab60fa3ebf7500c7,188 287 369
ab7289a3d83d47f7,79 369 477 489 554 612 671 738 780 813 1059
ab7781c91970533d,147 156 189 259 406 420 477 492 538 583 616 645 663 744 800 813 833 835 953 991 1046 1064 1092
ab78edd4c07179da,13 51 111 420 573 616 776 813 971 1046
ab7f304e74ff696a,369 438
ab9275f4ef7fa2c1,121
ab978eeb21e6b228,194 477 1034
aba074ab08bb7c6e,69 147 433 650 718 813 1092
abaaa5f5069e8e72,51 156 212 584 813
abafe10862fb31b0,147 188 518 552 671 1034 1035 1059
abb7365d5f0f8b3e,184 313 438 884
abc242d4c5e83f37,121 1039
abc8ff2f3aaee20,147 597
abcb46a05e79156d,156 189 813 896 1092
abce1437b78176de,156 436 813
abd81edaec988e9d,99 180 369 718 813 1092
abe43de1ba16a990,51 147 156 283 420 477 492 538 554 612 616 671 813 835 1046 1092
abf0670132d5a9b8,13 51 147 552 626 780
ac04ae264e9f4ecb,189 558 744 813 903
ac063e663686eebd,147 554 744 813 896
ac07e0e8f666ebf1,369 1059
ac0bf34aab7fbbc5,369 477 726 738 813
ac1770cb2ed9d897,13 480 483 776 923 1046
ac17b3534a485012,147 189 413 418 434 541 559 738 813 835 949 1092
ac19ed11f4eb324d,147 189 477 520 650 663 691 835 858 908 953 1058 1062
ac1a05e5ee523c37,13 147 738 744 813 1092
ac30e9393cf9250e,13 51 111 147 480 483 738 776 813 923 975 1046 1088
ac40cdae6a5d318e,51 147 156 554 744 813 835 1092
ac42b61664071549,188 518 597 671 1034 1035
ac5bd7c2fa5a093c,188 369 428 1034 1099
ac6a132f24a79334,13 51 147 434 501 545 737 738 1009 1089
ac702c1a460345e0,121 420 477
ac716a13dccbeb2c,26 156 189 234 369 436 720
ac76d96805d94eee,147 671 780 1034
ac79f1b35fed9a75,420 477 738 813 835 962
ac7ef4c391cc8e7,634
ac830e81978aaacc,51 147 369 586 1039 1059
ac8a557e58cb928,13 147 813 1092 1093
ac905b5b2f67102a,194 485 738 744 813 890 1046 1059 1092 1099
ac942780adbe98a5,147 156 189 485 603 671 780 858
ac9bcb8a2c6beca6,147 259 554 579 744 813 896
aca62de0a697173d,430 434 501 559 931 1032 1038
acabb8d37ed8c6fe,79 147 189
acae0d4635f99fca,147 189 813 835 1092
acaf35685d3f102e,111 147 259 420 480 483 494 501 737 738 776 813 923 1046 1092
acbc570cfd625930,13 480 483 738 923 975
acc3881c35177b4b,33 420 738 813 835 962
acca23541637bb14,13 477
ace57b93a0b9bd24,13 813 903 1092
ace9a944409e5a4e,121 433 1039
acef1f92407c119a,147 156 189 541 744 813 1072 1092
acf9f6ee5c73a7a1,813 896
acfe90055820999b,121 724 813 962 1092
ad011334ca61b6be,13 147 813 993 1020 1092
ad04c2da93f413c2,147 554 579 744 813 896
ad06de86e2fd9ca5,121 161 489 1059 1062
ad0da32b1de5ad35,79 147 671 780
ad0db32107c3ce16,147 156 189 650 663 709 813 835 858 953
ad0dc68ab4bd1631,194 480 483 494 725 734 737 738 776 813 830 1046 1092
ad126811b86fec97,188 518 671 1034
ad12ad4311338056,147 541 579 581 1072 1092
ad1419a69f9eacb6,51 111 156 308 420 477 552 639 671 738 744 768 813 950 1035 1046 1092
ad198770c94368bd,369 563 1061 1099
ad2498bdbd02aae3,13 776 830 1046
ad36702e9f6b5b30,147 189 477 485 616 663 671 780 813 835 1092
ad38be71f325e89d,147 189 718 813 896 903 1092
ad44f27a088a6d73,51 156 188 744 950 1099
ad4f80ba4ad22a53,121 962 1059
ad5090c4467534d8,179 369 586 884 1039 1059
ad5474c2d11c345e,9 99 420 477 708 738 784 813 835 962
ad557cfc31154733,13 655 813 896 1092
ad5c5583c07a2ff6,147 369 671 780 1034
ad605c1590977b9,369 477 671 738 813 1019
ad65f060c83b4bdb,156 418 424 541 542 813 1012 1072 1084 1092
ad70f7b3663d6d3a,9 23 33 99 420 477 703 738 813 835 962
ad7c8d185e0cd120,121
ad7cc56bdd66cfb8,51 147 821 1022
ad80996f8bdfa247,369 587 766 1020 1059
ad83b171bb39898,51 147 156 332 418 477 639 671 813 1046 1092
ad9ef49bdf96f7ae,147 189 335 671 780 1034 1035
adad2ee1fd9b81b2,487
adbabda46c3e4c77,121 671 1039
adbc1a733780385a,420 477 639 671 738 835 1034
adc4cdab94ce76dd,51 70 147 189 477 597 603 671 780 813 835 858 1092
add3bcd9dbed5b48,922
add8d39f198bdd06,25 121 161 813 1059 1092
addb0214051a669e,121 369 766 1039 1059
adef350854a50b58,156 189 259 541 542 554 579 580 764 813 835 993 1084 1092
adfb0925b39e0d1d,99 236 819 1039
adfb0bc1f3186ee4,79 1059
adff989569020bcc,51 147 603 666 821 835 858
ae06cccdc775d548,13 671 780
ae119767a732aac4,51 156 477 554 671 746 813 903 1092
ae13f71b78b40e7e,13 51 127 147 552
ae198d2b155961a7,369 1059
ae1e4cb580d686cd,51 147 189
ae260c962f3369c0,194 490 671 780 1059 1098
ae28582feaadcee9,147 597 813
ae3b51354760748f,147 189 304 663 800 961
ae44239cfc614e46,147 189 541
ae4c2a2694267520,597
ae638abbc3a4d667,121 433 704 724 764 813
ae675000499f748,13 813 896
ae6947993cb3a983,13 147 813 896 1092
ae711c71bb6202b9,111 147 477 480 483 494 669 737 738 776 813 830 923 975 1046
ae74b8070d21b5e8,13 51 147 434 615 744
ae8533364bf9e937,51 111 131 147 189 335 369 420 477 616 639 671 733 738 780 813 835 1034 1035 1046 1092
ae8c783423cc1461,156 189 259 733 813 833 835 993 1020 1084 1092
ae9b67ae038224c2,51 147 156 335 554 813
ae9c89b1c6eb6583,156 189 259 663 744 800
aeb126714fb7e479,369 655 671 780
aeb5764a25b99b0,156 189 409 418 426 541 542 543 579 753 773 796 813 932 940 949 1072 1092
aec6685bee7d4d0e,147 189 733 734 813 993 1092
aecf25cb92548961,51 111 369 420 477 598 639 671 738 744 780 813 835 950 1034 1035 1046 1092
aeeb331c418bbafe,13 14 51 147 552 671 780
aeee72a4b599c37c,13 14 51 147 552 626
aef1fd334988b6bd,156 189 259 541 663 800 813 993 1020 1092
aef694b7be37cfb8,13 14 51 147 552 626
aef766c1c433fe42,962
aefb4457bbdbb8f3,13 51 147 744 813 903 1092
af033ed06a5eb48a,121 961 1092
af0c945bb51d977c,813
af17bff4d70606bc,51 55 131 147 671 768 780
af23bd9fe662336a,480 483 975
af286cd38adb800c,156 189 477 485 603 607 671 695 780 999
af28d6b4776f668f,147 156 189
af291a7569366d57,161 304 420 503 784 961
af29d09e6f00dfa2,121 415 724 955 962
af2a66c6fd281adb,147 188 189 335 369 552 671 780 786 1034 1035 1065
af2b169efd3df368,147 189 430 434 501 559 744 871 1089
af325cbcef1ecf83,189 418 541 542 753 796 940 949 1072
af3e9388e052f972,147 554 744 813 896
af413081538e49a,147 597 671 780 929 1062
af60a55f9512c4e5,111 147 189 420 477 616 655 671 738 744 813 835 1046 1059 1092
af7154cdf4b7544d,99 161 758 1059
af718dcf75451928,51 147 156 485 744 813 835 1092 1099
af7e524ef42faa60,51 111 212 283 586
af7ee39748e6c913,51 79 147 156 194 420 477 624 671 738 780 813 1046 1059 1062 1092
af919dc4024d713d,156 194 477 671 738 780 813 1046 1059
afab3bb3b9ec3866,45 51 111 420 616 784 813 971
afb069c9baa06a29,147 189 304 718 800 813 961 1092
afb2d733cd710980,51 147 196 369 477 671 780 1034 1035
afb8165ce9f97858,13 147 698 813 896 1092
afdcba3f75f1ddea,156 436
afdd87d93419d0fe,99 125 161 304 331 489 584 612
afff61a202c08c57,51 147 156 212 227 477 492 570 616 671 794 813 961 1092
b0004c006aab164f,13 477 485 501 744 756 813 1046 1092
b006d24cb8a195f2,51 70 111 147 189 595 616 813 1092
b0207da0b2629b7c,111 147 189 813 896 903
b02149418899cc66,45 147 189 420 477 492 538 583 616 679 701 784 813 835 953 1046 1064 1092
b03c1c11c3f0ec7a,188 194 485 671 1099
b04bdcde13bce3c6,156 189 259 462 541 542 580 733 813 993 1012 1084 1092
b05610c794543e09,194 671 1098
b056da0080d2ac78,188 308 518 552 639 671 1059
b057fad1b981bd19,13 813 896
b059cd136ac9ee5b,369 587 766 1039 1059
b05a5fc6d0b44191,147 369 1034
b05ca8ff80953eaa,121 813 1092 1093
b0663bc63a721d9f,147 156 259 418 541 542 579 581 753 813 949 1072 1092
b06d3279bd56b385,51 156 462 554 558 733 738 744 764 813 903 993 1020 1084 1092
b071ccc48ca62110,13 147
b07810f51c9ddc60,121 718 813 961 1092
b0799ceb2bfc7cb5,13 147 716
b083930da529817,51 156 259 541 542 813 993 1092
b083f0832cf15fb6,147 744 813 903 1092
b08d66c6fbbc3567,13 813 896 1092
b08ea5f7e09b60b8,194 1034
b09e196e828476f7,147 639 671 780 1034 1035 1059
b0a099ae108afd5c,147 156 189 1084
b0ab8214493c7702,147 156 189
b0cb000124453d7c,559 931 1032
b0d2b6bf24a82d9a,147 639 671 744 780 950
b0d6e8c9f27f125b,188 189 194 671 780 1034 1035
b0e07ed0adff9f71,13 813 896
b0e17519fab76aae,13 147 189 283 813 896 1092
b0ec106cb4cc9ae8,79 194 813 961 1092
b0f41067c0aa8ef4,369 420 477 733 738 813 835 1092 1099
b0fbd1ed27d56a5c,13 45 147 813 896
b0fe97bd10a07fe0,369 726
b1093ce385b9d3c0,79 188 671
b10f17efa26fd90e,121 955
b11af30bc18b05e9,156 369 436 671 1059
b11dbf7649b49e2c,634
b123773642717864,121 161 304 415
b135a38f76041e0b,13 51 147 501 616 621 738 747 813 1009 1089 1092 1093
b138be07cc456efd,121 304 420 433 662 713 784 961
b1396903f4561ea2,51 111 147 420 483 573 616 738 776 813 971 973 1046 1092
b13f0b94d686eb0b,111 147 189 480 538 616 655 734 738 813 833 835 1046 1092
b14478267b3fcbe3,51 147 189 434 501 519 545 548 737 738 813 863 1046
b1469b1844cc2c33,189 259 418 541 542 543 595 641 731 742 753 796 808 813 932 940 942 949 988 1072 1092
b150e903e460ec68,51 147 597 671 1035
b158d6d59dc5631f,480 483 725 737 771 776 830 923 1046 1081
b179cab16c87017e,13 51 147
b17a26ba6d32a05,79 147 194 813 1059 1092
b19097823a972370,33 369 582 1023
b193d744d62e7b36,304 744 813 903 1092
b19d8e504760daa5,51 147 718 813 952 1092
b1ac20c33ef3d829,313 962
b1acacf10f3d80b9,147 189 378 671 780 1034 1035
b1adc7550debe219,51 147 156 430 501 747 813 1089 1092
b1b5b219c0cbd1c8,156 541 542 813 949 1072 1092
b1bed267ce878dc0,156 189 369 813
b1c080109cd58d3e,147 189 369 477 597 671 780 813 835 1034 1059
b1c65ae0b7b3ca17,99 161 304 718 813 961 1092
b1cf07a59cf479fb,13 51 147 552 555 626
b1d1f18fdd665f5a,684
b1d3139f4fd98d41,313 922 962
b1d9f86503e51d55,184 369 420 884 1039 1059
b1db9105007b2776,313 813 962
b1e5c9c585c28e6,99 236 304 884 1039
b1e5ce0a88c42f79,239 253 477 487 738
b1e8c7f7981305bb,51 212 323 515 1059
b1ead76fbcd1a73e,79 99 813 823 961 1092
b1fdfdb72fa8e26b,156 259 426 541 542 753 778 813 1072 1092
b206f5a04dd29480,13 813 872 896 1092
b20fcc7d2cbf7f3c,127 147 188 552 671 1034
b2191cd43631ff05,13 552
b222e0c234b33af0,147 189 418 426 541 542 543 595 641 731 753 796 808 813 932 940 942 948 949 1072 1092
b23ef3dfa50cbd17,147 189 597 691 783 813 835 953 1092
b23fedf4e3f76f16,13 178 626 661
b25f3e3324cf50d7,147 194 480 483 737 738 813 1046
b26cbc4a0249b460,25 51 147 161 584 813 1059 1092
b26cd62e5a052593,147 194 1034 1035
b273af6111ed39c0,437 519 549 733 734 737 738 776 813 993 1033 1046
b27971181931ec7d,147 283 813 896 1092
b27ab29a5824b240,51 147 369 420 477 597 639 671 780 813 835 1035
b28376e148512a6b,147 434 559 738 747 813 961 1092
b285f8f3685dd2e7,13 147 671 780 1046
b29b42f001a30a7a,79 188 487
b29c907c5120bc20,477 584 671 738 813 1046 1092
b2abc1cc7bc73956,13 14 51 147 552
b2adb38d4224cf54,156 189 418 541 542 796 940 949 1072
b2b17dd98752576f,156 189 436
b2b4389b6cadfa75,51 147 744 813 1092
b2b5bc133d9ef07e,51 147 189 813 903 1092
b2b5e0f1b6d5c9e8,13 538 663 738 813 1092
b2bd288c23a9d00b,156 189 1084
b2c3f29c7e593cb9,304 634
b2c89f36d28c9274,13 51 147 492 698 813 896 1092
b2ca273e17ea4170,147 156 189 259 406 408 583 645 663 800 813 835 849 953 1046 1064
b2cfea65b0eec94c,51 111 212 586
b2d37a2cf4a9daa7,189 485 603 607 671 695 780 999 1047
b2d5cc66711aedd,184 884 1039
b2d735710d2c234f,813 896 1092
b2e55fa0e6bc75f6,147 189 304 306 511 744 813 903 1092
b3049f9b274a9fef,147 189 520 597 603 835 858
b310f3098ef973a9,13 51 147 626
b31712f89c5b0dd0,465 813
b32493824f4fa6a8,147 554 744 813 896
b32d3c882fda865f,13 51 147 420 477 480 616 733 738 744 813 952 1046 1092 1093
b32df7c348a493b5,51 147 194 671 780 1034
b33321e498e34751,51 111 147 492 524 532 538 610 616 627 674 698 742 744 747 813 861 916 952 989 1092 1093 1097
b3371ba321190050,51 111 147 492 524 538 616 813 952 1092 1093
b33aa09bb62897cc,194 738 809 813 844
b33f839db7319ca5,51 131 147 671 768 780
b346284a65a755bc,51 147 552 1059
b3583a37401a06d7,121 161 813 961 1092
b35e33408751d26b,147 813 1059 1092
b360bb4476f4b59,147 189 259 418 541 542 580 813 833 835 949 993 1072 1084 1092
b361a9ca798b0630,107 147 165 189 335 554 612 744 813 903 1092
b3622b3a1096e3e8,51 111 147 156 189 335 597 671 780 835 1059
b363f53f217ed445,51 70 111 147 189 813 1092
b3658b16cabb1b96,161 204 813 1092
b37da6b72d242249,189 413 430 434 517 559 738 871 882 931 1001 1032
b383a5b2b1393302,51 111 147 538 616 674 742 813 1092
b385d7a907efa95b,45 147 189 520 784 813 835
b38a8bb4756ae448,194 1059 1062
b38d836749d91c14,121 369 433 1099
b38e5bde944f0126,51 147 189 813 896 903
b3a3727335f181f0,147 833
b3b5d60a3f1e2b15,13 14 51 552 1056
b3bce5910bd06340,51 147 189 420 477 520 650 663 691 744 780 784 813 835 858 908 953 1062 1092
b3bfe55ab54295be,51 492 744 813 896 952 1092
b3c1006e1e25715,156 189 485 603 607 671 695
b3c8d1a95ffce6ec,51 156 418 541 733 813 835 993 1020 1092
b3cbea9cb1192ad8,131 147 189 259 418 541 542 543 753 813 949 1092
b3cf72952c696a0d,25 161 813 1092
b3cf8c1df2b05dd5,13 698 896 903 1092
b3d045edbbe23525,121 147 304 433 813
b3d846589b7e6994,13 51 147 663 813 1092
b3e4ed131cff201f,51 147 616 733 734 813 833 993 1020 1092
b3fa92f07164b106,718 813 896 1092
b40b0fd594e19c97,121
b40bb63a119a3789,13 477
b40c2c6e457381bb,51 147
b418e73d0839d0f9,13 698 813 1092
b41d7a9e19e47b6d,188 253 369 639 1034 1035
b43aedec47a9b018,121 369 563 1061 1099
b43d3c6d836d4a8d,147 189 520 554 597 650 671 691 718 780 809 813 835 858 953
b43e3855fe25e9ae,26 156 189 234 273 436 720
b43f5d6a30d14f51,188 597 671 780
b4514250c08b2209,111 147 189 541 742 813 896 916 932 949 988 1072 1092 1097
b4536c5fb1f3376,13 51 147 626 671 780
b45621eca218090a,51 147
b456dc35c52fe52b,13 51 147 480 483 494 501 738 776 813 975 1046 1092
b4590cb462f0743e,13 51 111 147 420 573 616 738 776 813 1046 1092
b4631a5d5557094a,79 487 1059 1062
b464440543b931d0,127
b47461f9c9631602,13 14 51 147 552 1056
b47ab3868614167a,99 236 1039 1061
b48f43632ad2efcd,147 189 520 597 603 671 691 780 835 858
b497f691a41d0513,156 189 418 541 542 796 813 896 949 1072
b4a22ded4255be95,156 189 369 768
b4a337727c5e6217,51 99 121
b4b651b0cacbfea5,51 79 194 671 780 813 1046 1059
b4bfc5b4dd7ac833,79 194 487 1059
b4c231daee600db4,156 369 477 489 671 780 1059
b4cd95612639907f,51 111 147 283 477 554 612 671 738 746 780 1045 1059
b4cfcd43d8801f03,147 189
b4d31db7e0f42d71,121 1059
b4d3abbd7b581420,13 501 737 738
b4dcc7c362d3467c,121 189 671 780 1034
b4ed3f0260c95f78,51 147 251 420 477 616 671 733 738 813 835 1034 1035 1046 1092
b4f719d65f92a892,51 477 744 813 835 952 1020 1092 1099
b508c717a5cee4e6,147 671 780 950 1034
b50e5f3d79066f23,13 147 616 698 813 1092 1093
b51823ce44925a2f,13 147 698 813 896 1092
b51899dd7bdcf23f,184 249 285 313 369 758 1059
b52a893ffac5ed8d,51 147 532 813 896 1092
b52cd8628d7ac210,51 147 156 477 612 671 813 1046 1092
b530a9354c236b5f,51 147 156 813 896 1092
b5421e416ab03fc4,51 147 189 430 434 603 615
b54483d658fb01dc,79 671
b547d72088e22fa1,99 718 813 1092
b569465c86d9d4fa,114 217 236 1061
b5727608961eaf95,51 188 369 639 671 780 1034 1035
b5869bbdbb83faf0,9 99 420 477 598 708 738 784 835 962
b5914be8a7db1807,477
b59a30012a6035b9,13 51 147 430 434 501 545 737 738 871
b5a239a457db510f,188 428 477 489
b5abbd608a2dfcab,51 147 212 671 780 1030 1059
b5b19b56bc4c3a7b,662 663 713 800
b5be09cb9b23cb0c,434 559 738 813 931 1032
b5c5b0a483e89b71,13 51 147 552 671 780
b5ca873f625ed93e,79 194 1098
b5d7109b79b925ca,13 405 896 1092
b5d8f402aa499b2a,79 194 487 1059 1062
b5dcf03a532bfc11,111 147 189 538 813 1092
b5e8a59ba2b348ab,13 51 675 978
b5f856497128c64d,147 189 485 603 607 671 695 780 999
b61125538fa95bb5,99 121 433 713
b617e9406fcb04f5,13 813 896 903
b62e4eb485452cfe,121 369 433
b635c0565c0585d,754 872
b635db40dae622f4,45 111 147 189 420 616 734 784 813
b647b269ff2a0434,79 194 369 420 477 480 612 671 737 738 776 813 954 1046 1092
b66253abbfa1cfd4,147 554 579 744 813 896
b66d9d40d01f3b47,45 111 147 156 259 477 485 520 554 671 744 780 784 813 835 1092
b6759fed93ae95eb,737 738 813 924 1046
b67718ca1bea404e,147 194 671 780 1034
b6777e4b4887b1ff,189 418 485 796 813 1072 1092
b680972d9fd90c9b,13 147 626 813 1092
b68af6d8bde7f66f,13 147 189 459 663 800
b68e7ca19401c69a,51 147 615 950
b6957420983136f2,189 462 733 734 813 974 993 1020 1084
b696dc297a6cfbec,13 147
b69f436bd9fcdd5b,51 147 420 477 597 671 780
b6a3f00f8330ff70,161 487 813
b6a4a3b062682d55,189 418 541 542 731 796 813 940 942 949 1072 1092
b6a6aa6d19bffcd3,147 189 418 541 542 543 731 742 753 796 813 835 949 1072 1092
b6c2a6b5742f84d3,111 147 156 487 833
b6ced686b72a50a8,79 194 487 813 844 961
b6d5135b7f9a8c83,813 1092
b6e1b3fb85820595,13 189 698 742 813 829 1092
b6e6a34d9b0bbb28,121 304 433 1061
b6f5571777cb8e08,147 813 896 903 1092
b6ff9437c90229a8,184 313 587 766 819 884 1039 1084
b7052d9c113e313a,79 194 671 1034
b70889ca4eecd4d6,51 147 616 734 813 1092
b7122c8f7a75c42e,156 189 259 541 542 663 800 813 940 1092
b7163da1cc22385a,147 156 335 738 813 1092
b7232de1c19a1d90,79 477 487 506 671 780 874 1046 1062
b72552d8cba9ce1c,51 147 480 483 501 738 744 813 1092
b72b88016e9e4a0a,33 369 582 1023 1099
b72ec04474c7c5cb,147 283 322 584 671 780 1059
b72fc2bb6aa63a9e,51 79 147 194 477 671 780 813 1059 1092
b737ff31f4c85e11,13 813 896
b73cf3cbaccfca11,51 147 212 283 813 1059 1092
b74f749ef74941bc,304 634 872
b752199f517285a4,51 147
b75edb9d3a471c88,147 189 434
b772c5531774a6ab,121 188 369 433 1023 1099
b7748e71becbf9da,121 962 1059
b779f6de89ae102c,13 147 552 671 716 780
b77b9967d214f5e5,147 259 554 579 744 813 896
b77f54d13b589378,156 189 485 615 744 813 1092 1099
b798b9a8591df815,51 147 369 477 612 671 738 813 1046 1092
b7a03e84c90d8150,369 597 738
b7a8861f289f2b5f,79 493
b7b328ea20165fc6,147 597
b7bb1254bf81c71e,79 188 487 1059 1062
b7c89e5e380c22a7,156 259 541 542 813 993 1084 1092
b7d5a50de89e2ab1,147 189 554 744 813 835 903 1092
b7db6a4e67292f8b,718 809 813 896
b7e7dc5b1c170e94,79 497 498
b7e97c76e7837abc,51 147 813 1092
b7edba81aa9e3aa2,13 51 147 738 813 1092
b7ef6b86b0ea9cd5,51 147 189 615 813 896
b7f0b899683be5b6,51 147 532 1022
b7f76a0768085048,13 477 668
b7fda21c63b8512c,13 813 872 896 1092
b7fe346f49688a24,161 304 423 707 734 800 813 955 962 1092
b8001d47ac1e0cf,156 259 418 426 541 542 543 579 753 796 813 940 949 1072 1092
b805091fd4ef1d4a,684
b8063a66d1b7fb76,99 121 489 1059
b8099d0a7b6b7df5,194 738 813 844
b80e6b5b08952d50,51 111 156 538 541 542 595 616 742 813 1092
b82b004899aa21c2,99 161 304 489 1059
b82c0d1d3f3a77a6,114 217 236 257 357 1061
b838e24abe0ee16f,51 76 147 212 283 322 477 538 583 671 780 813 835 1046 1062 1092
b83a3c5214a4b355,263 270 369 420 496 784
b83d77f491325ff4,99 369 587 766 819 884 1039 1059
b83e3121636b1913,13 51 70 147
b8441e7eb5015a2c,51 212 586 1039 1059
b84e058cbbae76bc,369 726
b8559c77338d82bf,121 420 784 961
b8668a3bcebac353,182 744 754 922
b8673961e3285e2a,13 51 147 552 626 671 780
b86af362a478d988,155 189 378 768 1034
b86d5acbaa54e14c,519 737 813
b86e9b849b1bf0c7,147 698 813 916 1092 1093
b87a96b7488ad67a,369 754
b87d4943f1d49f3e,188 462 488 670 733 734 764 813 993 1020 1084 1092 1099
b880016ff0e5c98a,51 239 809 813 961 1059 1092
b8876cfb7c0ae7d7,313 420 835 962
b891a31b552fe0a8,51 70 147 189 520 597 663 813 835 858 1092
b8967ee2f291e649,121 813 1092
b899b628ae6db634,147 663 800
b8a19e8d0ea9e6e8,147 189 663 800 813 1092
b8a21996058a4803,13 51 147 626 671
b8a9234812301960,369 766 1039 1059 1084
b8ba8140559d3ee8,147 189 744 813 835 1092
b8c20d5f1b848f1b,121 161 1059
b8c726373e77236,51 147 485 744 950
b8cded44a5046eeb,51 147 156 538 616 671 698 813 1046 1092
b8d654e3ce891bfe,51 147 156 332 418 477 541 542 813 949 1046 1072 1092
b8eaef089ae9a35c,99 161 304 331 351 718 813 953 1092 1096
b8f520e46bc4ae01,51 147
b8f75b6028a168b0,51 70 147 156 189 485 615 813 1092
b8fa11905d80e55d,348 671 889
b901de5d07363e76,13 698 896 1092
b913c04a60d816a9,156 189 259 813 835 1092
b91679b21f34807,13 14 51 147 552 626 671 780
b91e59aba9f12574,13 655 698 813 903 1092
b91fc224d848e21b,369 477 671 780 813 1019
b927fefb7f87066,147 194 477 671 780 1034
b93811e36755e096,13 14 51 147 552 626
b93ad084ac2adc8e,147 189 259 488 707 744 813 835 1020 1046 1092
b943b847824f3aaa,51 147 586
b94adc448749f475,188 369 1059
b950ce797d56d323,86 121 276 282 369 489 1039 1059
b959c72ef5007d1b,13 147 552 639 671 780
b960a14235af4b9e,147 477 639 671 780 950 1034 1035
b963f1e8d05524eb,99 121 161 813 961 1092
b972558dbd64641c,58 156 369 418 541 554 579 813 949 1072
b9762f20cb604c53,13 147 501 737 738 813 1046 1092
b979c6507d002989,147 189 776 813 1046
b981576ecd178a4b,147 485 744 813 896 1092
b98ce02342faeedc,188 428 597 1059
b98d268130d37459,147 156 477 513 671 709 780 783 835 858 1062
b9958eb8e655dd3d,121 433 1039
b9b826b8d677ce89,147 156 189 259 418 462 541 542 554 733 813 833 835 974 993 1020 1084 1092
b9ba6efe34dbc038,147 283 477 532 671 780
b9c64814e5391c44,147 189 813 896 949 1092
b9cf44b890bb9f9b,51 147 189 584 671 780 1059
b9dabdceb53b8f1e,121 489 695 724 1099
b9e6b80e51015955,99 813 961 1092
b9ecc7db9facd992,51 147 156 189 671 780 1059 1062
b9ef980cf283d56,79 194 671 1059
ba03dcec81162bb,182 258 447 482 497 498
ba1cecfb9c268902,304 489 1059
ba2bc7cd6ed96fb2,184 415 754 872
ba31fe6352e88c78,156 189 430 434 501 545 559 580 738 744 813 1092
ba35b57bba513d3a,51 147 189 551 813
ba3b16021bdaa9d7,194 404 813 1092
ba3d13a8bbdaf48c,13 51 147 813 1092
ba3da743c6fd95bb,194 671 780 1059
ba43a7eed209806d,121 147 1039
ba592757fcedff43,111 147 189 420 538 616 663 784 800 813 835 953 1046 1092
ba59d6c818f13edf,121 304 1059
ba5ac24661abab67,194 420 477 671 679 780 813 1046 1059
ba67d43a25950400,51 492 616 813 952 1092
ba6a080aadfccd06,188 464 507 1039
ba76dc95e54fbb20,754
ba7c478dec0057cc,420 496
ba7f2897b3def5b6,25 161 734 800 813 953 1059 1092
ba80efe6aa9cdcc4,147 189 418 541 554 579 581 744 813 835 1092
ba8765d915e8e574,121 125 703 704 800 813 961
baa828ad3ae4d2cd,156 541 542 581 813 993 1072 1092
baa85475b76b64c3,194 480 483 738 744 776 813 830 1046
baad134e45da4952,51 111 147 156 420 477 554 639 671 738 744 780 813 835 950 1035 1046 1092
bab0b3c2ee65cb56,51 147 156 339 477 671 758 780 1030 1059
bab5a0ab277ed64a,111 147 189 480 483 776 813 963 975
bad7acf519decc75,121 433 718 813
badad77a4289e6e9,147 156 189 586
badc7bce8d32f7d2,194 671 780 1034 1098
badf6137537472c4,51 147 156 733 813 993 1020 1084 1092
bae162b933c6efd9,169 184 448 819 1039
baefc0ceb5c7b162,813 1059 1092
baf03cc5125ae9d,147 156 189 259 418 541 542 579 753 813 949 1072 1092
baf7b3042dffe2ab,121 369 436 1059 1099
bb09df7dbd5e8bc8,51 76 147 189 583 663
bb0a9f19b1908852,51 147 156 189 308 335 418 477 552 554 671 780 813 949 1065 1092
bb11a598bff89d2b,13 663 1092
bb1feca360c94cd2,45 111 189 784 813
bb37cba767df4179,369 587 1059
bb391489ffd40ba3,188 420 733 734 739 813 890 1099
bb4082b3436d3bd8,99 420 598 734 784 813 961
bb4194fe31ea64ee,147 369
bb420e295028b08e,147 189 663 800 813 835 1092
bb6338b8f497e76b,51 147 420 492 616 813 835 971 1092
bb6f682652454000,79 482 497 498
bb73e5f415fb56a0,147 189 434 554 744 813 835 1092
bb7e86e1fb8fd7a1,51 147 212 283 513 515
bb7eb67ffd4d40da,51 147 156 188 639 671 1034
bb9367a2f18df827,51 147 189 744 813 903 1092
bb96fea13b368170,13 51 147 477 1092
bba45e6703645c79,51 188 369 477 518 552 597 639 671 780 1035
bbca2338e8738c2e,51 147 212 283 746 1059
bbcb155af645f45f,180 231 750 1099
bbd70c479899e7a7,79 188 189 335 369 1034 1035
bbda7f0650763f50,161 204
bbdc7dd03aaf58d6,51
bbde3b57a00eb9e1,79 180 258 482 498 728 813
bbe4b7cb6235bc43,304 487
bbf00e37f1e3f9b6,25 161 813 1059 1092
bbf0bdd634890e75,147 189 418 541 595 663 731 742 800 813 949 1072 1092
bbf4b65fe0a6813f,13 14 1056
bbf4d38cfd1929a1,121 433 520
bc045b23163e521,13 477
bc0d0b3f79a98f76,13 698 896 1092
bc1f8bad49a5dba0,13 663 896 1092
bc2998c78d15d525,13 41 131 147 189 552 671 768 780
bc2abbb38fb164de,121 189 433
bc38e29063d703fb,79 147 194 477 612 671 780
bc3c2a5d15807d6a,51 147 189 434 597
bc43a6a85b0803f,51 79 156 369 671 780 1059
bc4705f4e3109f2,615 813 896
bc616e604527762d,182 922
bc6e9a1299e76398,13 813 896
bc708e0ca0d47a87,121 304 597 1059
bc7518d9a331fc4d,147 194 477 671 744 780 886 1092 1099
bc756095f03295eb,51 147 212 283 554 612 1045
bc8021fc73f5bd55,79 184 249 487 1062
bc8bdac1d569af2a,131 147 189 418 541 542 796 813 835 949 1072 1092
bc97088bea68481f,147 189 498 813
bc97c098b4741c4b,188 369 1034
bc9e2863a2b56c37,70 147 156 485 671 780 813 835 1092
bc9fd4b812c62b39,665 813 896 1057
bca76575b509e31e,121 432 724 744 813
bcaca19f65bef234,13 51 121 131 147 671 768 780
bcb4755a603f8956,51 147 671 780
bcca582ce8573bb7,194 404 492 671 698 744 813 1046 1092 1099
bcd74670b4cd441f,70 79 147 434 483 494 501 737 738 776 830 924 1046
bcddbbdfaeb3e639,51 147 744 813 835 952 1092
bce8c76467444181,51 111 147 434 480 483 494 501 545 737 738 813 931 1040 1046
bceab540a582f082,147 165 189 612 663 835 903 1092
bcf94f8622c7e440,121 415 420 477 681 822 872 962
bd00e71c0267e142,51 147 615 1022
bd13167f580a723f,189 1059
bd13333ccac49fe6,79 188 369 813 1092
bd1c24989e130b39,121 813 961 1092
bd1c4d6494c95b12,79 194 671 780 1034 1035
bd22400b9eada668,13 51 147 552 626 671 780
bd25e02325f530a9,51 79 111 147 156 339 477 487 671 738 780 813 1046 1092
bd26522a94f0de7e,13 477 698 813 896 1092
bd2e59d04ea10b59,51 212 348 671 889
bd30c007691935c2,51 147 189 616 733 734 813 993 1020 1092
bd47bb8656f42352,194 404 483 744 813 1020 1046 1092 1099
bd5539edd0821a35,13 51 147 519 734 738 813
bd6075c613750ff3,13 147 813 896 1092
bd6a273456afb401,147 156 189 259 418 541 813 835 1092
bd826ad42e963ac0,147 738 1046
bd8644961968b46c,156 541 542 753 813 1072 1092
bdb1f13586dee40a,79 813 1024 1092
bdb5b174f3f83519,147 189 418 422 541 542 579 753 796 813 940 949 1072 1092
bdb6c5e559b209d7,79 487 734 738 813 1046
bdb8a3a5a9c716b4,131 147 189 418 477 541 542 543 579 671 753 813 835 949 1072 1092
bdcdb24da1411a7e,121 433 703 724 738 813 962
bddac456e7f3db36,121 1034
bddc3847154a3fbc,369 420 1019
bdec2f4d6758cd34,121 304 487
bdf7b5de71e29493,147 189 663 800 813 835 1092
bdfd06e98ddbc767,13 147 716 813 896 903 1092
bdfd879f26f3d693,774
be0128852e52d9a2,483 494 501 737 738 776 813 924 1046
be014e424d6462e3,51 156 813
be0e6f78b0b85292,51 156 175 212 465 671 780 1059
be2aa14f1714a580,194 404 744 813 1020 1092
be30c550d657cf67,121 724 955
be56229cf09e781e,194 404 744 813 1020 1092 1099
be583814ff9318c1,79 121 436 754
be5995a9742682ce,79 813
be59aa58d59c444b,121 718
be5fe8f3523ab34d,147 189 413 434 521 559 597 603 738 813 835 858 1092
be623a7779b4c3ff,189 718 813 961 1092
be6a11cc01972df3,51 147 212 283 551 738 744 813 889 1080 1092
be844076424d6b57,13 776 1046
be8e141d569e4bef,13 51 147 552 626 671 780
be90b4f465521398,189 418 541 542 731 796 813 940 942 949 1046 1072 1092
beb4da0ec08d25b3,147 189 434 480 483 501 548 580 733 737 738 813 835 863 975 1046 1092
beb7cc9093b1efaa,161 304 369 464 872
bece8825fe66deec,51 156 259 541 616 733 734 813 993 1020 1084 1092
beea37882dda78cc,79 194 671 780 1059
bef5e7e13dffbdbe,194 420 492 538 616 738 813 822 844 1092
befa7810ff1d20ee,147
bf094c9d3f671569,51 147 156 584 628 671 780
bf17013ee678f73d,541 813 896 916 949 1092
bf1f066152da6c40,239 369 754
bf2c6a0425155ac9,70 131 147 189 541 542 543 580 813 949 993 1072 1092
bf2f17c016346970,13 405 896 1092
bf3ded1cca220330,79 194 1059 1062
bf42f8a92fcfa9ef,282 489
bf4c28685000d166,45 111 147 156 259 477 671 780 835
bf593eb424b0d4b5,13 147
bf5d312c98789171,121 961
bf5f6a1fc18b6bf9,121 369 813 961 1059 1092
bf6ad0b4624190b9,147 156 189 554 671 813 835 858
bf75f237a9976ad5,99 161 304 492 718 813 961 1092
bf8f8cc663fd9293,79 147 737 776 813 830 1046
bfa10f9a01b12cd8,51 147 212 348 889
bfabd0a6afd7dc26,313 962
bfbc85e331333c7e,156 189 259 406 583 645 663 721 800 835 953 967 1064
bfbebe9ae508cbcf,13 51 127 147 552 626 671
bfcff459980f93a7,182 744 922
bfda9d0d8e9163af,79 194 477 624 1046 1059
bfe01e3415aba013,13 51 147 552 626 671 780
bff7a798bc853eaf,184 313 489 584 1059
c003fba32e651bf3,156 188 428 465 744 813 1059
c01a54bd73f3a128,189 418 541 542 543 595 641 731 753 796 808 813 932 940 949 1072 1092
c01ec225658720ab,13 813 896 1092
c02b453cfa580a3,147 189 597 813
c03a9cfe63e54256,156 189 744
c047ace51190a61,13 147 480 483 737 738 776 813 1046
c0480210dc32f0da,147 369 477 639 671 780 1034
c048fdb1884f5c7f,161 420 477 489 584 780
c05124cecd23d433,79 99 813 961 1092
c05cc17e6e0bb9c9,1039
c062dd271334fafb,188 428 671 1059
c0631cc6d55e826e,13 147 1046 1092
c07765f89663a3e,51 744 813 952 1092
c082b8dab4219714,121 369 758 1059
c08aabb2fced550a,189 335 369 1034 1035
c08ae729ac20af03,147 813 896
c0947051c91f5be7,121 415
c095c1ba72c4a894,13 51 147 675 978
c096877f72f341b4,155 189 378 768 1034
c09a363ae8a33bc5,99 121 161 304 718 813 896 1092 1096
c0a0d0bbbf539468,147 194 776 830 1046
c0a2e130d49665e9,121 597 1039
c0a385c65dfaff74,156 541 579 813 896 949
c0a924c26cc6ef91,189 335 369 639 1034
c0b85d2129ef9c81,111 156 189 259 462 616 670 733 734 813 835 993 1084 1092
c0bcfaf46a7be703,147 189 335 671 780 1034 1035 1065
c0bfc1052cb68a6,121
c0cc383f78e32afe,33 313 420 962
c0d07d0023b4d883,147 189 335 671 780 813 1065 1092
c0d14da495e4e73,147 156 189 259 420 583 616 663 721 784 800 813 835 953 1064
c0d1d6d353c04f1c,70 131 147 189 259 418 442 541 542 543 579 813 835 949 993 1072 1084 1092
c0da8f04cc7b4a9e,188 189 194 671 780 1034 1035
c1015d8a72efa30f,25 161 331 813 1092
c10f2990333c4b9c,51 554 558 744 813 903
c113d9d6d40f3a6f,79 194 489 612 1059
c1215dcf6082ff1d,121 147 189 720 961
c125999baf27be6a,13 51 147 626 1092
c132cd5fdb679e3e,40 51 147 283 420 477 671 738 780 813 1046 1092
c13c59de23ed140f,99 125 161 236 304 489 612
c13c702791ca63e5,188 733 734 764 813 1092 1099
c1483fde1f353f3d,156 189 813 949 993 1020 1092
c14e65f2a24abe67,434 501 737 738 813 931 1032 1046
c157f27d767f1e63,194 404 655 698 744 813 1092 1099
c166db04acff54c9,13 194 477 744 1046 1092
c169066debf655c0,13 51 127 147 552 675
c17020832191d028,111 147 156 189 259 420 573 616 676 738 776 813 939 971 973 1046 1092
c171c38289f85076,70 111 147 189 718 813 1092
c1745e443a67aaf2,51 111 147 718 813 896 1092
c17647b8dcfc9c7d,131 147 671 768 780 1034
c1768f9f702bf63c,79 180 477 671 813 1092
c1824230b7970d6a,79 498 813
c18320a1807dd9cb,51 147 813 896 1092
c18b1b511b9ec0b,70 156 189 259 418 541 542 796 813 940 949 1072 1092
c18bc5ad443f701b,156 541 733 813 993 1020 1084 1092
c18cb75f388b273f,156 189 259 418 541 542 641 731 753 796 808 813 940 1072 1092
c1921251e07c83ca,304 487
c1a22cb09a62c9fe,45 189 718 813 903
c1aafd29058f86f5,147 189 335 418 450 477 835
c1abe7ba6dd8aa15,25 161 734 800 813 953 1059 1092
c1bc073e9577a473,79 121 738 813 1059 1092
c1bc36ee8613605f,13 480 483 725 776 830 963 964 1083
c1c02afdbeef743b,147 189 259 418 420 541 542 595 616 663 813 835 1046 1092
c1c52b5c4ec46937,13 405 813 896 903 1092
c1ca32556eed3fb8,369 1039 1059
c1cde181e12928c6,121 369 1039
c1ce8878b1387201,79 194 671 780 1034
c1d700e4c37782ca,70 147 189 663 738 813 835 1046 1092
c1e22c156aac473e,194 477 671 780 1046 1059
c1e5793167238880,13 51 147 744 813 903 1092
c1fc6dfd9a98c1c7,147 189 671
c2059184b5c34d6d,121 1059 1092
c209592043714eda,51 70 147 718 813 903 1092
c21db6c0abf6644d,13 51 147 626
c21ded49e382bea6,51 111 147 156 194 227 369 477 584 671 780 1030 1059
c21e7500eb6aa77e,253 282 489 695
c22330dc3e0ea62a,239 420 738
c22b4df2fccb0a06,813 896 1092
c22e8898a68eaea0,156 189 259 406 420 645 663 721 800 813 1046 1064 1092
c23853b5be9b73af,189 462 733 734 813 993
c247d8d7e61ea1c3,131 147 189 671 768 780
c24afeb520f0a003,13 51 147 552 626
c2502e476d9f45d2,188 369 1034 1099
c264ac049df767d6,147 156 189 744 813 896
c275b4b8c1fe58a0,147 477 671 780 813 835 1092
c27ae6b50771760,13 51 147 189 554 733 744 813 903 1092 1099
c289ad936fa8fb02,13 147 434 501 615 1089
c296298c0800e8e1,116 117 161 487 1101
c2a1969ebbc3819f,70 156 189 418 541 542 796 813 835 949 1072 1092
c2a3b72f880a9afc,147 188 1059
c2b3e46d109b94ab,156 189 477 485 603 671 780 835 1069
c2b4cc1d9d0bc879,147 477 780
c2b97831d91268b8,51 156 1059
c2c541937e71657f,304 487 758
c2c7380c22b4f17b,51 111 147 480 483 725 738 776 813 830
c2d6d0c7944f3212,188 428 558 744 1099
c2de6bc6d078207f,13 147 189 698 718 813 896 903 1092
c2ec0cf9ddff207b,188 428 803 813 890 1092 1099
c2f261a718d8d330,147 189 418 538 541 542 663 813 1046 1092
c30c1e4b7bdae749,121 764 813 1092
c312f9338bf1d130,147 189 413 430 434 517 521 559 622 738 747 813 835 871 882 1038 1092
c3135bf1dd63171d,182 369 754 1059
c31720303c722911,147 189 373 597 1035
c32de88a6e4d635,51 147 322 612 671 780 1045
c3397c73ce3fefa3,188 428 485 744 803 813 890 911 1099
c33ef433054cbb96,147 665
c34a9a9d42829a76,13 738 776 1046 1092
c34bd826bd0d2291,147 718 813 903 1092
c357e0439720ae41,156 194 227 477 489 584 671 737 738 813 954 1046 1092
c35bf1b5160a81e1,51 147 189 322 477 671 776 780 813 835 1046 1059 1092
c35c8bea8b71a703,13 51 675 716 978
c35fca2e98b800ae,369 477 671 726 738 813
c36e1d4ce7790ae7,51 147 283 477 532 671 780
c373dca319a4767,684
c3766598c9f96c4c,13 477
c3770bf229a86c2a,492 616 674 813 833 861 916 1022 1092 1093
c37950418dd47468,147 156 189 663 721 800 813
c37a34d5cfe92333,188 231 1039
c389f321c1dd9216,147 188 189 335 671 780 1034 1035 1065
c394c62cefbf6fa0,13 51 147 671 675 780 978
c3a99f0698e3d0dc,188 189 335 552 671 780 1034 1065
c3af83097672baf1,51 524 616 744 813 952 1092
c3b0a13734f95727,147 189 671 780 1034
c3bdd92854bf842d,33 582 1023
c3bec6a450d606dd,13 445 813 896
c3ce74c15c24a864,51 147 813 952 1092
c3e55b8457357bf6,131 147 189 259 418 426 541 542 543 579 753 796 813 940 949 1072 1092
c3ea3edfdb070c4b,147 189 434 559 615 738 744 813 835
c3ea5f9f7961ea66,51 70 147 663 800 813 1092
c3eba595c0f9f5ba,79 188 487 1059
c3ff40bfe3f97173,147 335 579
c409e836638f7261,51 616 665 733 734 813 993 1020 1092
c40d8e64bb9c1265,51 147 418 813 949 1092
c416ad0c97f034ed,131 147 189 378 552 671 768 780 1034
c418dda0f26451cc,147 369 597 671 1059
c4221d596f870da6,483 494 734 737 738 813 993 1033 1046
c4255f7cf6bf1a1d,147 189 413 430 434 545 559 813 871 1038
c425ca2b13f0629a,51 147 156 227 283 420 477 501 540 616 671 737 738 776 813 1046 1059 1092
c428cb4de769132e,13 480 483 813 975
c42cff9c3ec78dc2,147 477 485 671 682 780 1092
c432d724142bcb8,13 14 552 1056
c43e7bf97d46fc2d,147 156 189 554 744 813 835 896 903 1092
c4529bdbdf0b0985,99 121 1059
c456c0eb6b58a770,13 51 744 813 903 1092
c4574b004021f2d1,189 335 369 671 780 1034
c4576b62afdcd60f,51 147 813 903 1092
c45fc14ca147508e,51 147 501 580 616 698 747 813 1092
c467aacfbe6ac3f5,51 70 147 189 520 597 603 650 671 780 835 858
c468b4cb491c55ff,147 189 430 434 501 545 559
c4730e1e762965fd,111 147 156 189 420 477 520 538 650 663 691 709 780 784 813 835 858 908 953 1062 1092
c475fdd8a6c069af,147 189 259 418 541 542 616 813 835 949 1046 1072 1092
c478472d7875879c,147 189 335 671 780 1034 1035
c4795ffb2b13811a,147 671 780
c494b6bbbc67af33,189 1092
c498406b068b07ea,13 744 756 813 1092
c49859404d52e79e,147 189 520 597 603 835 858
c4a0c465d25f724f,79 480 483 725 737 776 830 923 1046 1099
c4a723d61b27b972,121 718 813 1092
c4a99db5614118c8,420 477 487 738 813 1059 1092
c4b55d0f1db74b22,51 147 156 369 586 813 833 1039 1059
c4bb51ecc1b7ae56,51 147 189 554 744 764 813 896 903 1092
c4bbd7b81f580454,51 111 147 156 189 477 554 650 671 691 780 813 835 858 953 1062 1092
c4bef42dda425f10,13 896 1092
c4cf500ac143d0c4,13 463 480 483 734 738 776 813 963 975 1046 1092
c4e361d20885ef2,147 189 306 744 813 896 903
c4ea8aa98862b87b,79 369
c4f0fb53333018c6,121 415
c501462bbaa34c84,156 189 541 813 896 949
c502440274d24396,13 51 147 552 626 925
c5139812542b3d1b,184 754 872
c52fe9c4f62f0c5c,51 156 212 477 490 671 744 780 813 1059
c5389f20f2ceb374,147 156 480 501 737 738 813 1046 1059 1092
c548534a3348741a,194 404 655 744 813 1020 1059 1092 1099
c5562381c2003805,13 51 147 552 626 639 671 780
c55a1310f1c17775,121 433
c56602b7fdcda1aa,51 111 147 156 420 492 538 616 813 1092 1093
c5796cbc0a9a3093,25 161 813 1059 1092
c57af4b312facc6b,51 111 147 156 671
c5977f2da6ccda9f,51 147 189 485 615
c599318fbc79cb5b,813 961
c59af26d33aad079,51 147 335 369 671 1020 1059
c5a1b0e46b3a9c92,51 147 156 813 1046 1092
c5ab3a47a93440f1,156 189 259 418 541 542 731 796 934 940 942 1072 1092
c5bccbe8d5563f88,13 776 830 1046
c5be4aec4cbdd1ad,1059
c5c94067de3c3759,313 420 477 835 962
c5d5d1f25dc183e,70 131 147 189 418 541 542 742 813 835 949 1072 1092
c5e9a42c8409284e,51 147 189 492 698 813 1092
c6118cc98c3d5fe,184 420
c62c1b5afdaa2f3a,13
c63ca564e0fc0228,156 541 542 753 813 1072 1092
c64af29a99dc239f,13 480 483 501 519 738 813 1009 1092
c64ecb3377d54e79,245 289 369 587 766 1059
c64ff27ca571aae,231 369 1039
c652788c64694d92,13 79 420 813
c6544dd87f77607e,13 51 147 434 480 483 494 501 512 545 737 738 1046
c65cc8edb36e29e7,13 147 501 738 813
c661727dadec2e49,194 477 744 813 1059 1099
c666aa176dff5a27,51 194 369 1039 1059
c66b12680bf2100f,13 813 896 903
c682a3ce74177538,147 189 663 744 813 1092
c685cd84b2310c5d,133 147 189 541 796 813 949 1072 1092
c68d0f48a66fafe,99 738 813 961 1092
c6950ea4f11b77cb,147 833
c69a6b261aa342a8,51 147 156 393 477 671 780 1030 1046 1059
c69cb0072f27bfb2,79 121 477 872
c6a41ac038c86953,180 369 1099
c6b5885263cd9973,51 147 189 671 780 1022
c6bd91d785fc4a71,79 480 483 725 737 738 744 776 813 830 1046 1099
c6c1d0ed4e3b559c,25 161 734 800 813 953 1059 1092
c6cbd68f593d5e04,51 147 156 189
c6cebb60e90a1e56,13 121 147 434 813
c6d21176e76b8189,147 189 718 813 896 1092
c6eef20d77ce0b30,51 156 189 259 813 993 1020 1084 1092
c6fd1de8d431e14d,147 671 780
c70070b9997b0376,13 813 896
c70a59cd3b1814f3,13 519
c71b103facc2997b,313 420 962
c71d5ece6bf4ceb,13 51 147 552 671 780
c726ae75b410e18,13 698 813 903 1046 1092
c72e3afab3e5413f,369 671 1034
c73aad040720fbc5,51 212 515
c7467bc44b8566ee,51 147 156 418 554 744 813 835 1092
c75ec55a62b287b4,51 147 671 780
c78e1cf9a43fb218,189 369 378 671 768 780 1034
c7955ecdb8e1d95b,99 304 634 872
c798595ee78a172b,79 490 671 780 1059 1098
c79b7f47a8f7c8e,51 524 616 813 952 1092
c79c03e70a3e3b80,51 147 212 283 554 612 746 1045
c79e3395fcf7466c,369 477 671 813 1019
c7aa9cf3df440c1c,147 156 554 671 744 835 903
c7b3af2129439f37,501 737 738 813 924 1046
c7b9625e080ec7a7,51 147 744 756 813 952 1092
c7bac5bc98f78210,79 194 477 744 813 1046 1099
c7cf72ffa8c2dfe6,13 51 483 738 776 813 923 1046
c7cfc8aa3c4fc7b7,304 487
c7ea6650d9c5e2fd,51 189 492 616 813 961 1092
c7eadf9b58582e16,51 147 369 1034
c7ee5009c3928c1f,121 718 955
c7ef7b2011df5b01,304 774
c80185879d8e5b07,51 111 147 156 189 259 477 520 554 650 671 744 780 813 835 858
c802b514bcaf497d,79 147 194 477 480 737 738 744 813 1034 1046 1059 1092
c8030606900d7d31,156 194 465 1059
c805a84cb54553de,434 744 813 1092 1099
c806959bbe857da1,51 147 156 189 833
c80a7ba3711d2e4c,79 194 489 612 671 780 954
c80c59c4a0823718,51 147 189 744 1099
c811279a757fe567,147 189 259 418 541 542 813 949 1072 1092
c81227c27defda11,13 538 698 813 1092
c81898e21cef46f3,369 477 671 738 813 1019
c829e420fd3dd1ad,45 147 156 259 744 813 1020 1092
c82ad00ddefd7e65,111 147 189 813 903 1092
c84055e789b5a710,131 189 378 671 768
c84098ad3192e912,13 147 552 671 780
c8474a08ed3b4637,156 671 738 813 1059
c8478ea019a1ca59,188 189 194 477 671 780 1034 1035
c84d40ce0e22129e,369 489 1059
c85099abd8331482,194 404 744 813 1046 1092 1099
c86119857fbcf70,335 450 671
c8679fe78e0c4721,13 51 111 147 420 616 813 1046 1092
c87834a02e7c1865,480 483 494 501 548 737 738 813 913 1046
c87b6eaa96f938ec,51 147 744 813 903 1092
c87e7d3944b6bcb8,147 189 813 896 1020
c896e32b832b8d2,13 51 147 552 626 671 780
c8a4d0efdea33198,99 121 161 813 961 1092
c8b183eb45db2ec9,51 70 147 492 698 813 896 1092
c8bb6e5cfcd324a7,147 532 671
c8bf5a71959ea65,156 418 541 542 753 813 1072 1092
c8ca4912c8f3dc11,121 304 1059
c8d1157a8dec9beb,156 541 542 753 813 993 1012 1092
c8dd66507b89f796,111 147 189 813 903 1092
c8e07270686556ab,51 147
c8e23b7e097c33da,597
c8e98e771795b170,156 663 800
c8ebc7faaff0a9c8,13 178 1034
c8eebd6749a52534,369 420 650 738 754 872
c8f528ab2c7a8484,147 156 541 579 796 813 896 949 1072 1092
c91e0d913e8d3e81,51 147 189 335 418 477 639 671 780 813 835 1034 1035 1092
c91f59c6d12b1d28,13 671 698 780 896 1092
c9258230b81b00b1,147 283 322 477 532 671 780 1046
c92c21a97f84bbd2,239 738 813
c92f263ad6a274a8,194 830 1046 1059
c941bc3e2263b78c,147 780
c9479b906d6f38fe,51 189 584 628
c95149f15b439739,147 156 259 418 541 542 554 579 744 813 835 949 1072 1092 1099
c95889ae05990224,369 650 718 809 813 1092
c96804e1f25d83d3,194 404 698 744 813 1092 1093 1099
c9750852ce9a844c,188 764 803 813 1092 1099
c9751d2cfbb892c5,45 51 111 147 813 896 1092
c9a002fbb4a44ce4,161 253 487
c9a1a6e0b486ea4b,615 813 896
c9a922b8c2dd0ff7,13 813 896
c9aafa41ff974895,369 587 766 1020 1059
c9ac8eeb74ebab96,13 147
c9bf666573e97d0f,147 156 194 477 612 671 745 780 886 954 1046
c9bf93915561ddad,51 147 156 554 579 744 813 1059 1092
c9bf9f50e3635c97,156 189 259 418 541 744 813 835 1092
c9cb0fb360216243,13 480 483 738 776 813 923 963 964 975
c9cda88855592540,79 194 489 490 671 780 1059
c9d077a17ca188ff,121 1039
c9d3c9f476acd75e,189 369 768 1035
c9d50b22b6f48177,147 639 671 744 780 950
c9e3e64055ae363b,121 415 703 704 724 735 748 813 961
c9e4d7b0fcfe578a,194 404 813 1020
c9e5d5eb25e1d4ba,161 304 634
c9eb86aa57be6160,111 813 896
c9ef3f55df971dd0,51 156 227 616 813 961 1092
c9f34e3b4c9e754a,13 896 1092
c9f414ffd9595e94,121 369 464
c9f627d1046db7ef,147 189 413 430 434 559 738 747 813 835 1092
c9fb40d12531381f,188 487 647
c9fb5102d0caa89f,239 477 487 738
ca0f06cbff0ebc1b,79 194 671 1099
ca2fd1b241c913b4,13 51 147 552 626 639 671 780
ca322adf83a82d60,188 369 489 813 1059
ca33bc67ade43523,188 733 734 764 813 890 1092 1099
ca346e709e0efb4d,79 194 671 780 1059 1062
ca4b553231f58772,147 156 189 369 813
ca4c3f39b996c029,51 147 597 650 671 780 864 1059
ca4e6b9332865e12,13
ca55dbef66ed4b6,147 189 304 718 813 896 1092
ca59a6bf315fdb9f,70 147 189 477 520 597 603 650 671 709 780 835 858 1092
ca5d3d84c8146f33,13 147 663 698 813 1092
ca63e74ba72927d0,147
ca6588fd84553513,45 156 259 541 542 813 949 1092
ca709107c6c75a2c,156 189 436
ca75baee8c55bc33,13 147 698 813 1092
ca76c160ae783f97,156 189 234 436
ca7b4abcc1e942d4,114 217 236 257 357 1061
ca7daa13e97c9732,147 418 796 949 1072
ca87782baab1a8c,156 189 477 485 603 607 671 695 780
ca8f0b2cd8cdba7a,147
ca9129a581f40c5b,99 125 161 304 331 489 584 612
ca94febde38fa2d7,189 813 949 1092
ca9eb321bfcf4d4d,51 111 147 189 813 993 1020 1092
cab5037c3b1d3805,79 121 415 833
cabe6b1d78a31eda,369
cac72a36e0964359,51 212 554 584 746 1059
cad377e9a659a81,121 188 1034
cad746d84f03dcd2,79 147 554 612 671 780
cad890286d0b49f0,147 156 418 541 542 753 796 813 1072
caeab2fe02a7b3c1,45 111 147 156 189 813 896 903 1092
caf5f5bb9c056fa3,188 428 558
cb0b4097c21fbf5c,813 896 1092
cb1563c72c8cfa55,18 25 161 331 489 584
cb1ba99521b6ce1a,494 501 737 738 813 1009 1046
cb1ca0b5fc2e9ab6,188 428 813 890 1099
cb1cc2b815b52e87,121 586 884 1039
cb1e199bbd88a427,194 477 671 780 1034
cb22a7b0614c4693,51 147 156 283 490 508 671 813 1005 1059
cb271e1d0ba1234a,1059
cb2b9bd19bf853b9,51 76 156 212 227 477 616 671 780 813 961 1092
cb2bbe5d887261f,147 189 541 663 800 813 1092
cb2be4a993314d77,147 189 477 485 603 671 780 999
cb32bd5f9bc75de7,420 738 835 962
cb3a74e9f098e1c7,13 127 147 552 639 671 716 780 907
cb3d8375b4b39e2,70 188 189 418 541 733 738 813 949 993 1092
cb4400eba13e637d,147 189 335 671 780 1034
cb50c132ccb86928,13 405 698 813 896 1092
cb51e8c75ca83407,147 189 663 713 800 813
cb539560382936ae,369 477 671 726 738 813
cb58129f0d304dd2,156 813 835
cb610bc7589c2095,131 189 259 418 541 542 579 595 813 949 993 1012 1072 1084 1092
cb613762dea3ff97,147 189 259 418 541 542 595 808 813 949 1046 1072 1092
cb6b7b0a5c2a3953,147 189 418 541 542 796 813 835 949 1072 1092
cb72341613a1252e,156 369 1059
cb8215d79b195d18,304 487 758 1059
cb87dfc22cb46d54,147 189 663 813 1092
cb9224af7be3081e,13 51 147 480 483 733 734 738 776 813 923 1046
cba9fc8b4c5dda7b,13 519
cbc268721c33a285,13 51 147 626 671 780
cbc272455cf818a3,121 147 663
cbc9caf9ba2e1664,51 147 156 189 418 813 835 1059 1092
cbd5de8057208060,70 147 189 418 541 813 835 1092
cbf78a691de25b70,156 436
cbf9bb99810720e5,79 487
cbfcd5f09a45df6e,184 313 369 884
cbfce1425f42e43c,13 501 545 737 1009 1089
cbfd3be4f6af62ef,194 671
cbfe223888ff5a17,51 156 586 1039
cc04c2274e287da0,13 813 896
cc0653b2959cf4bf,111 813 896
cc0b14a68a085157,121 1039 1059
cc191f5a7693bb27,13 51 147 978
cc19ef4c11f3886d,51 111 147 420 573 616 737 738 813 1046 1092 1093
cc1c25be2bd68555,231 369 1039
cc1fa9d9231c3e2d,147 189 477 485 603 671 682 780 999 1062
cc1fb48d3fc7890b,79 194 480 483 725 737 738 744 771 776 813 830 923 992 1046 1099
cc3369e924a4a198,13 698 896 1092
cc36b4f8d313d97a,33 582 1023
cc3c921f46426a1f,79 194 1059
cc46734eb261e08e,51 147 188 194 671 780 1034
cc4c0fac65a167e7,121 962 1059
cc4d7e36b987f9de,121 433
cc51e6b002ca5bca,51 147 156 1059
cc57dc004cbbe9ca,188 420 428 477 489 612 671 780 835
cc6953b4b4fc73f5,13 554 670 744 746 813 896 1092
cc84d9f2ac18dea0,161 304 331 423 425 642 663 707 721 800 813 953 974 1092
cc85ddd66aab1ef9,147 541 813 896 949 1072
cc8907f431a80801,147 156 189 420 477 663 813 835 1092
cc963d422683f695,156 189 259 418 541 542 753 796 813 940 949 1072 1092
cc9f331912cafa65,156 485 1099
cca7b9bdfa86a773,147 156 189 554 744 813 835 895 903 1092
ccaab977bb585960,121 433 662 724 813
ccab29e73bddeec1,189 369 552
ccafab9f4dae406a,180 182 703 728 800 813 1092
ccb352745b6cdc8,13 194 480 483 670 738 813 963 975
ccbf74e035578fb4,51 147 671 889
ccc9b7367f08af0b,13 147 189 733 734 813 993 1020
cccda8d005199b8d,51 147 189 813 949 1092
ccd634fb65f765c3,45 156 189 259 541 813 896 949 1092
ccd72d1a51dd707a,121 962 1039
cce13ea59da30579,79 194 489
cd032c9f2b64c896,111 156 259 406 420 541 598 616 733 734 784 813 1046 1092
cd098db6baa5ea92,147 189 418 541 542 579 813 949 1072 1092
cd150b9240dd4592,127 147 369 538 616 655 813 1046 1092
cd1b7aa9c4064a94,147 161 204 813
cd1c12116108bbb7,231 1039
cd1ed4afdd6a68fa,13 405 698 718 813 896 1092
cd2cce36ba4c32b1,147 430 434 545 559 622 738 747 813 1001 1046 1089
cd335c791859442b,51 524 616 813 952 1092
cd341abe2269ed34,51 111 147 420 483 737 738 776 813 830 1046
cd35f3b573009a68,51 147 492 524 616 627 747 813 1092
cd46b584fd6611fe,147 189 369
cd50383684d84d31,147 189 663 800
cd5d01b03a3668d4,147 639 671 780 950 1034
cd7554c098b6d10f,51 147 156 872
cd8402368b805efb,131 189 671 768 1034
cd8b99d0bf0ccbec,194 480 483 738 744 963 975 1099
cda02f177f221555,23 121 433 724 764 813 1092
cda417c8a6ca4f24,147 189 418 541 542 543 579 753 813 949 1072 1092
cdaf1a7f719ade78,13 147 501 738 813 1009 1092
cdb3d151f2c521d6,13 51 744 813 952 1092
cdb4df86e9dbfb3e,79 1059 1062
cdc09d45b225006a,194 404 744 813 1020 1092 1099
cdd09239fc43ab97,13 405 896 1092
cddda59576846231,51 156 227 477 671 780 813 961
cde051cc110c3234,51 147 156 758 1059
cde2f42e684aa2f1,13 51 147 626 671
cdf47aa99c6b089b,147 189 259 579 744 813 896 949 1092
cdf83ea3cb44c7ec,25 161 813 1059 1092
cdf9a762d6a9eec,189 418 541 542 731 742 796 940 942 1072 1092
cdfae9ed272217fb,121 1059
cdfe377e44a07361,51 147 813 896
ce051803a77c895f,111 147 189 480 483 738 813 975
ce069a4830681541,178 1034
ce10556d0ea9df,51 147 616 744 813 952 1092
ce11247938d06ceb,111 147 189 483 738 776 813 1046
ce18247821b338d6,9 33 99 420 477 738 813 835 962
ce1894fd8e197bce,79 194 202 489 1059
ce19157bcea62567,121 557 724 813
ce1a5e3792c94826,13 492 698 813 896 1046 1092
ce1b7afdc3f1bc40,194 404 744 813 1092 1099
ce2bed2e04d5122a,111 541 542 731 742 753 796 813 988 1072 1092
ce3e61acbd2817ba,156 541 542 813 993 1012 1020 1084 1092
ce4177e22a69c15c,121 464 1039
ce5aa6a975db5f76,51 156 1059
ce620208c7d5869a,51 111 147 813 896 903 1092
ce65a9f737b106e3,25 161 477 1059
ce71455c629dbd60,29 147 156 189 283 477 538 554 583 584 616 663 671 813 835 1059 1092
ce75a8a7e4d013de,147 189 335 477 671 780 786 1034 1035
ce7a066453fe8110,51 676 738 776 813 923 1046
ce85ea97b325b3d8,13 14 51 147 552 626 671 780
ce8abe59df3f8cb2,51 147 156 477 671 835 858
ce8e0c04ec09b413,418 541 542 813 949 1072 1092 1099
ce902219359e5566,634 872
ce93ebb0ad023a86,480 483 494 737 738 776 813 923 975 1046 1092
cea73d28791463f,51 111 147 492 698 813 896 1046 1092
cea84b0f19c97d2c,13 14 51 552
ceb2fb87a2f6c209,13 147 655 671 780
ceb53f082e5057d5,51 147 189 552 639 671 780 1034
ceb6c4ead8c26fc9,147 189 259 418 541 583 595 663 707 800 813 835 849 1064 1092
cec4c23a8f7ebad3,147 189 401 520 603 671 680 780 835 858
ced38814e2965e6b,13 552
cee9d9799e563c0d,111 147 189 335 418 742 813 949 1092
cef1ef2824a359db,51 111 147 813 896 903 1092
cef21d96e92314db,79 194 568 624 671 925
cf0cffb5d67df3d9,51 147 189 252 671 780 1092
cf192a72c8fe3118,147 813 1092
cf2363a2bae790c7,13 14 51 127 626
cf2e786da4b6023,147 189 418 541 731 742 796 813 940 949 1072 1092
cf37b95d1044fbf8,51 147 188 194 671 780 1034 1035
cf4176c166f05549,51 147 156 671 780 1059
cf53051ba69acb40,111 127 147 189 369 538 616 655 671 813 835 908 1046 1092
cf6276237876d69a,194 404 485 671 744 813 890 1020 1046 1059 1092 1099
cf68b9e78b5de3d9,194 477 671 780 1059
cf6912eef4e585f,51 121 586
cf6b3b2f9c9401b5,13 483 737 738 776 1046
cf70c590bf7a68cb,116 117 161 487 1101
cf761e6313f3d60e,188 518 671 1065
cf9ae14b12304075,79 194 671 780 1059
cf9f4eada505e66c,189 480 670 813 975
cfa3757788d34c17,121 1039 1059
cfa8d0210daa85d7,147 156 813 1092
cfc0ded9e3f169ef,13 519
cfc175426f4ac00d,147 813 1092
cfc3761f214f4f40,182 354 754
cfcef6eeff1a18c2,13 480 483 813 963 975
cfcf6270f89406a6,51 111 492 524 616 747 813 1092 1093
cfdd8a014ed4eb4,79 744 1099
cfedd629fcc4e67a,189 671 768
cff248da865cb703,483 494 737 738 776 813 923 1046 1092
cffe2e18bd8adb7c,121 369 584 1059
d000d7df40b8ee73,162 188 189 335 477 597 671 768 780 1034 1035
d005e653dbec18b,253 282 390 489 650
d00606b3b4fde54c,9 33 99 420 477 738 813 835 962
d0068f802df1e7a2,369 420 477
d015a7b6ea9e3fef,121 433 813
d017898ed60715c6,121 194 485 1098 1099
d019fb837428d360,369 477 671 726 738 813
d02b655aeb3a51b3,111 147 189 541 738 813 949 1092
d02bbb0697aff0b5,189 485 546 603 607 671 695 768 999 1047
d02c012c1d692dea,430 434 501 738 813 931
d0320f394e11c826,369
d04a65a38caf1166,541 813 896 949
d059670ac01adbce,13 51 147 552 626 671 780
d062b1c5d3cd795a,13 552 671 780
d076fa1f59f44437,79 671 780 1035
d07a0c667ca161e1,249 285 313 487 758 1059
d0801eed43ebf742,121 161 304 663 800 813 961 1092
d0823986dc199195,121 161 955 962
d097507f32309bda,156 189 418 541 542 796 813 949 1072 1092
d09ab9f3b958a51e,51 55 131 147 671 768 780
d0c3e27046dfbf66,13 698 896 1092
d0d9f26c33501ebc,13 147 744 813 896 903 1092
d0df18ce342bdf9f,135 369 554 612
d0e7b51c6ed10426,121 420 433 477 724 738 813 996 1092
d0ee1c17064e7842,79 194 477 480 483 737 738 744 776 813 830 1046 1099
d0fa1c84f6d803a5,369 420 477 639 733 734 738 744 813 835 1092
d0fd60531e226a0f,13 51 147 552 626
d0fe4ba324efa16d,147 189 663 800
d10c7ca45c0c01ce,156 189 259 418 541 542 579 581 813 1092
d110a4b8d219d0f4,147 161 663 800 961
d127ed809dfbc9cb,194 477 671 744 745 780 886 1099
d129eba2a2a7bc28,147 189 813 903 1092
d1370c8b93f538bd,13 51 663 698 813 896 1092
d13b0875fb8ea65,13 51 147 626 671 780
d1423560767d51ff,51 147 189 430 434 501 517 559 621 622 738 747 871 882 1001 1089
d142de74cba41a90,188 764 803 813 1092 1099
d14421114d0e5fa2,194 404 655 698 744 813 821 1059 1092 1099
d14a72ba3d9416bc,55 131 147 552 671 768 780 1034
d15fc49db513e766,684
d165232693d7d30b,13 51 147 552 626 671 780
d167a6d91117396c,147 639 671 780 950
d16e1249cc01c346,51 147 189 259 541 542 813 833 1092
d173d6a1d7d68097,156 189 485 541 744 813 1092 1099
d1959c175a90d838,79 184 1059
d19656a61d42c9e0,79 624 835 1059
d19e83727701dc1a,121 962 1059
d19ec4c866af03f5,194 404 744 813 896 916 1092 1099
d1a68da9e1937102,189 465 584 628
d1b7f1fbdae70c20,79 477 624 671 780 925
d1b964d38683f7a7,13 718 813 903 1092
d1bb8ae462787d1d,51 147 616 744 813 952 1092
d1bd3590cea6a192,194 813 1092
d1c38f6c5d77186b,51 121 156 477 961
d1d8724c64dfb34b,156 189 477 485 603 607 671 695 780
d1d93587a3ad17da,51 147 189 283 420 477 597 671 780 813 1059 1062
d1de6890453cb2c2,70 111 147 189 259 420 483 573 616 676 733 737 738 776 813 923 971 973 1046 1092
d1e869c7f5eb13f9,369 597 671
d1ea6a84d1a045f0,147 189 430 434 597 603 858
d1ec92214af10b65,111 147 813 896 1092
d1f964d2837e3472,155 189 378 768 1034
d2158f8c3e167e56,147 194 671 780 950 1034
d21a8eac97b71b01,369 726 813
d21b83065452c371,121 1039
d23c491718bdc44f,156 189 369 436 720
d23e72d8c62bb097,156 720
d24048e04d0d231b,79 194 477 489 612 671 780 1059
d2436a14fbe2a5a3,147 813 896 903 1092
d24ba4b7ef4dc99f,131 147 189 259 418 541 542 595 813 835 949 993 1092
d24bf081b58a1cfb,79 194 487 671 780 1059 1062
d24d83da57322704,99 161 961 1092
d259ca550d2c0e23,194 404 492 698 744 813 1092 1093 1099
d25ffb27aa873519,147 737 738 776 813 924 1046
d2655ca1926bcefd,51 111 131 147 156 189 420 477 639 671 738 768 780 813 835 1034 1035 1046 1092
d265c100d94d9690,194 477 485 744 780 813 1046 1059 1092 1099
d26757e35beaaf6a,13 477
d26bbf64ae74b13b,501 737 738 813 931 1046
d26c6aa2cb6be436,121 724 744 955 962
d279d6b89b7aa893,1059
d27dddb4befc6c24,156 189 485 744 1099
d2891b51b7bb90d6,147 189 304 718 813 896 1092
d28c5f9f61c2285a,194 639 1034 1035
d28cca6160cf9e31,51 147 189 369 477 501 554 612 733 738 813 835 954 1046 1092
d28db3f68572931c,25 161 813 974 1059 1092
d2a3d2f921d1e5dc,121 493 922
d2ad198858649100,147 189 418 541 583 663 800 813 835 953 1092
d2afbfb22cff6d3f,13 14 147 552 671 716 780
d2bf02668a279cde,121 433 813 1092
d2c2010447a33945,79 369 1059
d2d994a5c2c378f3,434 559 738 813 931 1032 1038 1046
d2f0b5668d6f124d,194 809 813 844 1059
d2f2618a40ee5824,813 1092
d2f629d74afcd274,147 189 420 616 733 734 738 800 813 1092
d2f8a2b0b203f49,121 582 1023
d2fd10858aa398c4,51 492 538 616 654 698 742 747 813 916 1092
d2fe9db91ba3019d,147 322 612 671 682 780 929 954
d3010abd033feeec,147 554 579 744 746 813 896
d306501f69291dcc,147 189 401 520 597 603 671 680 780 835 858
d3087f61499c79a0,13 477
d30999de9e4ab87c,13 445 813 896
d30a84b8a301e773,231 369 754 1039
d30ee74de5448dcf,13 147
d3135642902654e8,684
d31ada82d8b5f806,51 147 738 813 1092
d31eb55d521fda94,147 813 896
d31f8c1c92a6d670,131 147 189 335 378 671 768 780 1034 1059
d3288147a88af322,189 485 546 603 607 671 695 780 999 1047
d32b9d3370c23b66,239 650 718 809
d331d27e2a360acf,13 51 147 552 626 671 780
d332aa22aa772ad4,188 518 671
d34b439fbc5565d9,161 304 758
d34e3d3dabb66c42,189 418 541 813 949 1092
d3632d7bd7ccafda,121 724 1059
d368803ff2591d28,369 1034
d372f8729727ff38,13 405 698 896 1092
d37a19a023af00cb,99 121 718 809 813 961 1092
d3839e64c2fee7fa,813 1092
d383e4eafae51284,194 671 780 1098
d385af6ddd28d5e2,111 156 189 259 426 485 541 796 813 896 940 949 1072 1092
d3884710915e16e7,189 194 369 671 1034 1035
d388bf599642ef5d,147 283 671 780 1059
d38d2a6e534642d8,111 189 335 418 541 731 742 796 813 835 940 1072 1092
d39bd1a2a18b9e69,147 194
d39d5ec01df04140,121 489 584 1059
d3a6208f4187c71d,51 212 554 584 744 746 813 1059
d3a7081c5dd08c4d,13 14 51 626 1056
d3a9d709fa4214c9,51 147 283
d3ad95819c2c51b2,840
d3ba6fd8b647818a,147 156 189 1084
d3bc13d9d19b6c,13 14 51 552 626
d3c25d7efc5d48d5,13 147 189 552 671 780
d3c82ca603bfdf38,188 189 369 671 1034
d3c9a0a08926f81d,45 111 147 156 259 744 813 1092
d3dafd2b9c8ba1c6,51 147 189 650 671 682 691 780 835 929 1062
d3df7f46d73b9edb,51 147 156 307 369 477 554 612 671 780
d3e66fccca5859d9,13
d3e759b171696853,147 189 259 554 633 744 813 835 1092
d3ed7b2b04d5fd4e,79 188 1099
d3f35f55c1b1d0cc,368 369 587 671 766 1059
d3fac0610f1e0fde,156 189 420 639 768 1034
d3ffb352c5ac6a88,13 813 896 1092
d4073e9e2bea866b,99 121 813 823 961 1092
d415c8d7fe894fad,194 477 631 671 780
d41dae0c0a5c05d9,79 194 671 744 813 890 891 896 960 1046 1092 1097 1099
d426d017a4585b29,13 121 432 724 813
d438b3c39e50eb47,433 1061
d43b70d272d7594e,51 147 335 813 952 1092
d43fc6684d7289db,156 227 369 477 489 584 671 738 813 954 1046
d44098cd2129b5aa,13 51 70 111 147 483 501 737 738 776 813 923 1046
d44a23e9bcef4fc,194 480 483 494 580 733 734 737 738 813 830 1046 1092
d45e48a8b2f09745,79 671 1034 1035
d4627482766890a2,147 369 650 718 720 813
d469e4abd88685cb,13 51 147 480 483 813 896 1092
d46bc7d204bc9461,51 147 552 671 768 780
d4713830ce82734d,51 147 339 420 961
d474ec810dd007f,369 563 1061
d48bf72dd69f8596,13 483 725 771 776 830 923 963 964 1046
d48dfeb0946f31d7,147 283 554 612 746
d4ad62b13501a37b,70 111 189 259 420 480 483 494 501 737 738 776 813 830 923 1046 1092 1093
d4b0173369562a62,51 188 744 803 813 890 1092 1099
d4b69e6a246fcabc,121 724 955 962
d4c409248b376bad,369 563 566 1061 1099
d4d356fb6b26127b,51 147 189 626 1092
d4e971c2bde60459,133 147 189 718 813 896 1092
d4eacf21359a3264,135 147 156 369 477 554 612 671 746
d4f046dc6811eb8a,194 809 813 844
d508ee212a5c027,70 189 410 418 541 542 543 595 641 731 738 742 753 813 940 949 1012 1072 1092
d50e1f9a1e7a2662,45 156 477 671 744 780 835 1092
d511fb82157bd59b,111 147 156 189 259 420 477 538 554 624 650 663 671 680 682 691 709 780 784 813 835 858 908 953 1062
d520ade4760e065d,188 189 335 369 552 639 671 780 1034 1035
d523a6e8e3d3adb2,369 1019
d533cb6114667b2f,1 33 582 1023
d537b1fbaad2289b,51 111 147 189 813 896
d5424311da660f11,99 161 718 813 1092 1096
d549b0f33857a1e7,147 813 835 1092
d557ed48e5dd3869,51 111 147 156 492 813 896 1092
d56d2fd15d3d34eb,13 147
d57334228228ed1d,58 304 558 744 813
d5833e1c5075521c,13 45 147 480 483 738 923 963 975
d59434186de14171,147 156 189 552 639 671 744 780
d5a1a622b6f6d9e1,13 420
d5aae0aa3282f5ed,45 51 111 147 156 813 896 1092
d5c4f8d3a84a2cec,194 482 498 813
d5dcf9af45e5344e,13 671 698 896 1092
d5df57e02990d5a0,51 147 744 813 1020 1092
d5e205d668c80c21,51 147 156 212 283 477 551 671 780 813 1059 1092
d5e68a4dfc736ecf,13 51 147 813 896 1092
d5e809d09946c40f,13 121 147 744 756 813 1092
d5ee1760548d6471,1059 1092
d5f307bcef7f440b,121 415 420 524 822 961
d5fdb6dfaf6534,79 194 612 1059
d604af2760e6a274,231 1039
d60962e18617b382,13 51 147 552 626 639 671 780 1034
d6103e711e872e5e,131 133 147 156 189 418 541 813 949
d6139930e52f7294,51 111 147 189 538 541 742 813 916 949 1092
d61fa2a9bb03b59d,51 111 156 259 541 616 813 1092
d626f761ece8cbe1,147 744 813 903
d632e5e820c9a1bb,147 189
d6457963dd1a7a39,45 111 147 189 259 480 483 494 501 738 813 975
d647fca60389d8a2,51 79 147 188 194 477 671 780 1034 1035
d64e7526025f2d1e,13 492 663 698 813 896 1092
d657faf44728dfd7,79 194 671 780 1034
d658dc992fb10065,111 147 813 1092
d65ac90660f1381e,29 51 147 156 369 420 477 554 671 733 738 746 780 813 835 975 1030 1046 1059 1092
d65afafdbba26f4d,147 189 375 420 583 612 663 707 721 734 800 813 835 1046 1064 1092
d6691576ac770f4a,369 1039 1059
d687a8ddd398d8a7,51 76 147 156 212 227 671 780 813 961 1092
d6947711a90c01da,79 493 1039 1059
d6999b028ccbc97d,121 684 724
d69c41f9866f4225,236 369 438 495 1039
d6a5c8a62b08543b,13 147 156 552 671 780
d6aa403bd67df361,615 813 896
d6bab9bb64453682,180 369 718
d6c0a6ed635c416,147 189 738 813 1092
d6cbb0ddfbd9c827,263 420 477 496
d6d937c4bb958732,147 552 639 671 780 950 1034 1035
d6e5f85818e65d94,194 404 744 813 1092
d6ed46b7da72bc27,13 519
d70f256666dfcfe9,147 532 747 813 1092 1093
d7171bf24d2dbd21,79 194 813
d71bd0687bf20435,156 420 477 738 813 1046 1059 1092
d7208727cf5cb3b1,156 189 259 418 541 542 731 753 796 808 813 940 949 1072 1092
d725c0762f7f4a9b,13 813 896 1092
d725ffaac7bb3a16,1039
d72d6bb314b4c7bb,51 79 111 156 189 420 477 487 671 733 734 738 758 813 1092
d730e063cc2df3b2,51 147 189 420 477 492 538 583 616 663 734 813 833 835 1046 1092
d731ba46ed1f67d9,121 489 1059
d746b7152a9778d7,79 477 624 671 813 1046 1062 1092
d74bf0e952ee3fc5,121 724 744 955 962
d755b9c04e916c7,156 189 369 744
d762f8794a7b7d1f,51 147 156 189 369 813 833 1084
d7652dacb4d92275,147 189 541 796 896 1072
d76a6a1ad624ce08,51 156 584 738 813 1059
d77ecf9b62ebaf70,188 369 518 1034 1035
d77ef88844d928c6,156 189 418 639 738 813 1034 1092
d78a2326c0e6a7f5,147 283 477 532 671 780
d78a7da4361d467f,668
d78a8c0e541c27b7,121 369 464 872
d78f08787124712f,13 147 283 308 554 671 744 746 780 813 896 1059 1092
d796004790b89081,13 29 51 147 156 308 813 896 1092
d79ffeab01d6d640,147 189 1092
d7a78b04f61e342b,79 194 925
d7b1d125c86abf27,13 51 70 147 480 483 725 738 771 776 813 830 923 1046
d7bf3fe901a00428,147 189 597 671 780 813 835 1059
d7d4302fa060534b,99 121 961
d7e025deb82a87e7,99 161 718 813 1092 1096
d7e4cdae78cbe1b2,147 156 541 542 753 813 1072 1092
d7f4dfa7299a1e14,23 121 184
d7fdbdfb8e5a4ec,147 188 189 369 420 477 639 671 738 780 1034 1035
d8133c6eedf73586,13 51 189 976
d816683360f65530,79 194 420 477 1046
d825fab5d3bfd1cd,13 121 432 724 813
d828cb7d602fcc07,13 51 147 615
d83390ef443dc6aa,147 156 189 335 418 477 541 542 543 579 581 753 786 813 835 949 1072 1092
d835bf0ef5e492ce,480 483 494 725 737 738 776 813 830 923 1046
d836e6c8666a5e06,51 147 420 477 616 671 733 734 738 776 780 813 833 835 1046 1092
d842b0a250a4a44a,51 147 477 671 780
d843191ecba64361,1 33 256 369 582 1023
d84a1cb022b3a35b,51 147 194 671 780 929
d853631dbebe04ba,26 51 156 212 283 420 477 554 671 733 738 813 835 1059 1092
d85408da968fcc4f,13 147 519 813
d85ded378442aad3,51 212 586
d86e05a2c9a2471f,25 161 477 734 813 1059 1092
d8701912550fe02d,29 51 147 393 477 554 671 758 780 813 1030 1059
d87a231225d7033a,13 51 147 552 626 671 780
d883f7e7136cdfd5,79 121 194 489 490 1059
d887f950644b5665,51 111 147 420 480 483 573 616 733 734 738 776 813 923 971 973 1046
d88f7e6d7a6376de,231 369 1039
d897071eec077e1f,79 194 490 671 780 1059 1098
d8a0323b2efafec1,99 121 420 961
d8a113770f32c171,79 121 668 1059
d8a8738bc52bbafc,51 147 489 612
d8b5e5f69a36e8c9,13 14 51 147 978
d8b77f1138a7439f,79 147 194 489 584 671 780 1059
d8c402d6fd2fd5f5,147 189 671 780 1034
d8ce0f3872f29ee7,369 754
d8d092bdb439fe89,13 51 147 552 813
d8e488297850b5a3,156 189 485 603 607 671 695 768 999 1047
d8f7c0feda18af13,51 147 420 477 671 733 738 780 813 833 835 1046 1092
d904c8ea305511cb,147 813 949 1092
d90863f48c72331,51 111 131 147 189 437 462 501 519 580 670 733 734 738 813 993 1084 1092
d908be5ac9fed24,121 1061
d90de30fe211635e,188 369 1034
d910844eae68f7e7,13 51 147 480 483 553 646 738 776 813 826 1046
d91752d11d0ddb41,156 369 420 477 489 584 671 734 738 780 813 835 1046 1059 1092
d91881fa1ed01139,156 194 231 813 983 1092
d91e74b64f8b9fef,156 477 485 603 671 780
d91ffdb9140b6dc6,45 111 147 189 480 483 494 501 613 737 738 776 813 923 975 1046 1088 1092
d92657c74f80ba04,147 189 434 597 603
d9299d3c9bd9f8fb,147 156 189 335 418 541 542 543 796 813 940 949 1072 1092
d930277f8e9b80e5,418 541 542 753 796 813 940 949 1072 1092
d931477530991490,369 438
d934f01425412e47,51 147 434 615 747 813 1089 1092
d93c5087bb73a63e,147 156 833
d93dc55b4dc796a0,51 147 434 615
d952938ce5def908,116 117 161 487 1101
d95dbbdd9a5479d7,231 754 819 1039
d95e9a472bac4f14,147 189 671 1092
d96426c843d0389d,33 582 1023
d96dd66f7992c1a9,70 147 189 418 738 813 835 1092
d96dfe12c6b00be9,79 194 477 489 612 671 780
d97762e8212f95f5,147 194 950
d97b57267c17252,13 147 552 671 780
d97f62c29a3eb291,51 147 616 744 813 1092 1093
d98f5242ade302c1,13 552 716
d991824078cc8a8d,147 156 189 259 418 477 541 542 579 663 813 833 835 949 1020 1046 1092
d99470433cfe7aa6,369
d9965ea7b7e4bdba,79 194 477 671 780 1034
d99e0d3443c99fcd,51 156 465 554 584 744 746
d9a0738d25483aea,51 147 156 369 393 477 671 780 1030 1059
d9a77a9fb81fe955,13 477
d9afca4435b28cdf,147 156 189 1084
d9b66d9cc56c113a,13 14 51 147 626 976 1056
d9beaaa43bbbdc1e,354 493 754
d9c6f4957ea1cb11,194 477 671 780 813 886 1046 1059
d9cfb012b21b23ff,79 111 156 194 477 671 738 780 813 1046 1059 1062
d9d045c177aa5245,79 188 487 647 671 1059 1062
d9d0c564a0f8247c,55 131 147 189 671 768 780 1034
d9d1b2905664e40f,13 51 147 480 483 813 952 1092
d9d2ae5829b048b8,121 415 961 1092
d9dae1cd8672f183,13 111 147 189 738 813 1092
d9dd34f195726c0a,121 188 369 1034 1099
d9e5cc6a9d48a7ef,26 156 189 234 436 720
d9e6a4a560819b79,147 1022
d9ed536c60bb7e77,51 147 671 780 1034
d9ee2fa7b89ed9e9,51 147 189 434 597
d9f0bc70be56737,161 304 489 584
d9f0e5130b142c48,13 813 896 1092
d9f26b90f16ce648,99 125 304 489
d9f4f906a36b9a97,485 671 780 1046 1099
d9f88202cd6e5252,147 156 189 259 430 434 501 545 559 747 813
da011b69da539b36,369 489 774
da0656dbe7f50565,13 477
da0b241b365716a5,79 121 161 961 1059 1062
da0c6a0eb81df85a,13 51 147 420 526 676 737 738 776 813 1046 1081 1092
da109e732af425fa,79 461 639
da1612633b95848d,147 156 189 259 541 542 580 764 778 813 993 1072 1092
da17b888b53a2498,13 776 1046
da1da17e45017564,79 156 194 369 477 506 612 671 780
da2037545472d88a,79 671 754 780 872 1059
da213c556c7ed843,13 147 813
da2ab85a5b26d648,121 684 813 961 1092
da2dbc0c015599f7,13 51 147 663 813 903 1092
da33341cbb87d0ae,114 217 236 257 357 1061
da44ec717d03cb68,700
da5fca4a91f3a5ce,79 194 420 1059
da7a8ba40b6d7c77,13 675
da98171d1bce8ed9,70 189 541 663 800 813 835 1092
da9b38283cd8ad3a,147 156 189 434 501 615
da9e71f82ec6fc17,13 813 896 1092
dab3d081beec25a5,304 487
daba7a5450933155,188 428 1059 1099
dad63c85f7b88fa9,13 51 147 552 716
dad640bd50fd8749,13 51 147 492 532 538 616 698 813 1092 1093
dae60fa93588b2fa,51 111 189 335 369 420 477 639 671 738 744 780 813 950 1034 1035 1046 1092
dae7f376a561cc9f,79 487
daeb97ebdc561173,13 51 70 147 813 1092
daf18084ab729ae1,147 189 662 663 713 800
daf3fdda276f79ee,369 477 671 813 1019
daf8d9e8c2643695,975
daff19809d6bf308,194 477 671 780 1059
db1b71c005182ec,189 194 477 1034
db23db888a13e0f7,51 147 477 639 671 780 950 1034 1035
db328aaaab6ff5d5,79 147 189 498 813
db38885b0305e056,79 121 1059
db4760421b85f3fd,51 147 194 487 1059
db583666e963b4b,369 1059
db64da7004da5b53,51 147 434 597 603 671
db76da147f5ba746,51 147 532 671
db7c1b15336421e9,79 147
db83c6e9c1db4463,121 962
db8a3da15caf2f3d,189 541 813 896 1092
db9606980a37299e,754
dbaff51f34aa22c,25 161 584 813 953 1059 1092
dbbe1f2e350d82ab,188 733 734 813 890 1092 1099
dbbe2209ff411d2c,194 477 744
dbdc89f0ffe91b6a,147 189 418 718 813 835 974 993 1020 1092
dbe738f1d7307c36,131 147 189 418 541 542 543 579 731 738 796 813 835 940 949 1072 1092
dbef93c0f769ee07,194 671 780 950 1034
dbfe06e992c34d7,51 111 147 492 616 698 813 896 1092
dbff5b92584f80da,121 962 1039 1061
dc10e3d4023a7ae9,131 147 189 671 768 780 1034
dc2dbdb7c98157f4,13
dc4038208ce23c9b,501 545 619 825 828 931 1032 1040
dc4da04a7a7a4237,79 161 194 489 584 612
dc4e7554e367e3f,13 51 147 552 626 671 780
dc55c52310a3369e,51 212 515
dc5a16f7d3ca5626,51 70 111 147 189 430 434 501 545 559 738 747 813 1001 1089 1092
dc5c9600251a9c38,188 428 558 744 903 1099
dc605e4a01199647,13 121 432 724 813 1092
dc63048117c32cb9,156 188 428 477 671 780 1059
dc6318cb3d1409e3,13 147 813 896
dc63945f1f9155e2,483 494 737 813 1046
dc6bd1ffefdb474f,51 147 369 477 554 584 671 746 780 1030 1059
dc76beeb003ffe46,99 236 1039
dc7887a216ce7eb7,813 896 1092
dc940b66862ceb44,156 161 813 1059 1092
dc942280f606eece,156 189 418 541 542 543 731 753 796 934 940 942 1072
dc9a625d715b3d4a,13 121 1034
dca4b07deb079342,99 304 650 718 809 813 1092
dcd70a802dcd5f8c,51 147 671 780
dcda35eab2dbe7c0,33 369 582 1023
dcdfbff521531613,147 156 189 283 477 671 780 1059
dcf7c636bb41f3b5,51 79 147 188 597 671 780 1034 1035
dd18b2326b9484b8,13 698 813 896 1092
dd20bdd8fb5e8ec9,182 184 738 961 1092
dd215ec6c6b2473c,13 51 147 663 813 1092
dd2f8042d4dcd50a,13 813 896
dd34457ae4c455ba,79 147 477 506 612 671 780
dd4324eead036765,147 718 813 896 903 1092
dd4a88f3c1b608e1,13 14 51 147 552 626
dd5f574cf4f228c9,245 289 368 369 436 587 766 1059
dd771e5f84402e5b,13 147 813 1092
dd7dff7549037072,111 147 744 813
dd802af34707e117,99 236 304 489
dd82c238a708b70e,13 538 663 698 738 813 1092
dd8f60f67ad3b46d,13 718 813 903 1092
dd8fc7cd9bf1c64f,156 541 542 753 813 949 1072 1092
dda2113a043057a9,51 147 196 671 780 1034
ddba6691aea32dbf,79 156 738 744 813 962 1046 1092 1099
ddc2bca2ce8eb810,147 813 896
ddc538aecbf625ef,184 313 754
ddd313ddf7ac3252,51 111 212 586 746
ddd42a9d686ef0f0,161 304 420 734 784 813 955 962
ddd8e19acd2304a6,147 189 718 744 813 896 903
ddd9e4d0f3d570c1,13 147 538 616 698 813 1046 1092
dddbaabbf3244955,51 147 744 813 952 1092 1099
ddddf966d497597b,121 433
dde0bfc19f53a361,51 147 733 734 813 993 1092
ddee3d47ad572140,51 147 813
ddf9a405ce1eb73d,121
de015b2280a112fc,188 369 1039 1059
de022b3c262c332e,13 51 147 552 626 671 780
de04db7d351e043e,121 433 505 724
de07cc30bf6478bf,70 147 156 189 733 734 813 835 993 1092
de07fe421912093b,147 189 434 559 738 813 882 1092
de0aba69aeeb714a,51 147 156 227 369 420 477 554 612 671 738 813 835 954 1045 1046 1092
de13b9d1c98bbb03,51 147 189 558 744 813 903 1092
de208d8985b2be28,111 147 189 573 616 738 776 813 971 973 1092
de24dc0a147554ef,147
de2c5bf1c6055a69,147 189 335 378 647 671 780 1059 1062
de2e7b7990a7204e,335 813 1092
de2fed508c25fe17,51 147 188 189 194 335 597 671 780 1034 1035
de38f96fa3c887bc,13 147 189 616 813
de3ee3ec00faee67,180 497 498 703 728
de62dd0d8ec2bdee,121 433 813 1092
de7e21198e972a72,189 194 671 780 1034
de95a57825924dd3,155 189 378 768 1034
de9c5e31efc71c3,634 872
dea71446b29c2068,13 477 671 780
deb81d633ba5ba57,99 236 1039 1061
deca7edb7381a58a,51 147 156 212 586 833
ded1fdb1830e7378,480 483 813 830 923
ded30be43d3a7dc4,147 189 718 813 903 1092
ded76f747885cc36,121 495 1039
dee75714254ddfaa,434 494 501 737 1046
deed19c0b9c6870c,13 147 189 813 975 1092 1093
def61514d333007f,147 554 579 744 813 896
df06e6ca2ffa81a4,156 665
df1149edc75fd0de,51 147 189 418 541 542 731 742 796 813 949 1072 1092
df122cdf1980ece3,369
df152e7a726448af,121 1039
df1817936dbd5fdd,133 147 189 541 796 940 1072 1092
df1e55259a6e6919,121 189 813 1092 1093
df1fcee265aff86f,13 813 896 1092
df2049855bfb64c6,13 51 147 663 813 1092
df25ee8b13cbda5a,111 147 189 813 896 903
df2bfbf80b75ab3e,189 663 800
df2caa6f34c2abf2,51 147 813 896 1092
df36b9f22c6d6370,189 541 542 796 940 949 1072
df3a53e17bebf38f,13 51 147 480 483 738 776 813 923 964 975 1046
df3f9c7d46d343bc,121 684 724 813
df441d790ba7d9f4,65 147 433 434 517 780
df44562c4c5baf16,51 156 813 1046 1092
df5319cb2fe688d4,13 51 147 626 671 780
df5f699d838694bc,615 813 896
df6279891e77f0dd,615 813 896
df68802311281276,161 758 1059
df6abd4ce8152f30,51 147 212 283 1059
df6bf9a044d5f098,147 189 430 434 545 559 738 871 1001
df72f12ddd86ec22,51 147 744 813 1092
df761094d1b4f9f4,483 501 737 931 1046
df76d3f58aef406a,147 189 335 552 671 780 925
df80da1efbad05ea,13 51 147 1022
df8d1281d7342111,13 813 896 903 1092
df96b26cc7f6389c,156 189 477 485 603 671 780 835
df9e570c65f0bf10,51 147 156 189 477 554 612 663 813 835 903 1045 1092
dfa0d0ceb7726bd5,194 404 744 813 1020 1092
dfa5aed55cdc8039,13 492 813 896 1092
dfbc2b25189958eb,147 156 189 259 583 645 663 721 744 800 813 835 1046 1064 1092
dfbe332bfafee382,147 156 744 813 896 1020 1092
dfc2b7af8314836a,147 156 189 477 744 813 835 903 1092
dfce032561d4b5a7,51 147 283 322 477 538 540 663 671 780 813 835 1046 1062 1092
dfd92333129c7b4f,79 784 961 1059
dfda5aea51448946,188 477 485 671 813 890 1092 1099
dfe0e8c4ab76c6cf,121 194 1059
dff07534b3dc75e3,13 51 147 716 978
e0061ae976b33671,13 813 896 1092
e00beeb8e28aeb14,51 147 156 339 393 477 671 758 780 1030 1059
e00e9d38e4ec4cd8,147 283 477 532 671 780
e0143df9f16f8330,45 111 147 189 813 896
e02311b39fee992d,45 111 147 189 718 813 896 903
e02520581a5388d5,79 194 497 498 704 813 1092 1099
e026d4b8a4ddd6bb,111 147 189 492 538 541 616 731 742 813 1092
e0281bafd8f32410,51 111 131 147 189 335 418 420 477 542 543 554 671 738 744 780 813 835 1025 1034 1035 1065 1092
e02aac2b89388e6f,304 465 584 671 1059
e03beba8075d871e,147 189 744 813 903 1092
e041df5557a078b7,51 147 156 650 835
e0433b8d265ff7e,13 51 480 483 738 813 923 963 964 975
e043ef01c4e56126,51 111 147 538 616 698 813 1046 1092 1093
e04f0258b6b8c533,51 79 147 420 477 480 738 776 813 1046
e05d07c4f31811ec,369 586 884
e06a0226eeede66f,121
e06c1604cb8f7b5,121 1059
e06e6597d4e9ed2,51 147 189 744 811 813 896 903 1092
e077cfac2ffd8c14,147 189 308 477 552 639 671 768 780 1035
e07c973a6ac3b12f,131 147 189 259 332 409 418 426 541 542 543 579 753 796 813 940 949 1072 1092
e087e8150ce6713e,51 147 189 259 541 542 580 744 764 813 993 1084 1092
e08fb84dde8a9e2b,369 433 582 1023
e093daf1111a2ae,180 182 482 498 728 813 1073
e0a211eef182b250,147 189 718 813 896
e0a90bb4ddc85ed1,147 188 369 477 639 671 780 1034 1035
e0a936393d9e91d8,188 194 369 671 1034
e0b0dcee5229c856,23 420 433 477 534 733 734 738 784 813 835 996
e0b5f5dccfdaf22b,13 538 698 813 1092
e0c04a2c39267fbd,147 665
e0c275d6d397711f,1059
e0c39cc882547d16,70 111 147 189 259 418 420 541 542 616 738 776 813 949 1046 1092
e0dfade63be644c7,156 545 813
e0e0395e565ec56a,147 335 554 639 671 746 780 1034
e0e07bb671a0025a,156 194 404 744 813 1020 1092
e0e515aa36e1f2ee,99 161 734 813 961 1092
e11ba0633942f0,189 418 422 541 542 543 753 796 940 949 1072
e11dbc6f0dd653d8,147 189 259 409 426 541 542 543 579 580 595 753 813 949 993 1012 1072 1092
e11ef8c722ef974b,51 131 147 189 552 671 768 780 1034
e123c8fac0e89f2f,51 147 615
e13144fd1ed23af7,25 161 1059
e132c65af35b3815,369 1019
e1367f0ef3d27438,13 896 1092
e149362fb9d407e6,147 189 671 780
e15967b1055bec08,35 184 313 962
e1635b6fbbd942f3,79 487 671 1059 1062
e163ebb4f5d3c3c9,13 671 780
e165df41abfa9a57,135 147 189 369 477 554 612 671 738 746 813 1092
e16f64064b4a3184,189 813 896 949 1092
e181cd7f00f68247,13 51 147 744 813 903 1092
e188d797d804bfcc,79 188 489 671 1059 1062
e18f2f684a2bb1a0,13 147 283 744 813 896 1092
e19fe905641e5946,147 156 189 283 477 813 835 1059 1092
e1b33f717f09f10b,121 304 464
e1b52cf1833a2402,13 51 147 477 655 671 780 813 907 929 1046 1059 1092
e1b60d3889377fe9,184 313
e1c01177381ee9f1,99 369 495 1039
e1c7a49ec99ac46f,111 156 189 420 477 671 738 768
e1cae1884db7cba5,51 147 597 671 1059
e1cfc2eb99c923b2,684
e1d1fae5104d0fe2,51 147 1059
e1d26215c915c191,79 194 477 671 780 886 1046
e1d3a30759e8136d,121 161 477 597 1061
e1d3fb43ce743d71,121 304 369 464
e1d6b0eed0367cad,79 147 194 737 744 776 813 992 1046 1092
e1e3408ebe007630,51 147 477 532 671 1022 1059
e1e4e44b0352069b,51 147 156 628 671 780 1062
e1f2bb5e4e8f3e3a,121 1059
e1f33c246103f9b,813 896
e20185cac091caca,51 147 189 306 511 744 813 903 1092
e2032d39b8856675,13 147 718 813 896 903 1092
e21c7d97acdfd52d,51 131 147 156 189 418 477 542 616 813 833 835 1046 1092
e22179a0682eef7c,79 194 671 1059
e2284daddfdf13ea,131 147 156 189 554 744 1084
e234b2e9bc40fef6,13 147 744 813 896 903 1092
e23f5563fae2b4cb,184 1061
e24603930a8efae0,51 147 568 716 813 896 1020 1092
e24788cd91bac708,25 161 800 813 1059 1092
e24cc486590c33bc,147 492 813 896 1092
e25ff3fc594af039,121 188 433
e265fb468daa39a8,147 189 718 813 896 1092
e26f206543a61b2a,131 147 156 189 1084
e2752cb6171cc7f2,70 131 147 189 418 420 541 542 554 579 580 738 813 835 949 1072 1092
e27d737fe15e11eb,13 51 552 567 1056
e280eb334873db9,13 51 147 698 813 896 1092
e28373d37cd7cabf,147 156 189 813 949 1092
e287f4d305b8fda4,13 51 70 147 738 813
e2a7bec70dd343d1,70 147 189 418 541 663 800 813 835 949 1092
e2accade5d733969,79 194 489 1059
e2b0e6267a1acaee,51 147 813 1092
e2b3887529e97b54,147 335 369 450
e2b480a9907ee07e,147 188 189 194 671 780 1034 1035
e2b587cb4c2ca45c,147 744 813 896 903
e2b6841970379b20,79 369 813 1059
e2bf742911e68bfd,189 1034
e2c22f5016454744,194 1034
e2c5164aef3aba04,147 156 332 541 542 813 949 1072 1092
e2c6ea25cfdf5162,147 283 477 616 671 813 835 1046 1059 1092
e2d802d5547d4285,194 480 483 737 738 744 813 1046 1092 1093 1099
e2e04ac86f9577de,79
e2e1430d3ee27fd1,189 516 670 733 734 813 993
e2e4bac32b542c7e,121 1039 1059
e2ede241b812f5cf,13 194 477 506 671 744 745 780 886 1099
e3007cb94ba867b6,147 189 335 418 541 542 595 813 949 1072 1092
e30a3b3ea9a290ef,304 487
e30f3495fa1491e4,51 147 189 434 744 813
e31292eeef61a90e,180 482 498 728 813
e31b19bb8d44e6d3,79 194 1059
e31f7630504bc689,51 147 156 283 490 744 1059
e32444bec4f771d5,156 189 418 426 541 542 796 813 940 949 1072
e327d2bd754c345e,51 147 156 858
e32ca5af23f0373e,79 194 489 612 671 780
e3333d44879f939c,147 189 663 800 813
e33874c327fcca81,51 147 156 189 462 477 554 733 734 738 744 813 835 903 974 993 1084 1092
e33a50b55e241a61,147 189 597 671 780 864 1034
e368366ed288a888,51 519 616 733 734 813 952
e36c3ad23ec6e9b,45 147 189 480 483 501 519 548 580 733 738 744 813 863 975 1092
e36ff531c6d1a373,156 194 482 498
e37444599c7789e7,13 554 670 813
e37769707d8fc6d0,51 79 147 194 671 780 1059
e37d0cb174c39567,5 26 28 51 156 212 554 584 650 813 835 1092
e389079e7bb72fab,189 378 552 768
e39baf33daaa4045,180 258 359 482 497 498
e39e5081534e45da,597 813
e3aaa4e8ca5e9de,121 464 840
e3abe5b425a0bc19,147 156 189 369 833 1039
e3ae6f4f097532e8,156 189 259 488 663 707 721 800 813 833 835 974 993 1020 1084 1092
e3d1e40fda006328,147 961
e3d64fb0ca8ee1a3,754 922
e3d752eebf79916d,45 111 147 189 480 483 670 738 813 975
e3da9f7ceeae7775,51 147 189 418 538 616 813 835 1046 1092
e3dfdd1bd1d05468,51 147 156 189 597 671
e3e3f1e975e8b787,51 147 532 1022
e3e786bb5a2761c1,51 147 189 259 733 734 813 993 1020 1084 1092
e3ebe5116b74643f,147 156 283 738 744 813 1059 1092
e3f3954b474e996b,194 671 950 1034
e408becf9e950af4,51 147 189 307 335 477 554 612 671 780
e40b99a06946c3c7,189 413 430 434 554 559 678 738 813 835 1032 1038 1092
e40cd9065ac2e8a6,25 161 734 813 1059 1092
e40d152c3288c8ca,147 283 477 597 671 691 780 835 858 1092
e4201e6a8ef0a2ee,51 147 156 212 283 554 744 746 813 1059 1092
e4251616b8e92a5a,13 51 147 675 978
e4304ab2e840ad5c,51 147 156 339 671 813 1059 1092
e43531e1c4b15755,147 189 259 541 744 813 835 1092
e43808dd12109ec3,147 189 259 418 541 542 543 731 796 813 835 1072 1092
e438dc4dc559c245,99 125 161 192 304 385 495
e4424878758801f8,121 738 813 961 1059 1092
e44b0a481fb8310c,147 189 718 813 896 949 1092
e44b9bde043243d9,147 189 434 485 559
e44da778a9ea9fb3,304 634 922
e451b1b8b62d2c0e,147 189 418 477 541 553 813 835 1092
e4618698be7f8248,51 111 147 189 307 369 420 477 480 483 501 554 612 671 733 737 738 744 776 780 813 835 975 1046 1092
e462572458c31b9f,51 147 156 833
e465400550a7c4f7,13 813 872 896 1092
e46fdbd0f5127d9e,13 147 552 639 671 780
e48209f03ef723fc,147 189 304 718 813 896 1092
e4831508e8fefcb6,51 147 434 597 603 858
e48576b07acb6f2,188 428 733 734 813 890 1092 1099
e4891d080be15816,121 962 1059
e48b94d46cf84adc,189 418 813 835 1092
e497fb2fdc1aa84d,116 304 487
e49a3a92eaf85a30,156 189 1084
e49f0d3d572d9123,161 634
e4a300a000711401,253 369 552 639 1034 1035
e4a399fd836f07d0,99 121 813
e4a8a7f1b2542dbd,125 304 634 754 813 840 872
e4a99a0caf006422,147 194 671 780 950 1034
e4b7b34da7a4d9d7,51 147 513 783 1062
e4b968c93e95fbdf,615 813 896
e4bdf1c54161965d,188 428 462 488 733 734 764 813 890 1099
e4bead97062750af,554 612 670 671 746 813 1092
e4c0016368d701f8,480 483 738 813 1046
e4c00571a2afe8bc,369 477 738 813 1019
e4c0a2ef449d30dc,13 733 734 755 813
e4c3ed35ea616e99,51 147 434 501 737 738 744 813 931
e4cd991a1af7fbad,156 189 436 813
e4d222b9e4d0c66,13 121 432 724
e4d80cd8ee93880d,51 76 156 212 339 477 671 813 961 1092
e4dba825a54cfbe7,147 552 626 1010 1059
e4deebc2abc0d0da,156 418 541 542 753 813 1072 1092
e4e955b48481a7d6,13 147 776 1046
e4ea1228dfa88393,111 147 189 420 480 483 573 616 733 734 738 776 813 973 1046 1092
e4f054b8e394ec5b,189 335 477 813 1092
e4f5b4b603d1adea,13 147 626 896 1092
e4f7e9dadd643277,79 194 477 671 780 886 1046 1059
e4f8257f42d7fd0c,147 189 663 1046 1092
e4f91b60a335088a,51 147 189 477 554 612 671 733 813 833 835 1092
e5028f25543168fa,147 813 896
e503486c863c8386,184 438 1039
e510114d5c2d7130,147 189 663 742 813 1092
e5179648c9adf7c,13 665 813 993 1092
e51c429f5fb893ad,182 497 498
e521edc6fdc6a546,480 483 494 737 738 776 813 923 1046
e527e1a6fbf130ba,51 147 156 212 283 746 758 1059
e53582e223b4b6c,156 189 961
e548aa33e2f3f378,13 813 896
e54dca7907ad50cf,188 253 369 1034
e54dccf1d13f12b5,51 147 813 952 1092
e5659e32ee34f548,156 189 227 492 570 616 813 961 1092
e5681062fee8a2d8,194 616 738 813 844 1092
e57308536692c9a8,45 111 156 465 738 744 813 1092
e5785dab0d2d9d42,194 492 616 738 809 813 844
e5847c5986c313cf,51 147 584 628
e5939a4f24af2afb,156 369
e599d689a1e5c4d7,116 161 487
e59fddfcc6462488,25 161 813 1059 1092
e5a814a5453cfeec,13 14 51 147 552 626 671 780
e5ab061f6b612b00,194 1039
e5adc1cfd038c75f,13 698 813 896 1092
e5bb0c25ba8e2012,29 156 189 436 720
e5be8e2572a930f9,13 51 147 813 896 1092
e5c39e5d98851b1e,51 156 541 542 580 753 813 993 1072 1092
e5c5556a6fc97ce3,194 492 616 738 809 813 844
e5c7aa264a8128e3,147 189 663 800 813 835 1092
e5de35f5cbfabd71,13 14 51 147 189 552 555 626 671 780 925
e5dfe50a7f4a89f,156 418 541 542 813 949 1072 1084 1092
e5ee1479130c74b6,335 813 1092
e5f8e610ceb8d2f8,13 813 896 903
e5fa3ccc3dfc2e3f,501 931 1046
e5fc0fa43b456481,615 813 896
e5fe9e5b85bc8975,51 147 671 780 950 1034 1035
e60c2c4922a688a9,51 147 369 665 726
e60d9feb2058bfac,13 147 626 698 896 1092
e62976419b60a239,51 147 418 420 477 538 616 813 833 835 1046 1092
e632ec5c1725d423,51 147 189 434 520 597 603 650 835 858
e639e8e96cff8489,121 684 813 896 961
e63b178fcb5ae8a1,51 156 420 477 501 580 616 744 813 835 1092
e63d47e10e23b2df,99 121 758 1059
e64039b6ac29a3e9,156 189 259 462 733 734 813 835 993 1020 1084 1092
e645b03df90be327,99 121 663 718 813 1092
e64785c53f7c6801,156 813 949 1092
e64e797f0d41e2f4,147 156 189 259 434 501 554 559 744 747 813 835 1092
e65637785ecc0ab3,51 79 147 156 833 1039 1059
e6586d5eaf3d136b,51 156 259 541 616 733 813 835 993 1084 1092
e6613b5bcaa388b,532 698 813 896 1092
e66863b6fd547d28,51 147 156 189 1084
e695e29ca7eaf288,147 189 597
e69d478a2bb3d32f,79 194 671 780 1059
e6a1f55682f39469,147 156 189 813 949
e6b0a5b0859d72b,156 189 462 541 733 734 813 835 993 1020 1084 1092
e6cb142bb02850d3,51 156 554 558 733 744 764 813 835 903 1092
e6d0273433123e88,147 189 517
e6d096e0873f461e,121 724 955
e6d186b9e42a1643,99 304 420 718 784 961
e6fa6bb17801c692,99 813 1092
e6ff581939482efc,369 650 718 809
e7090dc528de3737,147 189 430 434 545 559 619 622 871 1089
e7198391ea3e7807,25 161 584 813 1059 1062 1092
e71cc51e3bd33b70,99 188 420 428 477 758 1059
e71eb01e575e783a,51 147 489 584
e7328a9737066a5e,79 194 487 1059 1062
e7442ceb27353922,51 147 744 813 952 1092
e7482bc661cd063,121 1059 1062
e753c354b2c4d644,188 369 840
e7722b92a5b94eb5,147 156 189 744 813 895 903 1092
e773ca35f89102b,188 428 558 744 1099
e77403eb5742e56e,304 464 597 671
e77eab1c07b80ff2,29 51 147 156 227 369 393 477 489 554 584 671 738 780 813 1059 1092
e785c751fe08d013,147 189 670 738 813 975 993 1084 1092
e78bbd05b04c6c79,430 738 813 931
e78d3d5362f43477,51 147 477 671 780 1034 1035
e791fc10e38aa22,147 189 554 718 744 813 896 903 1092
e7b6f61a9fc832a5,133 147 189 304 663 800 813 961 1092
e7c0a1edf50cc9df,13 147 552 671 716 780
e7c14e7dee49fa29,79 480 483 725 737 738 744 776 830 1046 1099
e7cd5852ca26d3b2,33 99 420 477 738 835 962
e7d491821874da90,13 147 156 671 716 780
e7da5cca11c68405,835
e7df5b78e6b0dd1,55 131 147 671 768 780
e7e9b141b01af437,147 156 189 485 603 607 671 695 999
e7ef6492de7a23a3,13 405 896 1092
e7f2b09e1c411301,133 147 156 189 541 744 813 896 949
e7fffe7d8e9e62f2,51 147 671 780
e804a2a556a084c2,147 156 259 477 663 813 835 1092
e80d8a13d3ad24c7,99 758 1059
e81baee8c80783cd,147 189 259 663 800 813 974 993 1020 1084 1092
e8233bab5aee7a1,51 147 189 369 477 597 639 671 780 1034 1035
e824a35c9b93f328,13 51 147 156 227 492 698 813 896 961 1092
e82a4eded3a41d32,147 189 744 813 896 903 1092
e832dd4f66fb485d,13 147 552 950 1035
e8358c1219d8abf7,147 156 189 733 744 813 895 903 1092
e83731eb3d4578d8,51 147 194 420 616 744 813 952 1046 1092
e83dff63ce6ddbbf,51 147 1059
e842b282b0fd1fd5,13 45 51 147 480 483 744 813 963 975
e843cbcebe22784d,147 517 718 813
e846e960bb02a41d,26 51 147 156 212 283 671 744 813 835 1059 1092
e84b74178363bb85,147 189 418 541 796 813 949 1072 1092
e854c1ad38376f1d,147 189 430 434 559 738 813 882
e85561bbd3b482f7,121 415 420 955 962
e85c9d6d1cb57aff,147
e861918a85743083,1 33 369 582 1023
e86b306e5c6b3744,147 744 756 813 952 1092
e86ef8a55ca90556,147 189 434 520 597 603 615 709 738 813 835 858 1092
e87eab6a27c8853a,25 161 477 489 835 1059
e88d27a4f61b5e1e,156 332 418 541 542 579 753 813 949 1072 1092
e8a05c65714e500e,156 189 436 720
e8a0db0013249bbf,51 147 434 615 1089
e8abbcc661c07dc1,147 671 780 1034
e8ae01e60e28555a,79 194 1059 1062
e8b34101ba0c19,79 121 724
e8b7cc05f9a65383,121 369 615 1099
e8c35f6ba6dec0e8,147 189 335 413 430 434 545 559 579 622 738 747 813 871 882 961 1001 1089
e8c5576728501e2f,133 147 189 306 744 813 896 903 949 1092
e8d34949c3c39156,51 147 189 413 434 513 813 835 858 1092
e8d3b0db06dad23f,189 378 671 768 780 1034
e8d5a7d3e6eac5c,147 189 554 744 813 903 1092
e8d64765a942faf3,188 558 1099
e8d819e128dcdb0d,33 369 582 1023
e8db84c4d91c7c5,494 501 737 738 776 813 924 1046
e8ed935b6357759b,194
e8f209b840c81beb,127 147 369
e8fefb8544d9a88d,189 418 541 542 641 731 742 796 813 940 942 1072 1092
e9067b2945c37927,13 480 483 494 737 738 813 1046
e907f123b1bf2029,188 369 1039
e90d3762a3e41c63,147 189 369 420 462 477 480 483 501 612 616 733 734 737 738 776 813 975 1033 1046 1092
e9137f456c5c47bc,147 813 1092
e91905746ecb93df,13 813 896
e935340d9d4503cc,156 189 369 436 720
e941f8f9c211dbf8,51 147 189 813 949 1092
e9437e222c09758c,13 51 127 147 675 978
e944d29aa9dfb788,147 671 780 1034
e95117acc250d69b,758 813 1059
e951afc4f3babb6d,13 147 427 671 682 780 929 1003 1062
e9522f1cefc0eb1d,51 131 147 156 418 541 542 579 813 835 993 1020 1084 1092
e95c39a20cac900e,147 194 477 490 671 780 813 1059
e95d19c30a8ce134,161 813 961 1092
e95e2d8bae36bfd5,51 369
e96064c83dfb213f,13 480 483 738 776 813 830 923 963 964 975 1046 1092
e978bb5c293d8144,121 1039 1099
e97a52d498ea043a,79 194 1046
e98e76ae3fe6ee16,99 758
e9999b0a01c4c79a,184 313 819 884 1039
e9abeb85ff59a1db,99 161 813 961 1092
e9acc55af8ef484e,25 161 813 1059 1092
e9ade078f4ceec30,161 189 487 758 1059 1062
e9ae2415625ed735,51 147 156 744 813 835 1092
e9beac07dda14977,51 194 490 1059
e9c5a00056611817,51 111 147 189 477 671 682 780 835
e9d2bfabb824f0b0,13 813 1092
e9d9bfe8021606b7,156 259 418 541 542 543 579 753 813 835 949 1072 1092
e9e3f1ea63f86a32,188 462 488 733 734 739 764 813 993 1046 1092 1099
e9e9162e5328939,13 698 813 896 1092
e9e9cb1ee6d5bb65,369 477 738 813 1019
e9f3304a0a4a4d45,369 587 766 1059
e9f37439735e769b,13 405 896 1092
e9f53d1b3092e9af,51 147 189 477 671 780 813 835 1092
e9fdf4db6f019597,180 482 497 498
ea1788cd8e3fb936,147 189 418 477 813 835 1092
ea1b20432caca7a,13 14 51 147 552 626
ea21ae9d3a9303fa,147 189 718 813 835 953
ea25e324904cd99d,922
ea2aeac686fbfeb3,13 147 532 568 626 698 813 896 1092
ea3a94c067adee7a,194 454 477 506 671 780 886 1059
ea5c60650f41a615,13 147 189 430 434 480 483 501 545 737 738 1040
ea71add5d8282d4b,51 147 212 744 813 896 903 1092
ea82307bccf801c3,147 189 418 663 742 796 940 1092
ea8c5c7d590a6d0,147 156 554 744 1084
ea95571f0edb2dbe,79 121 962
ea9aa7b15960abc2,35 962
ea9f08a240bab7da,121 724 922 955 962
ea9f2a6b9e8e1d38,51 147 492 538 616 698 813 1092
eaa65d7ec223b5a1,147 189 378 647 1059
eab89a9e02ed4675,156 189 369 1034
ead10b65c3d87f44,189 663 961 1092
ead21fb2d9c93a20,189 552 639 671 768 780 835 1034 1035
eae9cce70342b86,147 189 304 718 813 903 1092
eaee64bc1f5cfc4e,51 147 189 1092
eaef1c398005e87,147 189 418 541 542 813 835 949 1020 1072 1092
eaf33ccc45373f81,1046
eb010ea55269ba76,189 418 541 542 543 731 742 753 796 813 835 940 949 1072 1092
eb03f24bf645cf00,188 615 803 1099
eb07635b96845265,45 156 189 259 584 835 1062
eb08e3935112758e,194 809 813 844
eb0db83559e7c843,79 156 420 477 733 738 813 1046 1059
eb153a4f08eccdf6,51 111 147 420 477 480 483 494 573 737 738 776 813 971 973 1046 1092
eb1f0bd6d22cdfe1,51 147 189 813 949 1092
eb1fc3440ad8a0f8,13 445 813 896
eb2a0b576b309ac7,121 433 662
eb3dfd479ceee0d3,131 147 189 671 780 1034
eb423e868463aa26,13 813 903 1092
eb44b61ab8e3cc4c,147 189 378 671 780 835 1034
eb61768cc911c47f,79 194 498 813 1092
eb62e78fb2fe6c7b,156 194 227 477 584 612 671 745 780 813 886 954 1046
eb710c9315ec8078,147 189 335 418 541 738 813 835 949 1092
eb7a299ba6d27122,51 147
eb7d0382a633f4a,79 754
eb8e949f82cd963f,51 147 156 332 420 477 616 639 671 733 780 813 835 1025 1046 1092
eb9411c70e0a252c,147 189 478 541 542 796 813 896 947 949 1072 1092
eb9a50797a4e7413,369 587 766 1059
ebaa534a07245c28,70 147 189 418 477 520 554 603 671 691 738 780 813 835 858 908 1092
ebacca8c6a136fc9,369 438
ebc10d39f36886b0,1059
ebcf9db4b8cca40d,147 744 756 813 952 1092
ebd5ae03eb078f1f,51 156 189 335 477 639 671 780 786 1034 1035
ebdbe58606204a52,147 194 663 738 813 1092
ebe1cb6795b51d1c,79 156 194 639 671 780 1059
ebe40ebeafc9e15,121 493 840
ebe43c3f174ab404,147 189 430 434 517 559 871
ebeefd897e23b5e5,51 147 671
ebfe7cb6ed0a0c97,13 813 896 1092
ec09e35c42a3bca5,121 650 718 813
ec101efa4b4c5a6c,51 147 156 477 506 612 671 745 780 1046
ec162ab15f996060,79 194 489 584 671 813 1092
ec1f08c6d7917298,156 418 541 542 753 813 932 1072 1092
ec1fdbb4f8808000,41 131 147 552 671 768 780
ec23f81d1012bbae,13 796 1092
ec417500a68f6084,121 369 1059
ec4ba4f173f0b3ab,188 420 477 813 890 1092 1099
ec516671cfe2cd6f,634
ec64627b49bebeb1,125 161 331 584 758 1059
ec689e913c111f,45 156 189 259 541 813 835 1092
ec71a0a32887d4c5,79 188 194 671 1034 1059 1099
ec8728581cda58be,13 147 552 716
ec8b97154efb2fa5,156 180 498 541 542 803 813 1072 1092 1099
ec9adba6a830748,79 813 961 1092
eca7e1139c4f1e5d,79 147 194 671 780 1034 1035
ecaac419de583a6c,147 189 813 1092
ecb1b2af96281225,51 147 1059
ecb324e77ad508a1,147 156 485 671 780
ecbef07bc9a24e66,131 189 259 418 541 542 543 731 753 796 808 813 934 940 942 949 1072 1092
ecc2f55d09447a24,79 194 487 671 1059 1062
ecc813b778acf416,369 586 884 1039
ecdf01e3277c7478,121 433 724 813
ece6bde3cee0ac9d,23 420 433 477 734 738 784 813 835 962 996
ece89ec601517366,13 147 156 477 552 671 780 813 907 1046 1092
ecfc8102d33ff7d6,51 147 189 552 671 780
ed076fb0170f4d75,188 428 803 813 890 1099
ed114dbc7d977f1,189 335 369 639 671 780 1034 1035
ed144baaeb5402c5,51 147 156 639 671 780
ed293af2dc2e4d2a,51 156 227 420 465 477 540 584 671 737 738 776 813 1046 1059 1092
ed2dfbdb38ddeea3,161 634 872
ed367f5ba97e2875,131 147 189 259 418 541 542 813 835 1092
ed40cb3e370dc35d,51 147 813 896 1092
ed420a9c49f92bfd,79 487 671 780 1062
ed4cc368aaebc9db,13 813 896 1092
ed509ab61d0e6990,147 189 308 335 552 597 671 780 835
ed553d54644ff379,79
ed5cd60d95083f26,13 51 147 189 663 961 1092
ed6389a18eb70f70,13 147 189 833
ed6471836289d67e,51 147 189 663 813 1092
ed6bb910c7ff5a3f,147
ed6fdb0f2a2066b0,51 584 628
ed70866c802674e4,51 147 189 501 580 813 993 1092
ed709b2333f36430,304
ed76d36890cc1000,156 189 477 485 603 671 780 1069
ed7f35608f9e78eb,114 217 236 257 357 1061
ed7f4a6a6010dfb1,156 189 430 434 559
ed860f18ce7c4a4d,13 147 698 813 896 1092
ed86ee88de2d32a0,79 180 482 498 728 813 961 1092
ed8a90310b708866,147 189 259 541 663 800 813 835 1020 1092
ed8cef7b1e437dcf,79 121 194 1059
ed97ab1b3e5d6a85,13 813 896
edb27d587da77526,147 188 434
edb2c8871b3a02f8,51 147 156 227 393 477 584 612 671 780
edb49a11fd4ba8fa,121 650 718 813 1092
edc6ce61d4a56999,147 189 744 813 903 1092
edce073732fb9076,194 1034
edcf7ec1521149b0,79 194 487 1062
edd15d6d1cb53c4f,188 428 558 744 1099
edddcc54ce21903d,184 285 313
ede28ec60a087d07,79 121 489 1059 1062
ede624075f46b61d,51 212 586
ede964b515019784,51 79 105 111 138 147 156 307 369 420 477 480 612 671 733 737 738 776 780 813 1046 1092
edf080e06f7289ee,13 51 147 189 552
edf3863ebeee5a35,51 147 833
edfb8d0c819711cb,194 485 744 813 890 1046 1092 1099
ee0929549d575a4,99 161 813 823 1092 1096
ee115eac2460128c,13 51 147 813 896 903 1092
ee1f24e2d90b48de,121 304 464 718 872
ee265070b6555cd5,23 121 420 433 703 724 738 813 835 962 1092
ee371df3442058e7,13 501 737 738 813 924 1046 1092
ee3cb8e11725966b,253 282 369 477 1034
ee3dc738eed346ff,13 147 813 896 1092
ee52853250f3da8b,156 813 896 1020
ee6ba0f974863e89,51 105 111 147 156 244 307 339 369 393 477 554 612 671 738 746 780 1045 1046
ee73f30b34a69f65,26 156 189 234 436 720
ee7a91b3667688f0,156 485 541 542 813 1072 1092
ee7b8136a315c8b9,188 369 487
ee80fd170db377b7,79 147 194 671 780 886
eeaec64ae7aebbc8,156 541 579 581 1072
eeb1b53c84ac10,121 415 653 724 961
eeb9ec406e66721e,147 156 189 477 583 584 663 800 813 835 908 953 1046 1059 1092
eecabd9e3aaf155e,13 111 147 492 698 813 896 1092
eeccd7ac3189e3a2,147 156 189 1084
eed32a6849b6673a,13 14 51 147 552 626
eed38daf8b55cf60,99 121 304 487 1059
eed80a0d4546a90b,121 962 1059
eedc44268c72d07e,147 156 189 485 603 607 671
eef6c0701f8317c1,194
ef025961181a0245,121 532 813 1092
ef0736eb9f62892b,184 313 464
ef0b1f565d982373,51 147 156 477 584 612 671 745 780
ef0d36e827573e56,156 189 259 418 426 541 542 579 813 949 1072 1092
ef0ea46d5f9079f3,188 369 1059
ef1180ad8bdf49ae,147 189 418 796 813 949 1072 1092
ef165978912a2312,51 147 189 583 663 707 744 800 813 835 1064 1092
ef1fefd86587b81f,51 147 532 616 747 813 1092
ef337754a021ae52,147 156 189 744 1084
ef41a455b8c80de9,189 369 420 477 639 671 1034 1035
ef4328b979e3ea23,121 1039
ef43451f2e96d40d,684
ef4f4dd68c00266e,13 147 1046
ef53bc386a1e74e5,13 477 668
ef5bd9b1bf7010a9,25 161 331 584 813 953 1059 1092
ef6fe4a329e7c1e2,121 1059
ef7736e6f3cb9506,25 161 420 534 733 734 738 813 974 993 1059 1092
ef77e52d7601be6d,147 156 430 501 737 738 813 1046
ef7b7e67dfe7b928,70 147 189 418 541 542 742 796 813 949 1072 1092
ef8225372ca44ff2,51 147 156 283 477 671 780 1059
ef87b445954303f2,813 896 1092
ef9564dc58757a34,51 147 1022 1059
efa2a6a0bb7040ca,51 147 813 949 1092
efa3dd9c5dd5ed8b,13 480 501 670 813 896 975
efa95e1bc42644d5,13 776 830 1046
efaa39607b14c485,169 184 448 819 1039
efb6b5441f7b4f98,13 147 189 813 896 1092
efc4ea410ffeeb82,147 189 418 553 731 742 796 813 835 940 1072 1092
efd009cb502494bb,734 737 738 813 993 1033 1046
efd28bc93870041d,415 420 872
efd71487f15edf35,813 896 1092
efde90473c71f0be,161 204
eff5c0007ed210f6,147
f0031c2da29925e8,51 147 813 896 1092
f0035afff56965a2,184
f00a76dc5e393249,79 194 489 671 780 1059
f01462d3b8c6c483,147 189 418 541 742 796 813 949 1072 1092
f01a3e2d0c03ad0d,369 587 1059
f01aaf9c28f62857,51 147 189 744 764 813 903 910 1092
f02e49973ecb9f2c,147 283
f0337f586c40c5d6,51 156 369 420 477 671 780 1059
f03f8fef9487af54,35 184 962
f045a7d819f9ab22,51 147 833
f04b9532be91702a,99 650 718 813
f05545c3cd2da461,725 776 830 1046
f05a650357becdb2,13 51 552
f0659a6050b104e2,79 188 194 671 925 1034
f07030a8d0a8b333,51 147 156 554 744 813 903
f073508393f54f7f,189 378 477 671 780 1034
f074fe0388427da4,194 359 482 497 498
f07a0a3734b60718,121 718 813 961
f07c47de508ba328,79 487 1059 1062
f081e33f38fa7c49,1039
f0833f01044224ca,13 51 147 552 626
f08a4350cda7f095,147 156 189 768 1034 1035
f09f09f29c6f729,188 189 369 1034 1035
f09f7884c18da4b,13 51 147
f0b23552ae1af4db,487
f0b7cca8e6c66acb,51 111 147 156 369 586 671 780 1039 1059
f0c0c5a1f43c3c0d,51 156 227 477 492 570 616 671 813 961 1092
f0c49554d5613940,13 14 147 552 716
f0cc6b81402705bb,13 698 813 896 1092
f0e0fa4614e1a28,51 147 189 420 477 616 733 734 813 833 835 1046 1092
f0e46d929c90047a,70 111 147 189 259 420 483 676 737 738 776 813 830 923 939 973 1046 1092
f0e628ccc9ccc53,13 626 896 1092
f0e8906dcf36a134,369 563 566 1061 1099
f1129dafb878ffb5,133 147 189 541 663 813 1092
f11f93a0031432c7,194 809 813 844
f12bc76b86d7b4c8,13 51 147 501 738 813 1092
f130de1cf72a3c7b,147 189 663 713 813 1092
f1319d6104cd9121,133 147 189 378 663 800 1064
f132ebefe2807c7a,13 51 147 738 813
f1393a57eebfcea6,51 111 147 420 573 616 733 734 738 776 813 971 973 1046 1092
f1465eb71a033755,51 147 189 485 615 744
f146ae59fde80a19,813 1059
f15347aa3f7fd6bc,51 76 133 147 189 583 663 671 705 780 835 1092
f15680fbb6bda273,51 147 616 733 764 813 949 993 994 1020 1084 1092
f158171d2cb50590,121 369 464 1039
f1586aeacee25341,13 51 194 480 483 501 580 670 737 738 744 813 975 1046 1092 1099
f167b645611faf5b,13
f16aea34f6ed3d45,51 70 147 189 259 541 580 616 663 800 813 993 1012 1092
f171db4af61b5906,99 161 477 487 758 1059 1062
f178ffce409287ad,156 259 420 541 542 595 663 813 835 1046 1092
f17d59c6e3055896,79 147 671 780 1059
f1874fccd2a1c804,79 182 754 872
f18953d6b7997baa,13 51 147 813 1092
f1917d234ec4d7,13 405 698 896 903 1092
f19d45ccc936442,1 33 582 1023
f1b5284110b6f72f,51 111 147 189 501 519 545 580 616 733 734 738 813 1092
f1cdd7100a479555,184 313 438 819 884 1039
f1d050544c3ae6d6,13 813 896 903
f1d226de84113e0,79 477 744 776 813 1046 1099
f1dcf88b2399ba8d,194 477 671 738 780 813 1046 1059
f1f1d601f8eed783,184 464 754
f1f281cd7bd36e3e,51 70 147 189 718 813 903 1092
f1f7b69961ca75e2,420
f202b6757a6f586b,13 51 147 552 671 780
f203e30b1bc1ec19,13 70 147 189 663 713 718
f20846b7e1cbb844,147 369
f218803ed6952f36,70 111 147 189 259 420 616 737 738 776 813 973 1046 1092
f24afea37f6ef95b,70 111 147 189 541 813 949 1092
f24e061fe7dbfae2,131 189 418 541 542 796 813 896 940 949 1072 1092
f2502c3ee45ccda6,147 189 418 538 541 542 616 698 742 813 940 949 1072 1092
f2607d02f65d85d5,194 404 813 1020 1092
f261a92b1894279,51 156 227 616 813 961 1092
f261e5838741b5cd,13 51 147 552 671 780
f262f8d848519da7,13 147 552 671 780
f26d4cf72e62de3e,304 487
f26df722893dbb95,615 813 896
f26f2a6f82662d63,5 43 51 156 212 283 420 477 554 584 616 650 671 738 744 746 780 784 813 835 903 1059 1092
f27a6ebfddc6ff96,51 212 339 477 671 758 780 1030 1059
f28e40676959e352,189 194 477 671 780 1034 1035
f290cd2621a7c692,51 147
f29253559c62ebd3,79 369 671 766 1039 1059
f29f4238c147b0e3,147 194 485 780
f2a5f5b2b3bd232e,147 813 896 1092
f2a730e5f7c0b668,369 477 671 726 738 813
f2a91b9945ecbd3,147 189 541 542 663 800 813 949 1092
f2aa2580d9370d1e,121 369 615 1099
f2b3326879939c3b,147 189 744 813 903
f2b38f59480c6098,121 415
f2c851ca48e0100a,121 415 464 872 922
f2de6bca4d63b439,79 612 1045
f2e14428aee7f488,184 420 477 503 754 784 835 962
f2e38fb14b148d10,405 896 903 1092
f3128867fff7c0e6,147 156 189 227 477 489 584 616 738 813 954 1046 1092
f31809d7f74f5ef,133 147 189 378 663 800
f31b54c9fe43ffdb,188 189 335 369 671 1034 1035
f31d89d6594bb39e,51 698 813 896 1092
f3232687b2bdf43e,45 189 259 663 707 800 813 835 1020 1092
f32b79d3e2da227c,51 147 369 477 554 639 671 744 780 950 1034 1035
f33b4ac16ef94a65,79 477 754 872
f33dcceddd482e73,813 896 1092
f34062078b2fc2ef,51 147 532 671 780 1022
f35468297673cd6c,156 189 259 420 538 541 542 616 663 742 813 833 835 1092
f356bbe8b678c10c,121 433
f361ad315da22fd5,121 156 189 436 1039 1059
f3688eeb438ad4b4,13 51 70 147 492 538 616 663 742 813 1092
f377f55fe75163f9,51 212 554 556 647 746 758 1030
f3786f7b342c5f4d,13 813 896
f37ed936b8e08e3a,156 189 259 418 426 541 542 753 796 813 940 949 1072 1092
f386bda1e24ba958,99 304 634
f38d79412995309d,189 462 534 733 734 813 835 993 1092
f39edef68772abd2,147
f3a7123532a978e7,45 111 147 189 501 733 738 776 813 931 1046
f3a904366f0d754e,51 76 156 212 227 492 671 813 961 1092
f3b03331729985da,51 156 212 477 554 584 671 813
f3beb35845da4364,51 147 189 335
f3bfe68d927a48c,51 156 335 369 671 1059
f3d665a9ba6010c6,13 147 813 896 989 1092
f3d99dcaa36f0310,121 369 420 477 738 813 835 1092 1099
f3dc1491d0a52255,418 482 498 541 813 835 949 1092
f3dda97f2f3fcc7f,121 194 1059
f3df57a3f658cde7,51 147
f3e958bb5e2a959d,147 189 420 663 734 784 813 835 1092
f3edf8311cda1096,194 671
f3f79d499f51a5e,131 147 156 189 418 541 542 543 579 581 753 796 813 949 1072 1092
f3fd88a8db786a94,13 51 147
f4054eae90bab51b,188 428 558 744 1099
f40cb8822f5a98b5,13 147 156
f41ebec34b8a06da,51 156 173 227 570 616 671 813 961 1092
f423cddc72ea43a1,188 518 639 671 1035 1059
f432cbdb13939fcc,13 147 698 896 903 1092
f4334e1694b79ca5,79 477 487 671 780 1062
f434e31bb277508,51 586
f43d6b493f0c1c79,111 131 147 545 579 813
f44fa6999e74a429,121 464
f4579f8bb6d84d4e,147 189 671 780 1034 1046
f45f9fc42d2e1832,147 433 597 671 780
f4613b3819c8600a,147 189 663 800
f46e61fdeb5af053,51 70 147 189 813 903 1092
f46ff5196a13c8fb,25 161 420 444 534 707 734 738 751 797 800 813 953 974 993 1059 1092
f473c78e45087197,194 480 483 738 744 813 890 1020 1046 1092 1099
f4794ae1313a1e33,13 755 813
f47c45abff4a5d16,23 33 420 703 738 813 835 962 1092
f48199eb00b1b0dc,189 430 434 501 559 738 813 931 1001 1032
f48513eaf6c20b5c,111 156 541 542 813 1092
f48c3683565bbcc6,51 147 156 227 477 506 612 671 682 780 929 954
f49969826534c713,147 189 477 776 1046
f49bce448730e415,147 189 718 813 896 1092
f4a148c1b0bf57d4,194 809 813 844
f4b49c34d05c4cd5,114 217 236 257 1061
f4b89378a9ed2cfa,133 147 189 733 744 813 835 895 903 1092
f4d4740a4c806dbd,147 189 813 1092
f4d80b74f57c11c0,79 147 671 780
f4d8609013ee1e0b,51 489 584 612
f4dadd9c0accdcd,79 487 813 1046
f4e0db8d04a4faa5,147 189 813 949 1092
f4e879775be0f0f2,532 813 896 1092
f4ef2138cc3afc80,494 501 519 737 738 813 1009 1046 1092
f4f022f43240322b,51 147 156 541 543 554 612 671 813 1092
f4f30f4d3460af13,51 147 156 369 477 612 671 733 813 954 1046 1092
f4fb1bff6d6879b7,121 436 1039
f5053f811d604ab5,147 189 259 420 425 449 583 663 704 707 721 760 761 800 807 813 833 835 849 953 1046 1064 1092
f5141ec7e09e6d71,13 813 896 1092
f51584cffa1dad5f,45 111 156 465 584 628 738 813
f5200a7a801b032d,147 189 418 430 434 554 559 738 813 835 1092
f52baef52320867e,13 663 713 800
f52fe529de12f526,13 813 896 903 1092
f53bf9b316e19860,194 404 813 1020 1092
f54a59c1da5d452,13 405 698 813 896 1092
f54af3cf9491e0f5,79 194 744 1099
f54d661f931dd2b0,189 335 1034
f5514ab07d2126cb,127 147 189 369 477 616 655 671 780 813 1046 1092
f55499f687927da8,99 420 477 813 961
f555df9c939994ae,147 189 418 541 579 813 949 1072 1092
f557d64fabad5bde,147 156 189 485 603 607 671 695
f55eca1edb1f7065,147 335 450 495 579 872
f5662ef02b9c62ba,13 147 189 492 538 698 813 896 1092
f56e400e76d6fb67,51 147 189 568 813 896 1092
f5716218133dc055,121 433 1061
f57cd88441730b2,79 194 489 1059
f580301b9aa20c25,194 404 744 813 1020 1092 1099
f5887f5f930203e5,304 487 758
f59d5bb75e75bc02,25 161 477 813 1059 1062 1092
f5a6b03f5db64280,13 51 111 147 420 480 483 501 573 737 738 776 813 923 1046
f5af84b215ab164e,147 156 189 485 603 607 671 695
f5bd51fc7bd9b838,480 483 494 737 738 776 923 1046
f5c0427fab648855,13 519
f5cac6847ef6a433,188 335 477 597 612 671 780
f5e56b7bf286d53a,79 194 612 671 780 1059
f5ea594f34971f2e,51 147 189 434 615
f60a99b3c225b708,147 532 747 813 896 916 1092
f60e9a4fd2e6feb8,304 774
f60f2efe1faff1e7,13 51 744 756 813 1092
f610fc919a728b46,51 147 744 813 952 1092
f612ee4bba85dd5a,51 111 147 420 492 538 616 813 1046 1092 1093
f6136e2fbdeeb585,51 147 434 597 747 813 835 1092
f61f718a393396be,111 147 189 259 420 483 573 725 738 776 813 830 923 1046
f6202c0419184ca3,13 813 896 1092
f6322b4af7ea80fb,194 390 1034 1099
f6375074072b6108,437 516 519 733 734 813 993 1033 1046
f644bbfc53a35c43,188 764 803 813 1092 1099
f646e46dbf3960a8,411 813
f647b6c548150b98,99 420 477 738 835 962
f64ca6576cace2eb,483 676 737 738 776 813 830 923 1046 1092
f650066bea3a5d07,147 671 716 780
f65acbcb671fe41d,194 950 1034
f66882a46261c1a1,189 768
f66dbb7a07232b5c,121 147
f6757cb5e6849dfd,147 189 420 477 520 554 738 744 813 833 835 1092
f68cd97cfc9f8e08,51 79 147 477 671 780 813 835 1034
f694cd207994d603,13 655 698 896 1092
f69aa45dd0b2d5cb,51 147 156 420 595 616 733 734 813 835 993 1046 1092
f69cc444ab7394c9,13 147 189 434 480 501 545 737 738 744 813
f69f227b0689e719,13 14 51 147 552 671 780
f6a292017e58f356,13 147 698 813 1092
f6b14730c2eb6a20,304 774
f6b2b953ccb96009,79 147 189 612 671 780
f6b63afa1754a982,13 813 896 1092
f6d22851e47be400,51 79 194 671 780 1059 1062
f6e7369b291d2e10,147 552 671 768 780
f6f93418d887a6d8,70 147 189 520 597 603 650 671 780 835 858 1092
f70f1ce47a74abe6,189 378 671 768 780 1034
f710a9a3a90780f,13 147 492 538 616 698 742 813 829 988 1092
f7202c981c96deec,51 147 156 189 671 780 813 1059
f7267d6cc1315ebd,13 147 501 737 738
f73817648703a508,51 147 492 524 538 610 616 627 674 747 813 861 989 1092 1097
f73c67a2da78fb3,13 41 147 552 671 768 780
f73e48cc38b55e6f,156 189 436
f73eb217a3077f2a,121 433 484 520
f73f0609320b3965,156 189 369 436
f758ee856b1df60b,13 552 671 768 780
f75e4721f8b7628f,147 348 671 889
f761fc61ce3342db,51 147 477 671 758 780 813 1030 1059 1062 1092
f76addddb5e96f34,45 111 147 420 480 483 501 573 737 738 776 813 1046
f774a85f7b5fa224,189 259 492 663 707 800 813 1092
f77675abdbb81150,121 634 922 955
f7815112ee5f7063,79 194 489 1059
f782d110fe510879,51 111 147 189 480 501 519 580 616 733 734 737 738 806 813 1009 1046 1092 1093
f78648b53c398817,304 465 1059
f78e3e99c216a1cf,147 189 413 430 434 517 559 738 871 1001
f78f232b8c620227,156 188 671 744 1059
f7974f4364bd1119,45 156 420 616 813 835 1092
f79ac7e0c0f05fbb,51
f7ab5ab9e5190caf,51 147 212 489 554 671 780 1059
f7b6295c1474d51e,13 51 147 189 552
f7b8a9744ddb56d9,188 189 335 369 671 1034 1035
f7bab756535f7568,194 480 483 738 776 826 830 992 1046
f7bea74064b6993d,79 420 477 487 671 780 1059
f7c59be52659c9f5,147 430 434 517 559 931 1032
f7c81050991657ac,79 194 489 1059
f7daf9c570dc6d7b,147 188 428 434
f7de049efb9bc79a,189 335 733 734 813
f7e3908e6ed3cfd8,188 369 1034
f815b84a2fccfea8,188 369 1034
f8236960ec6d828c,147 283 813 896 903 1059 1092
f83341a1a584e99b,13 147 718 813 903 1092
f855e04788fc410e,13 813 896
f85ba7f99232fbe9,121 1039
f8610420d388b6d6,147 156 189 418 541 542 543 579 753 796 940 949 1072
f8666ddd2d3f613c,79 194 489 671 780
f866d86d67c24da4,156 189 813
f872dab1bd1430f3,111 156 189 259 541 542 753 813 1072 1092
f873b03db836a6d5,121 433
f87dd1f7de3658c4,51 147 189 597 603 671 780 858
f87ec01acf182b33,813 896 1092
f88110b5c7a7dec1,156 189 485 546 603 607 671 695 999 1047
f882a1cce56fdfc8,147 156 189 554 744 1084
f885632f7155d153,45 111 147 156 259 483 494 737 738 776 813 1046
f886e93c2164cf71,147 690 737 738 776 813 992 1046 1092
f890807b9be1724e,13 14 127 147 552 671 780
f892845f43dd459a,79 704 813 1024
f894528127cacff3,79 147 188 477 671 780 1046 1059
f8b0bd95b11cfc74,684
f8b4c678651695c,189 597
f8ba5c716a90761,147 189 733 744 813 835 903 1046 1092
f8bcd54348a9aa00,194 616 738 813 844 1092
f8bd98644b65048e,51 147 616 733 744 813 952 993 1092
f8bf4232c60ff3a9,51 147 156 742 813 835 1092
f8d319aa195a338b,51 189 554 744 813 835 1092
f8d371f3aab632a5,147 189 813 896 903 1092
f8d8932b59333d77,147 541 579 581 1072 1092
f8dab28b1c62caf4,51 147 434 508
f8e95b30f124b9d7,51 147 156 189 335 418 579 813 835 1092
f90093313228c32b,51 616 813 952 1092
f909453d0a5107b6,194 480 483 494 725 737 738 776 813 830 1046
f914b3479e71852d,189 378 671 768 780 1034
f91a47526ceee05f,147 1059
f91f4a7df2304bb5,304 487 758
f931cb77872ac1de,51 147 188 189 671 780 1034 1035
f93c7ed0e16c20f5,188 420 487 738 813 1059 1092
f947e715045bab9e,147 156 418 541 542 579 753 813 949 1072 1092
f9530bc906c7a842,369 1061 1099
f96ca3b1f96cd190,13 147 477 671 780
f9705d6fcd231c2d,13 29 51 147
f978c2729a3e12f7,156 485 603 671 780
f97fc4716dbf76ec,111 147 189 420 616 733 734 738 776 813 835 993 1092
f98640adf1ff3b0d,70 147 189 418 541 813 835 949 1092
f987f54383fdcf5d,13 51 147 552 626
f988c0fff4b842d7,147 156 477 485 671 813 835 1092
f9996bd62e03e06f,51 813 896 952 1092
f99980829eb6c480,194
f99a3da3f4563a72,121 813 833 961 1059 1092
f9ca45bb3bcd741e,51 79 194 671 1034
f9d0ac33bddaaf2c,156 189 418 541 542 796 813 940 949 1072 1092
f9ed0360e8cf94ab,18 51 99 161 304 331 489 584
fa097a1089df4176,13 189 552 1056
fa135bf3a90b6,147 156 418 541 542 579 753 813 949 1072 1092
fa1496f2a4e075e1,35 184 754 884
fa1952aa7df266d5,79 188 304 671 780 1059
fa2ba4994d489456,51 147 584 671
fa2fbcaa7fa2d6b7,99 121 813 823 961 1092
fa31cc04d922a86d,51 70 147 189 580 733 744 813 993 1092
fa33f42e8c6dffcb,188 369 1034 1099
fa3638e7bae45e6f,156 194 404 485 813 1020 1092
fa3b291a36b64383,194 671 1098
fa4474834228f8e1,51 156 227 369 420 477 612 671 733 738 813 1046 1092
fa465921a7d801d5,51 147 156 335 579
fa49686129f196f8,51 147 188 420 477 496 597
fa4da524c7d7a3d1,147 554 744 746 813 896
fa50c818f9a11d01,13 51 147 813 1089
fa52133e944d0f61,79 194 639 671 780 925 1034 1035
fa61f0e8674929bb,51 111 147 492 538 541 616 654 698 731 742 813 1072 1092
fa6ea6eb18bf1550,156 189 259 538 583 663 800 835 849 953 1046 1064
fa71b6bc3e97e917,111 147 189 259 813 949 1092
fa72a4388dc5306b,79 188 487 671 780 1059
fa7e21ef2e2248f6,430 434 559 931 1032 1046
fa87c468945d6f89,496 597
fa898d1efdede960,494 676 737 738 776 813 924 1046
fa8e8ff13cb8ce06,79 188 335 489 612 671 780
fa8f5298d174e3f9,147 194 477 1059
fa8fb07a0ba9de0a,51 147 283 612 671 1059
fa9c7a7bf7e87168,184 285 313 438
faa235a76ce813ad,51 147 595 663 744 800 813 835 1092
faa9a93743ccc190,147 259 744 896 1092
fab8c6efb26695b5,147 189 597 813 1092
fab95000db38ab3d,114 217 236 257 1061
facea162fe8f6b79,13 405 896 1092
fad0c63700e3cc1a,13 51 480 483 494 501 512 737 738 776 923 975 1046
fae8f12eb38ccbcf,51 147 156 189 259 663 744 813 835 1092
faeaa25a90d54d69,189 418 541 542 543 641 731 742 753 796 813 940 942 949 1072 1092
faed7f21082831d9,188 487
faf6f3eda32cd0c3,121 420 477 616 724 813 1092 1093
faf7c1a300acae8c,147 156 189 418 541 542 753 796 813 940 949 1072
faf8daa4af691b1,79 465 671 780 1059 1062
fb0a1ff6d553b3d7,13 147 813
fb230060383ca31f,131 133 147 189 418 541 543 796 813 940 949 1072 1092
fb26456ae1df3052,483 737 738 776 813 1033 1046
fb2a989dc0457355,1059
fb33f55d7df43035,121 724 955
fb36a0e3623fc172,156 259 541 542 579 813 949 1092
fb542e7f71c12720,239 487 650 738
fb5e50e487f0eb09,813 896 903
fb5f2f840ac90ffe,116 161 487 1101
fb6341102570cb94,79 487 1062
fb6d3bcfd7732e86,480 483 501 738 975 1040
fb80e5400b8084b0,188 369 1034
fb8d3ef1068c1d8a,188 1059 1062
fb934281268fbc71,51 147 212 283 554 612 746 1045
fb99c3563cf5bf1e,51 156 813 993 1020 1092
fba1fd86a8f63adf,121 304 744 922 955
fbbe0718c8067a00,45 189 434 501 559 738 744 850
fbe68b93c7194584,189 477 485 603 671 780 1069
fbed433dce5848ac,79 194 487
fbef6f34ad2d13b1,13 776 830 1046
fc0955d3ab8149af,430 501 545 619
fc0bc1200d1f1e6c,111 147 189 259 420 616 620 733 734 813 971 1046 1092
fc0c612265f9f873,147 189 418 541 543 796 813 940 949 1072 1092
fc0f03548cc017be,79 194 624 671 780 1059 1062
fc1011c43e4b98a3,369 477 671 726
fc1095475ff15e77,51 147 189 813 1092
fc1c7e09b8d50e00,369
fc1cb70730427eaa,51 147 212 339 556 671 746 758 780 1030 1059
fc20a42953f7147e,23 33 420 703 738 813 835 962 1092
fc2968eeb6f909d4,9 33 99 420 477 598 708 738 813 835 962
fc37e2919437f8e3,79 194 477 624 671 780 874 1059
fc3887fc030e0fd0,188 369 420 477 774 1059
fc493a4a6c514415,67 368 369 586 587 766 1020 1039 1059
fc4ef85e2d599b4f,51 111 131 147 189 332 418 420 477 616 639 671 738 744 813 835 1025 1034 1035 1046 1092
fc504af0eb9a7d78,147 189 597
fc507b4d03b3686d,147 283 369 671
fc5281412ffdb55,51 147 420 477 501 616 737 813 1046 1092
fc5409e98ac1dacf,1059
fc5a8a4243299a1d,147 189 1034
fc5bed049f6a47b0,121 188 420 477 597
fc5d3c7df507e70c,147 189 813 1092
fc662e9fed881cee,13 51 111 147 738 776 813 1046
fc6b438bd3b9e07e,13 501 519 545 670 737 738 813 1009 1046
fc6ce4caabc49a6f,447 482 497 498
fc6d55c44bdb8c91,13 14 1056
fc7076a164e6e568,663 813 1059 1092
fc725c8c702e6e3,13 733 734 755 813
fc7fe2ee13d310bf,13 121 432 724 813 896 1092
fc8106fc29d9e3e,13 813 896
fc8683f72ae8de65,156 189 744 813 1092
fc8a202bc34f19b6,121 188 433 434 724 1099
fc8cbef88ee21684,45 111 147 189 480 483 501 738 776 813 923 975
fc991c6aabbc77f9,434 501 545 548 737 738 863 1046
fca036fefbf38464,430 434 501 737 738 813 931
fcae2cfdc8b0eed3,51 147 188 189 671 780 1034 1035
fcc4ef31712cbde1,194 1034
fcc742eebb70233d,13 552 626
fccb7084bf0e4217,188 369 1034
fcd6638343f332c3,127 147 538 616 655 671 813 835 908 1046 1092
fcebe423aa7b3e7f,121 369 1098 1099
fcecafc7e4af0bef,51 147 212 889 1080
fd041026c0d5ed85,147 156 283 322 477 538 540 671 780 813 1046 1062 1092
fd0a9a53a49df158,282 489
fd0ccfc22d5fb211,51 147 477 506 671 682 780 886 929 1034
fd1c6638e2dc6228,147 156 482 498
fd20ca45e1930335,615 813 896
fd2c795f4e1a4324,51 147 671
fd3e731b4105380e,147 156 189 744
fd4b54534b93fe89,51 483 553 725 738 776 830 923 1046
fd4d6064a01decbc,131 189 335 369 477 639 671 768 780 786 1034 1035
fd5155b3d723e316,51 121 369 586 1039 1059
fd55c2b6018d545,133 147 189 378
fd582e7825a8417d,369 489
fd5978c3e9d1bc7,79 477 487 671 738 813 1046 1059 1062
fd61ac3e62039275,13 14 147 552 639 671 716 780
fd6b7c2b4626753e,51 111 147 420 480 483 738 776 813 923 1046
fd6c8c2b881e473b,147 813 1046
fd71e379b45de491,189 485 603 607 671 695 999 1047 1101
fd8029dd8cd542eb,121 433 724 813
fd8421385671d433,194 738 813 844
fd8422be468a1a2,13 51 552 626
fd8d2e319bdb08d,194 485 671 738 744 813 890 1046 1092 1099
fd8ed741b1f46b35,369 587 766
fd939d07529a7479,79 194 671 741 1059
fd9889c601295776,13 480 483 519 813 975
fdb07d5308735cdb,147 283 322 584 671 780 1062
fdb08e628c27dfd2,188 282 369 420 477 738 1034
fdbc47ba5c70347a,480 483 494 676 737 738 776 813 830 923 1046 1092
fdbdbcaac91ac764,147 188 477 639 671 813 835 1025 1046 1092
fdc1fef392802bd5,189 259 418 541 542 543 641 731 742 753 796 808 813 940 949 1072 1092
fdc59c94d65ca66b,156 189 259 733 734 784 813 835 993 1020 1092
fdcdb56da561e09,51 147 430 434 501 545 554 738 813 863
fdd0c19f336214a6,332 688 888
fdd64cb930a96cdc,194 480 483 494 737 738 813 830 1046 1099
fddb2a8a989cc69,147 156 189 485 603 607 671 695 780 999
fde00bfad76e04fb,51 147 744 813 1092 1099
fde9b68992c30b7b,13 698 896 1092
fdf710a4714c61f7,1039
fe015c70f34a6c1d,79 487 734 738 813
fe01ee5338be20de,51 147 616 747 813 1092
fe04992b34bac692,147 189 813 896 903 1092
fe049cd13db2c94e,51 156 212 420 477 554 584 647 671 784 813 835 1059 1092
fe0ddcb7b4c3aa03,156 477 485 639 671
fe15694cdfea94cf,147 813
fe1b942094ec3c58,51 147 744 756 813 952 1092
fe1d0abca5f20e5,189 597
fe26d22ee67cdb9c,147 189 698 718 813 896 1092
fe2dd8c7b898512c,79 161 489 1059
fe303c2e61984957,51 147 477 671 780 821 835 1092
fe4148f46d10caf9,147 189 744 813 903 1092
fe467f699ec3d31d,111 501 616 733 734 737 738 813
fe4e160fb1894337,480 483 738 776 813 993 1046
fe4f1eb56cdb622c,189 335 477 489 554 612 671 780 813
fe51be9700446179,147 716 1092
fe621ea8403af4d5,147 189 813 949 993 1020 1084 1092
fe70c72f7d245f29,51 538 541 542 616 813 993 1046 1092
fe73c9ca0a2a60a,487 1059 1062
fe8297d9ec79f6cb,147 156 671 813 961 1092
fe82a9de093525ac,189 304 306 511 718 813 903 1092
fe8b1e75cf84476e,231 369 489 1039 1059
fe9cfccc645b9080,51 147 156 744 813 835 1020 1092
febdeb6fa94e5f76,51 147 813 896 949 1020 1092
fec1e1cec0db4569,13 813 896
fee19e0644d901e5,188 189 1034
feea36eb3b694d53,13 51 147 552 626 639 671 780 925
fef626a025126fd8,121 432 724 744
fef99b6827239e77,13 51 147 552 639 671 716 780
fefd318936fec20a,147 189 744 811 813 903 1092
ff04f33a8b310a3,51 147 283 671 780
ff0e9a248266804f,147 189 418 718 813 949 1092
ff1f3f9c82cb190d,79 184 420 496 503 598 734 784
ff2166cd7cd8b0e6,13 51 111 147 480 483 494 501 737 738 776 813 1046 1092
ff22c2ce8adcb0b4,465 1059
ff250d9eb522ab62,194 404 655 744 813 896 1020 1059 1092 1099
ff2704a9be230584,13 813 896 1092
ff283681a9a75be,147 189 430 434 501 545 559 649 738 871 1001 1089
ff2896be6c381e59,188 335 597 612 671
ff2da1f0ed3e3ebe,13 477 671 780
ff3a9fa43f8eab9c,188 428 597 671 780 1099
ff44490e20740a19,147 813
ff481bb029678d5d,51 147 189 322 489 584 671 780 1059 1062
ff4c3570fb7b90d3,51 111 156 420 477 639 671 738 744 780 950 1046
ff4f548d08414709,147 188 189 552 597 671 780 1034 1035 1059
ff668377a518ea5f,79 156 194 227 369 477 506 612 671 738 780 1046 1059
ff6a549b2d7a0e76,156 465 480 733 738 813 1046 1059 1092
ff6ee1b37c8dc1ae,147 156 418 485 541 542 813 949 1072 1092
ff85460d6b853b49,13 51 147 552 671 780
ff8721b85d1b5a5,13 405 896 1092
ff8bef7d0de52b31,155 189 378 671 768
ff92504c82c41e0f,79 194 477 480 483 737 738 744 776 813 826 830 1046 1099
ff9d4b77c124c9f2,147 189 477 520 671 682 691 780 835 858 908 1062
ff9ddf70cb1c2674,147 189 744 811 813 903 1092
ffaf8c3fe0b1d9b6,369
ffb61df4a6734772,313 962
ffb73f95b8721900,79 194 489 584
ffb937b55755323e,79 738 813
ffbcf8b91a8e8ce0,121 634 754 840 872
ffbf4849bde21b0a,51 111 147 420 492 538 616 663 784 813 835 988 1046 1092
ffc96e053345419d,99 147 304 718 813 896 1092
ffcb16053099d795,147 335 813 903 1092
ffcf745289465074,194 404 698 744 813 1020 1092
ffd1372fe67e65f0,121 1039
ffd79eadf642221b,45 111 147 189 718 813 896
ffd96986aa333f4d,70 131 147 189 418 541 542 579 595 742 813 835 949 1072 1092
ffe54b454396d97c,147 189 335 369 477 671 738 780 813 1034
ffe7d7db4e4aa37f,155 189 378 671 768 1034
ffed0a4aca0d5457,304 758
