id,sales
3000888,3.875
3000889,0.0
3000890,3.875
3000891,2438.0
3000892,0.0
3000893,405.2156275
3000894,12.375
3000895,806.875
3000896,824.875
3000897,146.6815
3000898,155.5
3000899,160.6795
3000900,3017.75
3000901,23.75
3000902,1.875
3000903,32.25
3000904,24.375
3000905,0.25
3000906,218.375
3000907,19.25
3000908,27.0
3000909,8.875
3000910,84.125
3000911,6.625
3000912,288.186125
3000913,175.125
3000914,4.5
3000915,12.75
3000916,352.9220025
3000917,64.70187475
3000918,4091.219525
3000919,0.0
3000920,29.526625
3000921,1.125
3000922,0.0
3000923,2.0
3000924,1068.625
3000925,0.0
3000926,85.625
3000927,3.125
3000928,636.875
3000929,388.375
3000930,223.0
3000931,32.375
3000932,30.375
3000933,2223.875
3000934,3.75
3000935,0.5
3000936,12.5
3000937,7.25
3000938,0.125
3000939,156.25
3000940,1.875
3000941,0.0
3000942,1.5
3000943,8.75
3000944,0.5
3000945,161.596375
3000946,148.875
3000947,0.125
3000948,2.25
3000949,138.9047495
3000950,21.0
3000951,221.660875
3000952,0.0
3000953,2.875
3000954,4.5
3000955,0.375
3000956,4.0
3000957,4040.75
3000958,0.0
3000959,605.125
3000960,11.25
3000961,1889.5
3000962,636.5
3000963,446.000875
3000964,169.0
3000965,75.18775
3000966,6779.6251250000005
3000967,35.625
3000968,0.375
3000969,23.0
3000970,15.875
3000971,0.125
3000972,480.875
3000973,17.0
3000974,0.875
3000975,10.25
3000976,40.375
3000977,1.625
3000978,639.87750125
3000979,391.75
3000980,3.0
3000981,12.75
3000982,395.2972525
3000983,102.092375
3000984,1194.984625
3000985,9.5
3000986,11.375
3000987,5.0
3000988,0.0
3000989,1.375
3000990,1464.375
3000991,0.0
3000992,173.875
3000993,6.75
3000994,795.75
3000995,528.75
3000996,205.875
3000997,60.125
3000998,33.75
3000999,2815.25
3001000,12.375
3001001,0.375
3001002,13.5
3001003,16.75
3001004,0.375
3001005,169.875
3001006,6.75
3001007,0.0
3001008,3.0
3001009,29.125
3001010,1.625
3001011,150.59012425
3001012,166.125
3001013,1.25
3001014,4.625
3001015,151.988749375
3001016,33.75
3001017,333.30075
3001018,2.625
3001019,6.5
3001020,5.125
3001021,0.0
3001022,3.875
3001023,1309.75
3001024,0.0
3001025,117.75
3001026,6.0
3001027,606.125
3001028,298.0
3001029,142.125
3001030,62.25
3001031,26.665625
3001032,2578.25
3001033,12.125
3001034,0.125
3001035,8.25
3001036,7.625
3001037,0.25
3001038,130.75
3001039,1.5
3001040,0.0
3001041,2.125
3001042,33.375
3001043,0.875
3001044,135.97925125
3001045,167.125
3001046,0.625
3001047,4.0
3001048,54.667375
3001049,19.75
3001050,158.97687374999998
3001051,0.0
3001052,2.875
3001053,2.75
3001054,0.0
3001055,2.875
3001056,1378.25
3001057,0.0
3001058,156.375
3001059,5.875
3001060,996.0
3001061,451.125
3001062,238.625
3001063,29.25
3001064,37.47125
3001065,2707.625
3001066,12.25
3001067,0.25
3001068,12.125
3001069,17.875
3001070,0.25
3001071,188.625
3001072,1.5
3001073,0.0
3001074,2.75
3001075,17.25
3001076,1.75
3001077,158.042
3001078,257.25
3001079,1.375
3001080,4.75
3001081,69.64724925
3001082,93.0
3001083,338.586625
3001084,0.75
3001085,3.625
3001086,2.125
3001087,4.375
3001088,2.75
3001089,1526.625
3001090,0.0
3001091,132.875
3001092,2.375
3001093,811.125
3001094,402.875
3001095,244.75
3001096,87.75
3001097,63.5
3001098,2590.5
3001099,10.0
3001100,0.5
3001101,23.375
3001102,18.625
3001103,0.5
3001104,219.625
3001105,9.875
3001106,0.0
3001107,5.375
3001108,24.125
3001109,1.625
3001110,129.79087575
3001111,173.125
3001112,1.125
3001113,6.0
3001114,104.48937562500001
3001115,41.5
3001116,599.6537525
3001117,1.0
3001118,8.125
3001119,4.75
3001120,0.0
3001121,2.125
3001122,1180.0
3001123,0.0
3001124,132.125
3001125,3.875
3001126,750.125
3001127,271.25
3001128,140.75
3001129,116.375
3001130,28.195000125
3001131,1973.625
3001132,5.25
3001133,0.625
3001134,11.0
3001135,11.0
3001136,0.25
3001137,146.75
3001138,0.0
3001139,0.0
3001140,1.625
3001141,43.25
3001142,0.5
3001143,54.94287525
3001144,125.5
3001145,0.75
3001146,2.5
3001147,68.842000375
3001148,32.625
3001149,463.110875
3001150,0.0
3001151,2.375
3001152,5.25
3001153,0.25
3001154,2.75
3001155,2501.0
3001156,0.0
3001157,306.25
3001158,5.25
3001159,978.5
3001160,1024.125
3001161,438.75
3001162,126.25
3001163,81.125
3001164,3855.0
3001165,9.875
3001166,0.5
3001167,19.5
3001168,20.875
3001169,0.125
3001170,263.5
3001171,0.25
3001172,0.0
3001173,4.375
3001174,21.25
3001175,3.125
3001176,255.72
3001177,240.0
3001178,2.125
3001179,6.0
3001180,293.171
3001181,54.875
3001182,1193.180625
3001183,0.0
3001184,9.375
3001185,4.25
3001186,0.25
3001187,2.375
3001188,1885.0
3001189,0.0
3001190,517.125
3001191,5.5
3001192,491.375
3001193,710.625
3001194,181.280875
3001195,153.875
3001196,56.875
3001197,2424.0254999999997
3001198,12.125
3001199,0.875
3001200,18.25
3001201,13.0
3001202,0.25
3001203,167.875
3001204,13.0
3001205,4.0
3001206,4.875
3001207,57.625
3001208,3.0
3001209,77.2825
3001210,138.625
3001211,3.625
3001212,5.375
3001213,154.293625
3001214,63.68012575
3001215,1220.16925
3001216,6.625
3001217,8.972125
3001218,5.125
3001219,0.375
3001220,2.75
3001221,2124.0
3001222,0.0
3001223,133.5
3001224,4.875
3001225,762.25
3001226,334.5
3001227,254.625
3001228,43.125
3001229,48.697625
3001230,2809.5
3001231,24.75
3001232,1.125
3001233,11.375
3001234,12.125
3001235,0.125
3001236,153.0
3001237,5.875
3001238,0.0
3001239,4.625
3001240,18.5
3001241,2.25
3001242,119.2842495
3001243,138.5
3001244,0.75
3001245,5.0
3001246,79.77775025
3001247,24.0
3001248,345.435625
3001249,0.25
3001250,2.5
3001251,4.625
3001252,0.0
3001253,6.625
3001254,2825.0
3001255,0.0
3001256,626.87225
3001257,13.0
3001258,926.625
3001259,805.125
3001260,200.75900000000001
3001261,157.25
3001262,101.406875
3001263,3760.25
3001264,42.25
3001265,0.5
3001266,17.25
3001267,84.0
3001268,0.125
3001269,248.75
3001270,17.5
3001271,19.375
3001272,6.625
3001273,58.875
3001274,7.75
3001275,385.8366225
3001276,246.375
3001277,8.75
3001278,8.875
3001279,448.97975
3001280,106.36525
3001281,3251.56525
3001282,0.0
3001283,33.626625
3001284,8.625
3001285,0.125
3001286,4.625
3001287,2660.5
3001288,0.0
3001289,395.625
3001290,5.5
3001291,1118.375
3001292,871.375
3001293,479.5335
3001294,73.625
3001295,58.706
3001296,4239.5782500000005
3001297,13.375
3001298,0.625
3001299,20.0
3001300,10.125
3001301,0.0
3001302,288.625
3001303,3.375
3001304,6.875
3001305,3.625
3001306,41.25
3001307,1.25
3001308,250.33924875
3001309,291.625
3001310,3.5
3001311,4.375
3001312,212.1415
3001313,49.898250000000004
3001314,766.29912875
3001315,13.0
3001316,10.801
3001317,9.0
3001318,0.625
3001319,4.5
3001320,2266.375
3001321,0.0
3001322,368.75
3001323,4.25
3001324,1298.125
3001325,653.375
3001326,257.21375
3001327,226.25
3001328,78.121
3001329,3390.5682500000003
3001330,18.375
3001331,0.875
3001332,28.25
3001333,90.0
3001334,0.25
3001335,270.0
3001336,2.0
3001337,4.0
3001338,10.0
3001339,73.875
3001340,1.5
3001341,101.854375
3001342,246.875
3001343,4.0
3001344,3.0
3001345,144.55462625
3001346,125.75300125000001
3001347,1094.10375
3001348,0.625
3001349,4.625
3001350,4.125
3001351,0.125
3001352,3.125
3001353,1331.875
3001354,0.0
3001355,120.625
3001356,5.5
3001357,642.0
3001358,333.375
3001359,145.125
3001360,43.5
3001361,36.491125
3001362,2296.375
3001363,12.25
3001364,0.75
3001365,18.125
3001366,17.375
3001367,0.0
3001368,163.625
3001369,1.375
3001370,0.0
3001371,6.0
3001372,50.125
3001373,1.375
3001374,112.442747125
3001375,144.0
3001376,1.5
3001377,5.25
3001378,130.197500375
3001379,40.875
3001380,378.6175
3001381,0.25
3001382,2.0
3001383,2.75
3001384,0.0
3001385,1.375
3001386,1512.875
3001387,0.25
3001388,275.582375
3001389,9.5
3001390,588.875
3001391,480.375
3001392,130.915
3001393,50.0
3001394,66.255625
3001395,2274.25
3001396,32.625
3001397,0.625
3001398,17.25
3001399,11.625
3001400,0.0
3001401,136.125
3001402,14.75
3001403,2.25
3001404,4.0
3001405,36.375
3001406,3.375
3001407,668.906125
3001408,150.375
3001409,4.625
3001410,6.625
3001411,331.0526275
3001412,38.48325
3001413,1550.897125
3001414,0.0
3001415,7.709875
3001416,2.75
3001417,0.0
3001418,4.75
3001419,3489.0
3001420,0.125
3001421,767.688
3001422,10.25
3001423,1234.625
3001424,1317.75
3001425,279.625875
3001426,242.0
3001427,186.266375
3001428,4373.875
3001429,35.125
3001430,0.75
3001431,22.125
3001432,32.875
3001433,0.125
3001434,295.25
3001435,10.125
3001436,50.25
3001437,8.375
3001438,79.25
3001439,11.125
3001440,410.467375
3001441,268.0
3001442,16.375
3001443,8.875
3001444,577.72362125
3001445,117.705375
3001446,6055.126375
3001447,0.0
3001448,23.82325
3001449,1.375
3001450,0.0
3001451,2.75
3001452,1731.375
3001453,0.0
3001454,340.025625
3001455,5.0
3001456,383.125
3001457,494.75
3001458,129.844125
3001459,101.125
3001460,69.685375
3001461,1719.375
3001462,15.375
3001463,0.375
3001464,13.75
3001465,17.625
3001466,0.25
3001467,90.25
3001468,0.0
3001469,35.375
3001470,2.125
3001471,111.875
3001472,4.625
3001473,228.7285
3001474,84.25
3001475,4.125
3001476,5.125
3001477,170.99087624999999
3001478,35.490750125
3001479,2622.1655
3001480,1.25
3001481,2.25
3001482,4.75
3001483,0.0
3001484,0.0
3001485,902.375
3001486,0.0
3001487,195.5
3001488,7.0
3001489,509.625
3001490,231.125
3001491,71.62
3001492,29.5
3001493,26.989624875
3001494,1397.375
3001495,13.375
3001496,0.5
3001497,13.375
3001498,12.0
3001499,0.0
3001500,69.25
3001501,0.25
3001502,4.0
3001503,0.25
3001504,19.25
3001505,0.625
3001506,246.52050125
3001507,93.25
3001508,1.75
3001509,1.25
3001510,120.202874375
3001511,18.0
3001512,997.31075
3001513,0.625
3001514,2.0
3001515,5.375
3001516,0.5
3001517,1.875
3001518,2881.5
3001519,0.0
3001520,627.514125
3001521,8.625
3001522,955.875
3001523,933.625
3001524,262.602
3001525,243.5
3001526,98.739
3001527,3702.75
3001528,21.0
3001529,3.375
3001530,28.75
3001531,28.375
3001532,0.625
3001533,242.0
3001534,4.0
3001535,31.0
3001536,6.0
3001537,81.375
3001538,3.625
3001539,273.13587375
3001540,212.0
3001541,10.625
3001542,10.75
3001543,362.4022475
3001544,78.934625
3001545,4118.45975
3001546,1.625
3001547,20.293125
3001548,6.75
3001549,0.0
3001550,2.375
3001551,2355.5
3001552,0.0
3001553,509.5
3001554,18.25
3001555,837.0
3001556,799.5
3001557,288.606375
3001558,191.125
3001559,50.54024975
3001560,3522.042
3001561,9.5
3001562,0.5
3001563,28.0
3001564,13.625
3001565,0.5
3001566,220.5
3001567,0.0
3001568,6.75
3001569,4.75
3001570,30.0
3001571,0.875
3001572,180.04637499999998
3001573,249.375
3001574,5.625
3001575,3.25
3001576,160.6706255
3001577,66.9959995
3001578,1141.9455
3001579,2.875
3001580,1.75
3001581,6.5
3001582,0.875
3001583,1.875
3001584,2376.0
3001585,0.0
3001586,506.875
3001587,8.375
3001588,800.125
3001589,714.375
3001590,221.04425
3001591,135.375
3001592,55.24375
3001593,3087.810625
3001594,12.125
3001595,0.75
3001596,21.375
3001597,16.125
3001598,0.375
3001599,195.0
3001600,0.0
3001601,6.625
3001602,7.125
3001603,67.75
3001604,0.5
3001605,99.3926255
3001606,188.875
3001607,4.5
3001608,3.5
3001609,145.367374375
3001610,59.177625
3001611,851.3885
3001612,1.25
3001613,4.5
3001614,10.625
3001615,1.375
3001616,11.25
3001617,7652.625
3001618,0.0
3001619,1254.041375
3001620,28.125
3001621,2054.5
3001622,2100.125
3001623,310.731625
3001624,469.875
3001625,343.769
3001626,7910.0
3001627,79.75
3001628,3.625
3001629,75.125
3001630,48.25
3001631,1.5
3001632,495.125
3001633,36.125
3001634,84.375
3001635,21.25
3001636,173.0
3001637,19.125
3001638,668.22038375
3001639,476.375
3001640,16.875
3001641,20.5
3001642,1060.747625
3001643,227.4828725
3001644,10640.468
3001645,1.75
3001646,75.642375
3001647,2.375
3001648,0.25
3001649,1.25
3001650,1276.0
3001651,0.0
3001652,138.875
3001653,3.875
3001654,493.625
3001655,305.125
3001656,108.375
3001657,95.875
3001658,43.09024975
3001659,1885.5
3001660,4.875
3001661,0.375
3001662,10.25
3001663,8.375
3001664,0.25
3001665,158.375
3001666,0.0
3001667,0.0
3001668,4.375
3001669,51.25
3001670,0.625
3001671,50.38187525
3001672,82.375
3001673,1.875
3001674,2.875
3001675,94.8569995
3001676,16.625
3001677,459.30174750000003
3001678,0.0
3001679,4.0
3001680,8.875
3001681,0.125
3001682,2.25
3001683,2484.25
3001684,0.0
3001685,435.125
3001686,7.125
3001687,1153.375
3001688,727.25
3001689,190.056125
3001690,198.25
3001691,72.67625
3001692,3851.580125
3001693,12.0
3001694,0.375
3001695,17.125
3001696,18.5
3001697,0.25
3001698,238.75
3001699,1.125
3001700,3.25
3001701,13.0
3001702,10.625
3001703,1.0
3001704,291.1905025
3001705,214.375
3001706,5.25
3001707,5.5
3001708,98.304749125
3001709,66.011875
3001710,981.07474625
3001711,1.25
3001712,5.25
3001713,1.375
3001714,0.0
3001715,0.875
3001716,718.625
3001717,0.0
3001718,106.5
3001719,1.375
3001720,832.625
3001721,182.75
3001722,87.625
3001723,149.75
3001724,14.125
3001725,1283.5
3001726,2.125
3001727,0.125
3001728,15.125
3001729,5.75
3001730,0.125
3001731,85.25
3001732,0.0
3001733,0.0
3001734,0.25
3001735,7.25
3001736,0.25
3001737,63.8623755
3001738,75.375
3001739,0.75
3001740,1.125
3001741,44.296375
3001742,12.875
3001743,134.06525
3001744,0.0
3001745,0.875
3001746,5.875
3001747,0.0
3001748,1.875
3001749,1700.0
3001750,0.0
3001751,190.75
3001752,7.125
3001753,802.875
3001754,534.0
3001755,156.75
3001756,109.0
3001757,44.814125
3001758,2427.75
3001759,4.5
3001760,0.625
3001761,23.5
3001762,13.25
3001763,0.0
3001764,186.25
3001765,0.0
3001766,0.0
3001767,12.0
3001768,44.0
3001769,0.5
3001770,253.45675
3001771,166.75
3001772,2.0
3001773,4.75
3001774,208.172125
3001775,31.5
3001776,1030.938875
3001777,0.0
3001778,0.5
3001779,3.125
3001780,0.625
3001781,1.5
3001782,1883.625
3001783,0.0
3001784,585.875
3001785,7.125
3001786,713.375
3001787,775.125
3001788,206.6635
3001789,98.375
3001790,61.6365
3001791,3024.09375
3001792,5.5
3001793,3.125
3001794,29.75
3001795,29.875
3001796,0.25
3001797,187.125
3001798,3.25
3001799,3.0
3001800,3.5
3001801,27.0
3001802,1.375
3001803,169.07037625
3001804,239.75
3001805,3.25
3001806,5.5
3001807,143.3864995
3001808,26.742125
3001809,572.18
3001810,2.75
3001811,4.75
3001812,3.875
3001813,0.0
3001814,0.625
3001815,1097.875
3001816,0.0
3001817,67.5
3001818,1.875
3001819,396.75
3001820,187.0
3001821,72.375
3001822,110.0
3001823,29.75
3001824,1504.375
3001825,2.375
3001826,0.75
3001827,10.125
3001828,7.875
3001829,0.25
3001830,90.375
3001831,0.0
3001832,0.0
3001833,0.25
3001834,9.0
3001835,0.0
3001836,164.4228775
3001837,70.875
3001838,0.875
3001839,1.875
3001840,29.070625125
3001841,13.5
3001842,286.447875
3001843,0.0
3001844,1.125
3001845,3.375
3001846,0.0
3001847,0.875
3001848,2814.625
3001849,0.0
3001850,372.375
3001851,5.375
3001852,780.625
3001853,637.625
3001854,204.44825
3001855,85.125
3001856,62.3117495
3001857,3336.533125
3001858,7.125
3001859,0.875
3001860,16.375
3001861,10.375
3001862,0.0
3001863,176.875
3001864,0.0
3001865,20.75
3001866,6.125
3001867,42.625
3001868,0.5
3001869,212.975875
3001870,198.375
3001871,3.25
3001872,4.625
3001873,98.91025
3001874,50.576750000000004
3001875,1015.618125
3001876,0.25
3001877,0.375
3001878,6.0
3001879,0.0
3001880,6.375
3001881,3081.25
3001882,0.0
3001883,578.2011249999999
3001884,8.0
3001885,1167.125
3001886,936.625
3001887,157.705125
3001888,140.875
3001889,126.17812500000001
3001890,4040.5
3001891,65.0
3001892,2.0
3001893,25.125
3001894,23.875
3001895,0.125
3001896,261.0
3001897,22.375
3001898,33.75
3001899,3.25
3001900,94.125
3001901,7.25
3001902,230.62987625
3001903,247.5
3001904,15.5
3001905,17.875
3001906,283.360875
3001907,79.1015
3001908,3930.8913875
3001909,0.0
3001910,14.288625
3001911,5.875
3001912,0.0
3001913,4.625
3001914,2700.75
3001915,0.0
3001916,490.8415
3001917,8.5
3001918,1318.75
3001919,840.5
3001920,134.719
3001921,89.625
3001922,146.25
3001923,3676.0
3001924,36.75
3001925,1.5
3001926,37.875
3001927,77.625
3001928,0.125
3001929,301.0
3001930,15.875
3001931,23.5
3001932,9.25
3001933,185.875
3001934,8.75
3001935,205.45700125
3001936,524.375
3001937,8.625
3001938,10.125
3001939,123.855375625
3001940,70.814999875
3001941,3049.273875
3001942,0.0
3001943,12.7493749625
3001944,6.375
3001945,0.25
3001946,3.5
3001947,3733.125
3001948,0.0
3001949,654.75
3001950,5.875
3001951,1724.0
3001952,693.25
3001953,197.35225
3001954,244.375
3001955,61.625
3001956,4713.0517500000005
3001957,30.75
3001958,1.125
3001959,18.375
3001960,16.625
3001961,0.375
3001962,303.25
3001963,3.25
3001964,16.875
3001965,6.0
3001966,54.75
3001967,2.5
3001968,148.26387625
3001969,273.625
3001970,6.75
3001971,8.25
3001972,198.397875
3001973,58.37837525
3001974,1389.079
3001975,1.75
3001976,13.996999875
3001977,3.75
3001978,0.375
3001979,5.375
3001980,2369.5
3001981,0.0
3001982,357.752
3001983,5.375
3001984,836.875
3001985,735.75
3001986,168.00150000000002
3001987,131.0
3001988,84.473
3001989,3159.5
3001990,24.625
3001991,1.875
3001992,13.375
3001993,12.125
3001994,0.0
3001995,213.0
3001996,17.25
3001997,26.375
3001998,1.25
3001999,51.375
3002000,5.875
3002001,345.617125
3002002,204.375
3002003,5.5
3002004,9.375
3002005,333.872375
3002006,49.54437475
3002007,3064.5113875
3002008,0.0
3002009,21.874625
3002010,2.875
3002011,0.25
3002012,2.125
3002013,3876.875
3002014,0.0
3002015,362.5
3002016,16.0
3002017,1569.0
3002018,863.625
3002019,268.375
3002020,180.375
3002021,53.244749999999996
3002022,4804.75
3002023,11.5
3002024,2.75
3002025,28.375
3002026,19.375
3002027,0.125
3002028,385.125
3002029,0.0
3002030,0.0
3002031,11.0
3002032,37.5
3002033,1.625
3002034,140.69575125
3002035,302.625
3002036,3.75
3002037,8.5
3002038,166.5107475
3002039,58.875
3002040,988.7624999999999
3002041,0.0
3002042,4.625
3002043,7.375
3002044,0.0
3002045,7.5
3002046,2473.75
3002047,0.0
3002048,468.44375249999996
3002049,7.875
3002050,1083.375
3002051,713.375
3002052,219.73112625
3002053,130.125
3002054,127.441
3002055,4031.875
3002056,31.0
3002057,1.375
3002058,23.375
3002059,43.5
3002060,0.25
3002061,236.375
3002062,12.375
3002063,25.5
3002064,8.0
3002065,129.625
3002066,8.75
3002067,194.9722525
3002068,499.75
3002069,12.875
3002070,6.875
3002071,193.96175
3002072,73.904125
3002073,2862.334
3002074,0.375
3002075,7.6235
3002076,2.625
3002077,0.0
3002078,4.375
3002079,2749.375
3002080,0.0
3002081,485.364875
3002082,10.75
3002083,789.125
3002084,820.125
3002085,159.594375
3002086,134.375
3002087,114.35737499999999
3002088,3217.25
3002089,33.75
3002090,0.375
3002091,16.875
3002092,22.375
3002093,0.5
3002094,216.75
3002095,15.125
3002096,42.5
3002097,5.625
3002098,56.125
3002099,8.0
3002100,229.70474875
3002101,213.125
3002102,9.5
3002103,9.125
3002104,253.35512500000002
3002105,59.99287525
3002106,3375.484
3002107,0.125
3002108,15.301374875
3002109,4.375
3002110,0.0
3002111,3.625
3002112,4328.75
3002113,0.0
3002114,510.25
3002115,9.5
3002116,1025.375
3002117,670.625
3002118,244.400125
3002119,157.875
3002120,45.7327495
3002121,4080.890625
3002122,9.125
3002123,0.25
3002124,10.625
3002125,17.25
3002126,0.0
3002127,226.875
3002128,0.0
3002129,8.125
3002130,0.75
3002131,54.75
3002132,4.75
3002133,198.06562375000001
3002134,249.5
3002135,3.625
3002136,1.125
3002137,245.8976275
3002138,126.551375
3002139,1044.37225
3002140,2.875
3002141,0.375
3002142,14.375
3002143,0.0
3002144,14.0
3002145,8569.625
3002146,0.0
3002147,1604.106375
3002148,33.0
3002149,2747.875
3002150,2389.125
3002151,492.5568725
3002152,572.0
3002153,408.311625
3002154,9288.75
3002155,108.875
3002156,4.5
3002157,103.5
3002158,128.125
3002159,0.75
3002160,669.875
3002161,29.125
3002162,23.875
3002163,17.625
3002164,253.875
3002165,19.125
3002166,768.649
3002167,501.75
3002168,38.375
3002169,35.5
3002170,1072.20812875
3002171,325.2948725
3002172,12699.44075
3002173,73.0
3002174,75.948
3002175,14.625
3002176,0.0
3002177,9.875
3002178,8008.75
3002179,0.0
3002180,1139.643
3002181,28.375
3002182,2440.75
3002183,2017.0
3002184,586.4594999999999
3002185,323.125
3002186,269.407625
3002187,10114.875
3002188,136.125
3002189,1.375
3002190,71.25
3002191,74.0
3002192,1.0
3002193,598.5
3002194,14.5
3002195,37.875
3002196,4.0
3002197,171.125
3002198,13.75
3002199,882.43975375
3002200,626.25
3002201,18.875
3002202,25.875
3002203,1052.4908625
3002204,258.86787125
3002205,8000.574625
3002206,152.25
3002207,77.687875625
3002208,9.375
3002209,0.0
3002210,13.625
3002211,4923.625
3002212,0.125
3002213,873.5
3002214,12.875
3002215,2211.5
3002216,1312.25
3002217,634.087125
3002218,120.875
3002219,194.318875
3002220,8317.0
3002221,39.75
3002222,1.625
3002223,34.125
3002224,27.5
3002225,0.25
3002226,546.875
3002227,21.625
3002228,25.125
3002229,8.375
3002230,86.625
3002231,7.875
3002232,961.682625
3002233,607.875
3002234,20.375
3002235,37.875
3002236,607.43325
3002237,139.15287625
3002238,3332.448375
3002239,73.625
3002240,36.582875
3002241,12.125
3002242,0.0
3002243,16.375
3002244,7217.375
3002245,0.0
3002246,1056.17275
3002247,22.875
3002248,2174.125
3002249,2032.125
3002250,558.008875
3002251,314.875
3002252,223.31725
3002253,9610.5
3002254,54.25
3002255,2.875
3002256,66.125
3002257,67.75
3002258,1.5
3002259,558.0
3002260,22.375
3002261,34.0
3002262,5.25
3002263,156.125
3002264,10.125
3002265,743.414
3002266,582.625
3002267,22.75
3002268,27.875
3002269,923.21325
3002270,197.50350375
3002271,7037.180625
3002272,118.0
3002273,55.645874750000004
3002274,10.5
3002275,0.0
3002276,15.5
3002277,3716.375
3002278,0.0
3002279,671.125
3002280,16.75
3002281,1845.625
3002282,1060.625
3002283,521.494875
3002284,97.5
3002285,152.01225
3002286,6711.125
3002287,42.25
3002288,0.125
3002289,24.75
3002290,34.5
3002291,0.625
3002292,509.75
3002293,15.375
3002294,10.75
3002295,2.25
3002296,86.125
3002297,3.125
3002298,713.19312125
3002299,741.25
3002300,15.125
3002301,20.625
3002302,606.88
3002303,81.996000625
3002304,2297.5545
3002305,97.125
3002306,16.757
3002307,10.125
3002308,0.0
3002309,12.125
3002310,6472.75
3002311,0.0
3002312,1281.89425
3002313,22.75
3002314,2021.875
3002315,2220.75
3002316,393.180125
3002317,468.375
3002318,361.758
3002319,8050.125
3002320,74.25
3002321,1.5
3002322,51.375
3002323,63.375
3002324,2.0
3002325,474.125
3002326,13.5
3002327,37.125
3002328,6.75
3002329,192.125
3002330,14.625
3002331,698.3515
3002332,468.875
3002333,17.25
3002334,28.25
3002335,953.29175
3002336,242.7845
3002337,10591.59175
3002338,84.75
3002339,78.541875375
3002340,4.5
3002341,0.25
3002342,5.375
3002343,1888.375
3002344,0.0
3002345,354.890625
3002346,18.375
3002347,970.0
3002348,562.75
3002349,214.154625
3002350,90.125
3002351,83.4853745
3002352,2985.875
3002353,43.5
3002354,1.5
3002355,33.75
3002356,20.875
3002357,0.625
3002358,213.5
3002359,13.75
3002360,10.125
3002361,11.375
3002362,45.75
3002363,5.625
3002364,235.76800125
3002365,228.0
3002366,3.625
3002367,8.375
3002368,222.4685025
3002369,52.18762475
3002370,2106.7635
3002371,1.25
3002372,11.2729999625
3002373,8.375
3002374,0.0
3002375,11.625
3002376,3944.5
3002377,0.0
3002378,587.8525
3002379,30.0
3002380,1585.5
3002381,1017.875
3002382,433.1617525
3002383,94.25
3002384,137.46224999999998
3002385,6173.375
3002386,94.25
3002387,2.5
3002388,44.25
3002389,35.25
3002390,0.625
3002391,398.75
3002392,14.0
3002393,9.375
3002394,2.5
3002395,113.5
3002396,6.375
3002397,605.0604999999999
3002398,451.375
3002399,9.875
3002400,20.75
3002401,365.4134975
3002402,78.29825062500001
3002403,2606.004875
3002404,113.875
3002405,16.721625125
3002406,7.375
3002407,0.0
3002408,5.25
3002409,4505.875
3002410,0.0
3002411,915.090375
3002412,10.375
3002413,1615.625
3002414,1707.75
3002415,233.37075
3002416,365.375
3002417,239.561375
3002418,5593.75
3002419,39.25
3002420,1.375
3002421,42.75
3002422,51.625
3002423,1.0
3002424,352.0
3002425,2.375
3002426,51.375
3002427,6.0
3002428,121.625
3002429,10.875
3002430,613.528375
3002431,287.125
3002432,20.5
3002433,12.375
3002434,733.618375
3002435,122.581374
3002436,8530.832999999999
3002437,5.5
3002438,44.89650025
3002439,12.5
3002440,0.0
3002441,7.125
3002442,4237.75
3002443,0.0
3002444,785.3636250000001
3002445,9.125
3002446,1688.625
3002447,1161.25
3002448,313.93825
3002449,217.5
3002450,286.652375
3002451,5682.75
3002452,44.25
3002453,3.25
3002454,43.0
3002455,41.25
3002456,0.5
3002457,334.25
3002458,5.875
3002459,55.875
3002460,10.0
3002461,197.75
3002462,6.75
3002463,436.85175
3002464,321.875
3002465,12.5
3002466,28.0
3002467,474.9055
3002468,138.066
3002469,7500.693
3002470,3.75
3002471,8.142
3002472,9.125
3002473,0.375
3002474,5.125
3002475,2304.125
3002476,0.0
3002477,464.796125
3002478,5.25
3002479,1089.625
3002480,538.125
3002481,211.46725
3002482,92.5
3002483,104.5715
3002484,3153.875
3002485,14.75
3002486,2.5
3002487,29.375
3002488,39.375
3002489,0.0
3002490,215.375
3002491,5.25
3002492,16.0
3002493,5.5
3002494,52.125
3002495,3.25
3002496,265.69237499999997
3002497,240.75
3002498,3.75
3002499,6.125
3002500,179.64450125
3002501,100.169
3002502,2948.0426125
3002503,0.375
3002504,3.125
3002505,5.375
3002506,0.0
3002507,1.375
3002508,2169.125
3002509,0.0
3002510,218.875
3002511,2.875
3002512,817.25
3002513,247.625
3002514,193.13075
3002515,63.125
3002516,23.5
3002517,2602.5
3002518,5.125
3002519,0.875
3002520,15.5
3002521,9.375
3002522,0.0
3002523,184.625
3002524,0.0
3002525,0.0
3002526,3.75
3002527,13.0
3002528,1.0
3002529,43.645000124999996
3002530,158.5
3002531,0.0
3002532,1.875
3002533,49.70925
3002534,85.625
3002535,538.7302500000001
3002536,0.0
3002537,2.875
3002538,5.5
3002539,0.0
3002540,8.125
3002541,3256.125
3002542,0.0
3002543,527.5875
3002544,13.625
3002545,1204.375
3002546,938.625
3002547,308.9145
3002548,172.875
3002549,130.206875
3002550,4584.375
3002551,35.25
3002552,0.75
3002553,22.5
3002554,43.0
3002555,0.125
3002556,303.875
3002557,20.375
3002558,18.375
3002559,8.875
3002560,55.5
3002561,5.5
3002562,415.5763775
3002563,291.125
3002564,9.375
3002565,13.375
3002566,467.78999749999997
3002567,81.618375
3002568,3578.3855
3002569,0.0
3002570,34.014125375
3002571,8.75
3002572,0.0
3002573,5.875
3002574,4384.75
3002575,0.25
3002576,727.8797500000001
3002577,16.75
3002578,1268.25
3002579,1442.125
3002580,197.85225
3002581,302.0
3002582,213.143625
3002583,4514.5
3002584,49.875
3002585,4.75
3002586,31.375
3002587,27.75
3002588,1.375
3002589,293.0
3002590,12.5
3002591,45.25
3002592,6.875
3002593,122.5
3002594,10.5
3002595,480.4508725
3002596,275.375
3002597,7.375
3002598,14.625
3002599,705.15674875
3002600,148.915
3002601,7253.04775
3002602,0.125
3002603,50.22549975
3002604,5.75
3002605,0.25
3002606,10.375
3002607,4393.5
3002608,0.0
3002609,846.654125
3002610,21.0
3002611,1350.25
3002612,1437.75
3002613,248.1539975
3002614,308.75
3002615,165.000625
3002616,4891.75
3002617,34.5
3002618,4.875
3002619,45.5
3002620,83.0
3002621,0.625
3002622,351.625
3002623,31.375
3002624,47.125
3002625,14.5
3002626,122.0
3002627,14.375
3002628,390.602625
3002629,287.375
3002630,17.875
3002631,21.25
3002632,533.6584975
3002633,145.80537375
3002634,6563.556537500001
3002635,0.625
3002636,40.38949975
3002637,8.0
3002638,0.25
3002639,5.25
3002640,2752.125
3002641,0.0
3002642,449.75
3002643,15.375
3002644,1398.0
3002645,788.875
3002646,452.237625
3002647,149.125
3002648,82.921875
3002649,5553.436625
3002650,8.25
3002651,1.0
3002652,39.875
3002653,36.375
3002654,0.25
3002655,395.125
3002656,8.625
3002657,5.5
3002658,7.25
3002659,38.375
3002660,2.625
3002661,312.3345
3002662,382.5
3002663,8.375
3002664,6.75
3002665,343.53625
3002666,95.714
3002667,1255.944625
3002668,31.0
3002669,16.0645
3002670,4.625
3002671,0.0
3002672,4.375
3002673,2096.625
3002674,0.0
3002675,348.63937500000003
3002676,16.0
3002677,701.125
3002678,694.25
3002679,121.6353745
3002680,125.125
3002681,136.231249375
3002682,2506.125
3002683,24.875
3002684,2.625
3002685,24.125
3002686,27.5
3002687,1.125
3002688,167.25
3002689,12.75
3002690,16.5
3002691,5.875
3002692,93.0
3002693,6.625
3002694,265.98200125
3002695,137.5
3002696,5.875
3002697,8.0
3002698,293.133625
3002699,72.18312449999999
3002700,2221.7868625
3002701,0.0
3002702,24.966625
3002703,1.875
3002704,0.0
3002705,1.75
3002706,1162.5
3002707,0.0
3002708,83.875
3002709,3.5
3002710,801.875
3002711,236.375
3002712,207.5
3002713,18.375
3002714,24.214875
3002715,2293.625
3002716,3.25
3002717,0.125
3002718,10.25
3002719,4.375
3002720,0.0
3002721,139.75
3002722,2.75
3002723,0.0
3002724,1.125
3002725,9.375
3002726,0.375
3002727,227.54212625
3002728,148.0
3002729,0.375
3002730,3.125
3002731,109.105999375
3002732,28.75
3002733,212.84599875
3002734,0.0
3002735,0.625
3002736,8.375
3002737,0.25
3002738,5.25
3002739,3928.375
3002740,0.0
3002741,679.125
3002742,14.375
3002743,1519.25
3002744,569.375
3002745,437.03024999999997
3002746,158.125
3002747,70.10062500000001
3002748,6178.565375
3002749,33.0
3002750,0.625
3002751,18.125
3002752,18.0
3002753,0.125
3002754,412.25
3002755,14.625
3002756,2.5
3002757,10.75
3002758,49.125
3002759,1.75
3002760,913.46561
3002761,324.75
3002762,2.75
3002763,12.375
3002764,279.04074625
3002765,117.29287500000001
3002766,1194.18575
3002767,9.125
3002768,7.25
3002769,5.5
3002770,0.0
3002771,1.125
3002772,1376.125
3002773,0.0
3002774,166.0
3002775,6.75
3002776,856.625
3002777,373.125
3002778,202.875
3002779,82.5
3002780,42.6905
3002781,2736.0
3002782,8.875
3002783,0.75
3002784,17.125
3002785,18.0
3002786,0.125
3002787,165.625
3002788,6.125
3002789,0.0
3002790,4.25
3002791,43.875
3002792,1.625
3002793,209.472
3002794,158.25
3002795,2.0
3002796,6.125
3002797,169.09424875
3002798,37.125
3002799,342.0761275
3002800,1.0
3002801,3.5
3002802,4.25
3002803,0.0
3002804,3.0
3002805,1288.125
3002806,0.0
3002807,100.625
3002808,7.875
3002809,992.875
3002810,228.0
3002811,119.875
3002812,34.625
3002813,26.625
3002814,2395.625
3002815,11.5
3002816,0.0
3002817,15.5
3002818,10.875
3002819,0.0
3002820,116.875
3002821,1.875
3002822,0.0
3002823,2.75
3002824,28.625
3002825,1.0
3002826,179.71400125
3002827,159.125
3002828,0.5
3002829,6.125
3002830,94.294498625
3002831,25.5
3002832,165.868375
3002833,0.5
3002834,2.125
3002835,3.5
3002836,0.0
3002837,2.875
3002838,1272.875
3002839,0.0
3002840,154.75
3002841,6.375
3002842,1652.0
3002843,357.625
3002844,255.0
3002845,31.5
3002846,38.928125
3002847,2570.5
3002848,13.875
3002849,0.5
3002850,16.75
3002851,18.625
3002852,0.0
3002853,197.375
3002854,1.75
3002855,0.0
3002856,4.375
3002857,16.5
3002858,1.75
3002859,424.55600125
3002860,211.25
3002861,0.5
3002862,4.5
3002863,89.81224999999999
3002864,101.875
3002865,367.580625
3002866,1.625
3002867,6.5
3002868,3.0
3002869,1.0
3002870,4.0
3002871,1735.125
3002872,0.0
3002873,154.625
3002874,2.125
3002875,890.25
3002876,334.875
3002877,262.375
3002878,84.125
3002879,73.148625
3002880,2744.5
3002881,5.375
3002882,0.875
3002883,12.0
3002884,21.25
3002885,0.0
3002886,211.0
3002887,8.875
3002888,0.0
3002889,4.25
3002890,23.375
3002891,0.75
3002892,157.24912375
3002893,186.625
3002894,1.25
3002895,4.75
3002896,119.3609995
3002897,45.5
3002898,582.367375
3002899,0.375
3002900,5.875
3002901,4.25
3002902,0.25
3002903,0.625
3002904,1154.375
3002905,0.0
3002906,119.375
3002907,4.625
3002908,895.375
3002909,198.0
3002910,129.75
3002911,116.125
3002912,25.6615
3002913,1664.5
3002914,6.375
3002915,0.375
3002916,8.5
3002917,11.25
3002918,0.0
3002919,181.75
3002920,0.0
3002921,0.0
3002922,2.125
3002923,82.0
3002924,1.0
3002925,54.217
3002926,108.625
3002927,0.25
3002928,2.5
3002929,65.51287525
3002930,30.625
3002931,404.8429975
3002932,0.0
3002933,0.75
3002934,7.375
3002935,0.125
3002936,2.75
3002937,2610.5
3002938,0.0
3002939,274.0
3002940,8.625
3002941,854.125
3002942,546.875
3002943,411.5
3002944,158.5
3002945,81.040625
3002946,3648.25
3002947,14.75
3002948,0.875
3002949,19.0
3002950,21.625
3002951,0.125
3002952,230.0
3002953,0.5
3002954,0.0
3002955,8.75
3002956,32.5
3002957,3.0
3002958,295.9406275
3002959,212.625
3002960,2.0
3002961,6.25
3002962,273.195125
3002963,58.125
3002964,1080.70325
3002965,0.625
3002966,9.875
3002967,5.0
3002968,0.25
3002969,4.75
3002970,1847.125
3002971,0.0
3002972,540.25
3002973,8.75
3002974,505.75
3002975,560.0
3002976,172.37075
3002977,139.25
3002978,53.37125
3002979,2431.78125
3002980,9.375
3002981,1.25
3002982,18.125
3002983,11.0
3002984,0.625
3002985,161.5
3002986,9.375
3002987,7.375
3002988,4.125
3002989,54.125
3002990,2.25
3002991,260.739375
3002992,127.125
3002993,4.75
3002994,5.75
3002995,145.96325000000002
3002996,59.014375
3002997,1278.6735
3002998,12.25
3002999,7.99925
3003000,4.25
3003001,0.5
3003002,2.375
3003003,1850.875
3003004,0.0
3003005,137.125
3003006,6.375
3003007,726.875
3003008,278.125
3003009,232.875
3003010,46.0
3003011,44.25
3003012,2604.0
3003013,25.0
3003014,1.75
3003015,16.875
3003016,8.0
3003017,0.125
3003018,146.125
3003019,5.375
3003020,0.0
3003021,4.375
3003022,37.625
3003023,1.625
3003024,125.3339975
3003025,153.0
3003026,0.5
3003027,5.625
3003028,186.10487375
3003029,25.5
3003030,392.0381225
3003031,1.0
3003032,4.75
3003033,5.75
3003034,0.0
3003035,5.875
3003036,2548.0
3003037,0.0
3003038,540.022
3003039,12.375
3003040,823.5
3003041,690.875
3003042,175.71775
3003043,134.5
3003044,89.169625
3003045,3244.375
3003046,36.0
3003047,1.75
3003048,13.5
3003049,24.375
3003050,0.375
3003051,222.75
3003052,21.75
3003053,11.875
3003054,9.625
3003055,69.75
3003056,5.875
3003057,436.3795
3003058,187.625
3003059,7.875
3003060,5.125
3003061,369.52625
3003062,98.6008755
3003063,1847.587625
3003064,0.0
3003065,26.920375
3003066,4.875
3003067,0.125
3003068,4.5
3003069,3084.125
3003070,0.0
3003071,405.75
3003072,6.5
3003073,1171.0
3003074,586.5
3003075,505.4975
3003076,84.375
3003077,67.365375
3003078,4641.38975
3003079,14.25
3003080,0.625
3003081,15.125
3003082,11.0
3003083,0.0
3003084,285.125
3003085,3.25
3003086,4.875
3003087,3.0
3003088,48.0
3003089,0.875
3003090,747.071375
3003091,296.0
3003092,3.875
3003093,3.625
3003094,217.06225375
3003095,52.492249375
3003096,789.9955
3003097,8.625
3003098,9.0537500375
3003099,10.125
3003100,0.375
3003101,3.25
3003102,2120.625
3003103,0.0
3003104,321.25
3003105,7.625
3003106,1710.125
3003107,419.5
3003108,217.949
3003109,192.0
3003110,66.945875
3003111,3087.1875
3003112,10.0
3003113,1.25
3003114,26.75
3003115,20.375
3003116,0.125
3003117,245.75
3003118,2.875
3003119,1.5
3003120,8.25
3003121,70.75
3003122,0.75
3003123,111.072625
3003124,201.625
3003125,2.625
3003126,3.875
3003127,131.1852495
3003128,130.791875
3003129,861.42075
3003130,0.375
3003131,3.75
3003132,3.875
3003133,0.0
3003134,2.5
3003135,1549.25
3003136,0.0
3003137,137.125
3003138,8.0
3003139,675.625
3003140,296.625
3003141,137.375
3003142,48.75
3003143,54.8808755
3003144,2626.5
3003145,13.0
3003146,0.25
3003147,20.25
3003148,17.125
3003149,0.25
3003150,149.5
3003151,0.625
3003152,0.0
3003153,3.5
3003154,91.375
3003155,1.375
3003156,114.320375
3003157,137.125
3003158,1.5
3003159,6.25
3003160,124.04837625
3003161,38.875
3003162,455.17875000000004
3003163,1.5
3003164,4.375
3003165,2.75
3003166,0.0
3003167,2.0
3003168,1307.875
3003169,0.0
3003170,260.34574875
3003171,19.0
3003172,511.75
3003173,452.0
3003174,110.4261245
3003175,44.875
3003176,61.034625
3003177,1915.875
3003178,31.5
3003179,0.625
3003180,17.875
3003181,7.875
3003182,0.125
3003183,118.125
3003184,7.375
3003185,2.625
3003186,2.625
3003187,47.0
3003188,3.125
3003189,806.75274625
3003190,133.5
3003191,3.0
3003192,6.75
3003193,257.355
3003194,31.327125
3003195,996.658375
3003196,0.0
3003197,7.066375
3003198,4.0
3003199,0.125
3003200,3.75
3003201,2936.875
3003202,0.125
3003203,658.163375
3003204,19.375
3003205,1059.875
3003206,1101.5
3003207,223.56925
3003208,173.0
3003209,151.651625
3003210,3529.125
3003211,44.0
3003212,0.5
3003213,18.875
3003214,35.0
3003215,0.25
3003216,226.5
3003217,8.875
3003218,40.5
3003219,10.125
3003220,75.875
3003221,13.125
3003222,315.6892525
3003223,230.5
3003224,16.625
3003225,9.875
3003226,442.603875
3003227,105.608624
3003228,3027.9105
3003229,0.0
3003230,18.4598750625
3003231,4.125
3003232,0.0
3003233,1.875
3003234,1842.25
3003235,0.0
3003236,286.88537625000004
3003237,7.0
3003238,378.25
3003239,463.5
3003240,108.96362500000001
3003241,97.5
3003242,63.072500000000005
3003243,1529.0
3003244,16.75
3003245,0.125
3003246,11.5
3003247,16.0
3003248,0.125
3003249,88.0
3003250,0.0
3003251,22.625
3003252,2.875
3003253,163.25
3003254,4.5
3003255,161.99599750000002
3003256,84.375
3003257,5.0
3003258,6.375
3003259,140.2225
3003260,30.733625
3003261,1159.179875
3003262,0.375
3003263,1.625
3003264,2.75
3003265,0.0
3003266,0.25
3003267,588.125
3003268,0.0
3003269,150.375
3003270,4.5
3003271,280.125
3003272,173.25
3003273,50.405625
3003274,23.0
3003275,32.71162525
3003276,1036.125
3003277,9.625
3003278,0.5
3003279,8.125
3003280,7.0
3003281,0.375
3003282,60.75
3003283,0.0
3003284,6.0
3003285,0.875
3003286,22.125
3003287,0.0
3003288,187.47275
3003289,81.25
3003290,1.75
3003291,1.25
3003292,91.83387450000001
3003293,12.625
3003294,350.2914975
3003295,0.625
3003296,2.5
3003297,5.5
3003298,0.125
3003299,1.5
3003300,2189.375
3003301,0.125
3003302,463.96862500000003
3003303,13.375
3003304,639.875
3003305,721.625
3003306,205.460375
3003307,171.375
3003308,89.6148755
3003309,2789.125
3003310,20.125
3003311,2.125
3003312,37.625
3003313,20.75
3003314,0.5
3003315,176.0
3003316,4.125
3003317,25.75
3003318,6.25
3003319,93.0
3003320,4.125
3003321,212.0095
3003322,159.0
3003323,8.25
3003324,5.375
3003325,265.547875
3003326,60.3252495
3003327,1881.958375
3003328,1.625
3003329,9.139125
3003330,7.25
3003331,0.0
3003332,2.375
3003333,2492.0
3003334,0.0
3003335,463.5
3003336,8.375
3003337,1029.375
3003338,634.0
3003339,305.62375
3003340,178.5
3003341,56.489750625
3003342,3607.6396250000003
3003343,8.875
3003344,0.5
3003345,31.25
3003346,15.5
3003347,0.875
3003348,238.75
3003349,0.0
3003350,6.125
3003351,3.125
3003352,40.5
3003353,1.0
3003354,298.5916225
3003355,238.5
3003356,3.25
3003357,3.375
3003358,164.11174875
3003359,70.3455
3003360,1178.1466249999999
3003361,2.875
3003362,1.875
3003363,6.125
3003364,0.375
3003365,2.125
3003366,2446.625
3003367,0.0
3003368,478.25
3003369,12.75
3003370,790.0
3003371,511.75
3003372,216.6135
3003373,152.0
3003374,48.860625
3003375,3135.48725
3003376,10.25
3003377,0.5
3003378,21.5
3003379,19.25
3003380,0.5
3003381,213.625
3003382,0.0
3003383,5.0
3003384,5.25
3003385,76.5
3003386,1.0
3003387,137.49824825
3003388,182.875
3003389,4.625
3003390,3.75
3003391,154.56312624999998
3003392,47.607374750000005
3003393,889.6524999999999
3003394,1.75
3003395,4.0
3003396,7.75
3003397,1.5
3003398,9.75
3003399,6980.625
3003400,0.0
3003401,1013.2637500000001
3003402,109.75
3003403,1685.125
3003404,1654.125
3003405,287.60425
3003406,381.75
3003407,271.74525
3003408,6330.0
3003409,67.625
3003410,2.0
3003411,56.5
3003412,44.25
3003413,1.0
3003414,388.875
3003415,30.625
3003416,38.125
3003417,19.5
3003418,197.875
3003419,21.25
3003420,583.247625
3003421,378.0
3003422,15.0
3003423,18.625
3003424,876.135
3003425,239.79299875
3003426,6001.12925
3003427,1.375
3003428,60.314875
3003429,4.25
3003430,0.5
3003431,0.625
3003432,1369.0
3003433,0.0
3003434,149.125
3003435,5.75
3003436,1018.625
3003437,236.125
3003438,103.375
3003439,138.25
3003440,42.6215
3003441,2827.0
3003442,5.125
3003443,0.625
3003444,12.0
3003445,9.5
3003446,0.0
3003447,202.25
3003448,0.375
3003449,0.0
3003450,2.75
3003451,93.0
3003452,0.75
3003453,163.197375
3003454,99.625
3003455,2.0
3003456,6.125
3003457,114.22825
3003458,23.125
3003459,504.486375
3003460,0.125
3003461,5.0
3003462,6.375
3003463,0.125
3003464,1.75
3003465,2321.875
3003466,0.0
3003467,442.0
3003468,11.625
3003469,1375.0
3003470,495.25
3003471,195.3005
3003472,227.5
3003473,85.9385005
3003474,3692.520625
3003475,13.0
3003476,0.375
3003477,19.0
3003478,16.75
3003479,0.25
3003480,259.25
3003481,0.875
3003482,5.625
3003483,10.75
3003484,14.75
3003485,1.875
3003486,668.71825
3003487,213.5
3003488,2.75
3003489,4.625
3003490,145.8978725
3003491,48.67062475
3003492,1038.10874625
3003493,1.25
3003494,4.625
3003495,1.625
3003496,0.0
3003497,0.375
3003498,860.125
3003499,0.0
3003500,128.125
3003501,3.625
3003502,1437.75
3003503,139.375
3003504,86.625
3003505,175.125
3003506,17.369
3003507,1412.875
3003508,0.875
3003509,0.25
3003510,12.875
3003511,3.75
3003512,0.125
3003513,77.25
3003514,0.0
3003515,0.0
3003516,0.5
3003517,55.125
3003518,0.125
3003519,116.72312450000001
3003520,63.0
3003521,0.25
3003522,0.5
3003523,44.60425
3003524,11.25
3003525,157.371375
3003526,0.0
3003527,1.625
3003528,7.125
3003529,0.0
3003530,2.375
3003531,1987.0
3003532,0.0
3003533,199.25
3003534,20.75
3003535,931.0
3003536,324.125
3003537,160.125
3003538,118.375
3003539,53.28075
3003540,2709.875
3003541,3.375
3003542,0.875
3003543,26.0
3003544,15.0
3003545,0.375
3003546,201.25
3003547,0.0
3003548,0.0
3003549,12.625
3003550,32.75
3003551,1.5
3003552,395.2437525
3003553,184.375
3003554,2.25
3003555,3.25
3003556,198.75699875
3003557,22.5
3003558,1074.153
3003559,0.0
3003560,1.625
3003561,2.25
3003562,0.125
3003563,2.25
3003564,2104.125
3003565,0.0
3003566,574.25
3003567,8.375
3003568,760.25
3003569,525.375
3003570,200.505625
3003571,87.625
3003572,76.8095
3003573,3417.305625
3003574,7.5
3003575,4.0
3003576,23.375
3003577,35.125
3003578,0.0
3003579,189.375
3003580,2.0
3003581,7.125
3003582,4.0
3003583,39.625
3003584,1.75
3003585,240.83762625
3003586,214.5
3003587,3.5
3003588,7.75
3003589,128.09062625
3003590,32.414500000000004
3003591,583.6125
3003592,2.875
3003593,3.75
3003594,4.625
3003595,0.125
3003596,0.375
3003597,1134.125
3003598,0.0
3003599,83.125
3003600,2.0
3003601,393.125
3003602,150.625
3003603,69.0
3003604,76.75
3003605,35.114625000000004
3003606,1532.5
3003607,2.75
3003608,0.375
3003609,12.25
3003610,6.75
3003611,0.125
3003612,83.375
3003613,0.0
3003614,0.0
3003615,0.375
3003616,21.75
3003617,0.375
3003618,319.7751225
3003619,63.875
3003620,1.25
3003621,0.75
3003622,66.667875
3003623,12.625
3003624,323.026
3003625,0.125
3003626,0.5
3003627,5.0
3003628,0.0
3003629,0.875
3003630,2654.625
3003631,0.0
3003632,401.125
3003633,11.375
3003634,727.625
3003635,477.875
3003636,171.78025
3003637,165.875
3003638,63.493125
3003639,3133.5945
3003640,5.0
3003641,0.125
3003642,14.0
3003643,7.25
3003644,0.125
3003645,170.375
3003646,0.0
3003647,29.75
3003648,3.875
3003649,37.125
3003650,0.875
3003651,410.543375
3003652,165.625
3003653,1.375
3003654,2.875
3003655,117.635749375
3003656,40.403875
3003657,1065.2933625
3003658,1.0
3003659,0.375
3003660,3.25
3003661,0.0
3003662,4.375
3003663,2519.875
3003664,0.0
3003665,537.2715
3003666,9.5
3003667,912.875
3003668,815.75
3003669,150.2915
3003670,110.25
3003671,116.07900000000001
3003672,3481.0
3003673,60.75
3003674,1.25
3003675,30.125
3003676,36.75
3003677,0.0
3003678,223.25
3003679,19.75
3003680,28.25
3003681,1.75
3003682,103.625
3003683,7.25
3003684,216.27674875
3003685,215.75
3003686,13.125
3003687,11.875
3003688,249.84137
3003689,81.7033755
3003690,2383.390625
3003691,0.125
3003692,11.909874875
3003693,5.25
3003694,0.0
3003695,5.875
3003696,2217.0
3003697,0.0
3003698,367.292375
3003699,14.625
3003700,858.75
3003701,599.25
3003702,120.363375
3003703,64.625
3003704,96.515
3003705,2941.0
3003706,24.0
3003707,0.875
3003708,26.375
3003709,53.75
3003710,0.375
3003711,252.875
3003712,14.5
3003713,17.0
3003714,9.375
3003715,78.5
3003716,9.375
3003717,156.214375
3003718,263.125
3003719,5.875
3003720,11.0
3003721,111.17625
3003722,73.4848745
3003723,1632.563375
3003724,0.0
3003725,15.223874875
3003726,7.0
3003727,0.25
3003728,2.0
3003729,3189.625
3003730,0.0
3003731,663.625
3003732,9.25
3003733,2113.875
3003734,571.375
3003735,168.896625
3003736,239.375
3003737,62.860125
3003738,4882.26375
3003739,31.25
3003740,1.75
3003741,28.75
3003742,13.5
3003743,0.125
3003744,301.875
3003745,4.75
3003746,13.0
3003747,6.125
3003748,62.25
3003749,3.0
3003750,242.2575
3003751,283.25
3003752,7.75
3003753,9.5
3003754,230.958125
3003755,54.124875
3003756,1392.140875
3003757,3.875
3003758,13.635
3003759,3.375
3003760,0.25
3003761,2.625
3003762,1920.125
3003763,0.0
3003764,314.977125
3003765,7.625
3003766,643.125
3003767,597.75
3003768,160.517
3003769,101.125
3003770,66.52875
3003771,2619.5
3003772,19.0
3003773,1.375
3003774,8.5
3003775,13.25
3003776,0.375
3003777,192.625
3003778,14.875
3003779,14.75
3003780,0.625
3003781,60.625
3003782,5.375
3003783,274.90762625
3003784,172.375
3003785,4.5
3003786,8.125
3003787,263.43325
3003788,33.843249875
3003789,1607.404
3003790,0.0
3003791,18.8035
3003792,3.0
3003793,0.125
3003794,3.5
3003795,3762.75
3003796,0.0
3003797,330.25
3003798,6.25
3003799,1596.875
3003800,493.0
3003801,223.25
3003802,129.875
3003803,64.6125
3003804,4578.375
3003805,10.75
3003806,1.75
3003807,29.5
3003808,19.625
3003809,0.125
3003810,351.0
3003811,0.0
3003812,0.125
3003813,8.0
3003814,37.375
3003815,1.375
3003816,156.5761225
3003817,262.875
3003818,2.5
3003819,10.375
3003820,149.91325125
3003821,44.875
3003822,933.89075
3003823,0.0
3003824,5.625
3003825,4.625
3003826,0.0
3003827,6.5
3003828,1968.0
3003829,0.0
3003830,371.050125
3003831,14.75
3003832,1223.75
3003833,548.625
3003834,176.599125
3003835,93.75
3003836,141.0675
3003837,2877.875
3003838,26.25
3003839,1.125
3003840,24.125
3003841,24.0
3003842,0.25
3003843,179.0
3003844,14.125
3003845,16.0
3003846,9.875
3003847,112.875
3003848,8.125
3003849,163.02824875
3003850,241.5
3003851,9.75
3003852,6.5
3003853,145.86075
3003854,49.02625
3003855,1619.793125
3003856,0.5
3003857,6.5794999999999995
3003858,2.375
3003859,0.0
3003860,3.5
3003861,2133.375
3003862,0.0
3003863,408.380625
3003864,10.5
3003865,649.875
3003866,717.125
3003867,142.13400000000001
3003868,112.75
3003869,97.324
3003870,2682.25
3003871,26.25
3003872,0.5
3003873,18.875
3003874,13.125
3003875,0.25
3003876,170.5
3003877,14.875
3003878,32.875
3003879,4.75
3003880,76.375
3003881,7.5
3003882,218.088875
3003883,163.375
3003884,7.625
3003885,9.375
3003886,197.76525
3003887,51.895124625
3003888,2021.4705
3003889,0.0
3003890,12.04912495
3003891,4.625
3003892,0.375
3003893,2.5
3003894,4138.25
3003895,0.0
3003896,483.25
3003897,14.25
3003898,1019.75
3003899,531.625
3003900,218.947875
3003901,136.0
3003902,51.684124999999995
3003903,3842.04775
3003904,7.75
3003905,0.25
3003906,10.125
3003907,17.0
3003908,0.25
3003909,191.75
3003910,0.0
3003911,9.375
3003912,1.125
3003913,71.25
3003914,3.0
3003915,233.005375
3003916,260.0
3003917,2.5
3003918,1.625
3003919,193.039875
3003920,127.19225
3003921,1055.62925
3003922,3.75
3003923,0.875
3003924,16.0
3003925,0.0
3003926,9.625
3003927,7462.5
3003928,0.0
3003929,1289.299625
3003930,40.375
3003931,2036.0
3003932,1907.125
3003933,390.735625
3003934,413.75
3003935,389.5221275
3003936,7562.625
3003937,83.625
3003938,5.375
3003939,172.125
3003940,91.0
3003941,0.375
3003942,524.0
3003943,21.875
3003944,21.875
3003945,16.875
3003946,311.125
3003947,21.0
3003948,661.125375
3003949,371.625
3003950,30.875
3003951,32.125
3003952,894.565125
3003953,321.80325
3003954,6728.210375
3003955,83.0
3003956,65.492
3003957,10.0
3003958,0.0
3003959,8.875
3003960,6872.625
3003961,0.0
3003962,942.02175
3003963,34.75
3003964,2056.125
3003965,1697.375
3003966,521.8675000000001
3003967,261.0
3003968,247.246625
3003969,8210.625
3003970,125.5
3003971,1.25
3003972,66.875
3003973,66.25
3003974,0.375
3003975,491.5
3003976,17.375
3003977,38.625
3003978,5.0
3003979,205.5
3003980,14.625
3003981,808.88837875
3003982,483.375
3003983,17.25
3003984,21.5
3003985,856.109
3003986,199.35675125
3003987,4558.789125
3003988,108.125
3003989,52.226875
3003990,10.75
3003991,0.0
3003992,14.25
3003993,4411.625
3003994,0.25
3003995,754.25
3003996,15.625
3003997,1870.875
3003998,1188.0
3003999,609.6793749999999
3004000,97.125
3004001,193.970625
3004002,7184.375
3004003,35.5
3004004,1.25
3004005,31.75
3004006,16.375
3004007,0.625
3004008,477.25
3004009,19.0
3004010,18.375
3004011,7.5
3004012,103.875
3004013,9.25
3004014,812.27899625
3004015,510.875
3004016,18.75
3004017,29.625
3004018,562.282625
3004019,115.80512625
3004020,2003.802125
3004021,69.75
3004022,35.402375375
3004023,16.125
3004024,0.0
3004025,14.25
3004026,6287.75
3004027,0.0
3004028,935.748875
3004029,27.25
3004030,2018.75
3004031,1689.0
3004032,495.01300000000003
3004033,257.25
3004034,205.7725
3004035,8249.125
3004036,50.375
3004037,1.625
3004038,55.5
3004039,71.0
3004040,0.375
3004041,542.25
3004042,23.375
3004043,34.0
3004044,4.0
3004045,167.0
3004046,12.25
3004047,696.893
3004048,530.25
3004049,23.125
3004050,24.25
3004051,847.359375
3004052,186.59425000000002
3004053,4337.317625
3004054,89.625
3004055,54.066625
3004056,11.0
3004057,0.0
3004058,15.0
3004059,3516.125
3004060,0.125
3004061,620.625
3004062,14.75
3004063,1676.625
3004064,948.75
3004065,475.12562499999996
3004066,74.125
3004067,148.534125
3004068,6212.25
3004069,42.5
3004070,0.0
3004071,25.25
3004072,23.625
3004073,0.5
3004074,434.0
3004075,14.75
3004076,8.5
3004077,2.125
3004078,109.5
3004079,2.875
3004080,622.03825375
3004081,521.125
3004082,15.0
3004083,16.75
3004084,585.52762875
3004085,75.125
3004086,1346.26825
3004087,114.125
3004088,16.646625
3004089,11.25
3004090,0.0
3004091,9.125
3004092,5605.75
3004093,0.0
3004094,944.34625
3004095,27.25
3004096,1535.375
3004097,1772.75
3004098,338.1015
3004099,365.5
3004100,285.609125
3004101,6201.875
3004102,63.75
3004103,2.0
3004104,93.625
3004105,43.375
3004106,0.625
3004107,370.625
3004108,11.75
3004109,26.0
3004110,10.375
3004111,243.875
3004112,11.125
3004113,626.28275
3004114,362.125
3004115,17.25
3004116,27.875
3004117,763.88550375
3004118,193.416875
3004119,5929.478875
3004120,61.25
3004121,63.3881255
3004122,5.875
3004123,0.125
3004124,5.125
3004125,1501.625
3004126,0.0
3004127,299.37975
3004128,22.25
3004129,1062.0
3004130,472.375
3004131,203.097875
3004132,62.125
3004133,85.06975
3004134,2531.5
3004135,35.5
3004136,0.75
3004137,26.125
3004138,25.25
3004139,0.375
3004140,201.375
3004141,8.875
3004142,8.875
3004143,10.5
3004144,55.625
3004145,5.125
3004146,222.6325
3004147,190.25
3004148,2.0
3004149,8.0
3004150,177.97225
3004151,58.842
3004152,1310.1196375
3004153,1.0
3004154,10.8123749625
3004155,8.0
3004156,0.0
3004157,11.625
3004158,3689.125
3004159,0.0
3004160,517.26075
3004161,32.5
3004162,1419.0
3004163,927.0
3004164,393.4055
3004165,80.5
3004166,175.09587375
3004167,5505.875
3004168,93.0
3004169,0.625
3004170,48.0
3004171,32.75
3004172,0.25
3004173,366.875
3004174,10.375
3004175,7.25
3004176,2.125
3004177,130.0
3004178,6.75
3004179,439.3237525
3004180,403.875
3004181,9.875
3004182,14.625
3004183,317.4278725
3004184,77.3840005
3004185,1813.2472500000001
3004186,80.625
3004187,15.6429999375
3004188,8.25
3004189,0.0
3004190,4.75
3004191,3356.625
3004192,0.0
3004193,675.5733749999999
3004194,9.125
3004195,1074.0
3004196,1199.75
3004197,189.779
3004198,247.375
3004199,208.05975
3004200,3830.875
3004201,29.25
3004202,1.375
3004203,31.5
3004204,33.875
3004205,0.5
3004206,252.375
3004207,3.0
3004208,46.625
3004209,7.625
3004210,112.0
3004211,9.25
3004212,461.9288725
3004213,178.25
3004214,16.5
3004215,9.0
3004216,492.349125
3004217,99.232
3004218,4071.086
3004219,3.0
3004220,29.78125
3004221,11.375
3004222,0.0
3004223,5.125
3004224,3446.125
3004225,0.0
3004226,616.35662875
3004227,11.125
3004228,1331.75
3004229,887.875
3004230,279.078
3004231,157.25
3004232,289.0695
3004233,4684.75
3004234,38.75
3004235,3.5
3004236,45.125
3004237,35.875
3004238,0.25
3004239,275.875
3004240,7.5
3004241,61.375
3004242,6.5
3004243,227.25
3004244,8.875
3004245,395.3444975
3004246,250.0
3004247,14.75
3004248,21.75
3004249,370.090125
3004250,103.56287549999999
3004251,3740.050625
3004252,3.0
3004253,7.4274999625
3004254,5.75
3004255,0.0
3004256,3.25
3004257,1667.75
3004258,0.0
3004259,378.8675
3004260,8.25
3004261,746.125
3004262,384.0
3004263,188.88949875
3004264,66.375
3004265,98.47800000000001
3004266,2423.25
3004267,13.0
3004268,0.875
3004269,33.5
3004270,22.125
3004271,0.0
3004272,159.0
3004273,4.25
3004274,7.875
3004275,9.125
3004276,63.125
3004277,3.25
3004278,202.714625
3004279,179.375
3004280,5.625
3004281,6.125
3004282,141.86812625
3004283,44.203125
3004284,1410.1771374999998
3004285,0.75
3004286,2.375
3004287,4.75
3004288,0.0
3004289,0.75
3004290,2478.0
3004291,0.0
3004292,170.875
3004293,2.875
3004294,828.5
3004295,185.875
3004296,175.00025
3004297,52.125
3004298,29.333875
3004299,2487.625
3004300,12.125
3004301,0.375
3004302,20.375
3004303,9.875
3004304,0.375
3004305,157.75
3004306,0.0
3004307,0.0
3004308,2.375
3004309,46.625
3004310,0.75
3004311,52.510000250000004
3004312,139.125
3004313,0.0
3004314,1.625
3004315,61.200500375000004
3004316,73.875
3004317,497.004625
3004318,0.0
3004319,1.875
3004320,4.75
3004321,0.25
3004322,4.625
3004323,2645.375
3004324,0.0
3004325,456.27437249999997
3004326,13.875
3004327,1087.5
3004328,780.125
3004329,260.747375
3004330,127.0
3004331,110.819875
3004332,3990.375
3004333,32.25
3004334,1.75
3004335,21.75
3004336,59.75
3004337,0.25
3004338,259.5
3004339,18.875
3004340,20.375
3004341,9.875
3004342,62.75
3004343,4.75
3004344,369.75675
3004345,254.75
3004346,7.375
3004347,13.0
3004348,405.8646225
3004349,79.6844995
3004350,1880.346625
3004351,0.0
3004352,22.446750125
3004353,5.875
3004354,0.125
3004355,4.375
3004356,3606.5
3004357,0.0
3004358,618.401875
3004359,15.375
3004360,1010.75
3004361,1140.25
3004362,164.483875
3004363,237.625
3004364,191.25662499999999
3004365,3605.375
3004366,42.5
3004367,2.625
3004368,37.375
3004369,25.75
3004370,1.125
3004371,215.125
3004372,11.625
3004373,37.25
3004374,9.0
3004375,143.375
3004376,9.25
3004377,396.51775
3004378,197.5
3004379,7.75
3004380,10.625
3004381,526.38125
3004382,121.68837625
3004383,4413.15425
3004384,0.125
3004385,31.752624875000002
3004386,4.375
3004387,0.25
3004388,6.5
3004389,3612.625
3004390,0.0
3004391,725.074125
3004392,22.875
3004393,1050.625
3004394,1156.25
3004395,214.402625
3004396,230.875
3004397,126.898625
3004398,4032.75
3004399,35.5
3004400,2.5
3004401,27.75
3004402,33.875
3004403,0.75
3004404,290.125
3004405,23.5
3004406,28.5
3004407,24.5
3004408,132.5
3004409,18.375
3004410,354.0446275
3004411,259.625
3004412,15.375
3004413,16.125
3004414,417.628375
3004415,137.41162500000002
3004416,3398.544375
3004417,0.5
3004418,30.430125
3004419,12.75
3004420,0.375
3004421,6.25
3004422,2821.125
3004423,0.0
3004424,451.875
3004425,11.375
3004426,1364.625
3004427,659.375
3004428,463.555875
3004429,143.125
3004430,88.16725
3004431,5424.982375
3004432,13.375
3004433,1.125
3004434,41.625
3004435,29.75
3004436,0.0
3004437,376.625
3004438,10.625
3004439,5.25
3004440,4.625
3004441,39.0
3004442,2.625
3004443,513.3975025
3004444,369.875
3004445,7.5
3004446,7.625
3004447,327.1364975
3004448,98.218875
3004449,1205.129875
3004450,38.875
3004451,14.163249875
3004452,6.875
3004453,0.0
3004454,2.375
3004455,2336.875
3004456,0.375
3004457,362.330875
3004458,23.25
3004459,733.125
3004460,711.5
3004461,157.183625
3004462,140.5
3004463,123.84212500000001
3004464,2641.0
3004465,26.125
3004466,1.625
3004467,32.125
3004468,24.625
3004469,0.5
3004470,170.125
3004471,9.875
3004472,23.375
3004473,7.875
3004474,121.875
3004475,4.875
3004476,615.3584975
3004477,127.75
3004478,5.5
3004479,7.625
3004480,492.0417525
3004481,76.020875125
3004482,2274.5285
3004483,0.0
3004484,33.91824975
3004485,1.5
3004486,0.0
3004487,1.75
3004488,1285.125
3004489,0.0
3004490,78.5
3004491,3.75
3004492,826.25
3004493,232.5
3004494,331.75
3004495,28.125
3004496,32.625
3004497,2192.5
3004498,10.25
3004499,0.125
3004500,7.375
3004501,6.75
3004502,0.125
3004503,137.5
3004504,1.5
3004505,0.0
3004506,1.125
3004507,17.75
3004508,0.5
3004509,133.129875
3004510,149.625
3004511,0.875
3004512,2.5
3004513,147.33600125
3004514,22.5
3004515,233.06787500000002
3004516,0.0
3004517,1.0
3004518,8.125
3004519,0.375
3004520,4.75
3004521,5628.625
3004522,0.0
3004523,699.5
3004524,16.125
3004525,1783.375
3004526,609.375
3004527,611.295125
3004528,324.5
3004529,98.58125
3004530,6698.11925
3004531,31.25
3004532,0.25
3004533,23.5
3004534,17.25
3004535,0.125
3004536,442.875
3004537,10.75
3004538,2.75
3004539,10.5
3004540,65.0
3004541,3.0
3004542,562.4292475
3004543,317.5
3004544,1.75
3004545,13.875
3004546,544.157375
3004547,113.85662625
3004548,1484.398625
3004549,8.0
3004550,5.875
3004551,4.625
3004552,0.0
3004553,0.625
3004554,1577.125
3004555,0.0
3004556,157.375
3004557,21.5
3004558,857.125
3004559,331.375
3004560,260.75
3004561,50.875
3004562,44.834625
3004563,2654.875
3004564,11.5
3004565,0.5
3004566,18.625
3004567,16.0
3004568,0.5
3004569,148.375
3004570,5.125
3004571,0.0
3004572,6.5
3004573,62.625
3004574,1.375
3004575,120.865126875
3004576,141.125
3004577,1.5
3004578,4.125
3004579,175.98224875
3004580,31.0
3004581,318.77025000000003
3004582,1.0
3004583,3.0
3004584,4.75
3004585,0.0
3004586,3.0
3004587,1658.625
3004588,0.0
3004589,104.0
3004590,5.125
3004591,702.0
3004592,236.625
3004593,173.25
3004594,39.5
3004595,32.022
3004596,2630.25
3004597,23.375
3004598,0.125
3004599,9.5
3004600,9.375
3004601,0.0
3004602,132.375
3004603,2.75
3004604,0.0
3004605,2.5
3004606,58.5
3004607,0.25
3004608,141.6352475
3004609,140.875
3004610,0.625
3004611,4.5
3004612,100.95162512499999
3004613,22.875
3004614,194.700875
3004615,0.625
3004616,4.375
3004617,2.625
3004618,0.0
3004619,1.875
3004620,1469.875
3004621,0.0
3004622,151.0
3004623,14.125
3004624,1031.75
3004625,351.625
3004626,347.875
3004627,42.25
3004628,55.44425
3004629,2844.125
3004630,13.25
3004631,0.0
3004632,16.25
3004633,22.375
3004634,0.125
3004635,164.875
3004636,0.875
3004637,0.0
3004638,3.25
3004639,26.875
3004640,1.25
3004641,205.26712625
3004642,255.625
3004643,1.0
3004644,4.25
3004645,67.9664995
3004646,90.5
3004647,354.457875
3004648,0.375
3004649,4.625
3004650,2.75
3004651,0.875
3004652,3.75
3004653,1598.375
3004654,0.0
3004655,149.0
3004656,1.375
3004657,924.875
3004658,311.625
3004659,313.25
3004660,80.5
3004661,68.75
3004662,2358.875
3004663,9.125
3004664,1.125
3004665,18.125
3004666,16.75
3004667,0.0
3004668,212.5
3004669,8.75
3004670,0.0
3004671,2.875
3004672,32.25
3004673,2.25
3004674,124.54962575
3004675,163.375
3004676,1.0
3004677,4.375
3004678,123.95875050000001
3004679,48.375
3004680,570.3745
3004681,1.125
3004682,3.875
3004683,3.125
3004684,0.0
3004685,1.25
3004686,1308.5
3004687,0.0
3004688,109.5
3004689,6.875
3004690,1195.5
3004691,205.75
3004692,165.375
3004693,77.75
3004694,37.584500125
3004695,1676.875
3004696,7.375
3004697,0.125
3004698,11.875
3004699,12.5
3004700,0.0
3004701,148.125
3004702,0.0
3004703,0.0
3004704,3.125
3004705,46.625
3004706,0.625
3004707,46.186875
3004708,105.375
3004709,0.875
3004710,1.25
3004711,69.8925
3004712,23.625
3004713,466.75475
3004714,0.0
3004715,1.125
3004716,9.5
3004717,0.5
3004718,3.0
3004719,2704.0
3004720,0.0
3004721,272.125
3004722,11.0
3004723,963.5
3004724,545.125
3004725,623.75
3004726,149.125
3004727,105.90825
3004728,3691.125
3004729,16.125
3004730,0.75
3004731,17.875
3004732,21.0
3004733,0.0
3004734,245.125
3004735,0.875
3004736,0.0
3004737,3.875
3004738,66.875
3004739,3.625
3004740,214.0403775
3004741,207.875
3004742,2.625
3004743,7.875
3004744,332.12075
3004745,57.0
3004746,1120.812625
3004747,2.625
3004748,13.375
3004749,4.25
3004750,0.0
3004751,1.5
3004752,1757.5
3004753,0.0
3004754,489.625
3004755,11.625
3004756,500.25
3004757,464.5
3004758,227.19412499999999
3004759,138.375
3004760,58.31425
3004761,2275.291875
3004762,12.125
3004763,1.375
3004764,20.625
3004765,13.125
3004766,0.125
3004767,158.5
3004768,5.75
3004769,4.75
3004770,4.5
3004771,93.125
3004772,1.75
3004773,76.04775000000001
3004774,135.25
3004775,2.75
3004776,4.25
3004777,212.09525000000002
3004778,57.3255
3004779,1226.8417375
3004780,10.125
3004781,8.118125
3004782,7.25
3004783,0.75
3004784,2.0
3004785,2626.5
3004786,0.0
3004787,135.75
3004788,6.25
3004789,842.375
3004790,308.5
3004791,281.5
3004792,45.375
3004793,46.64537525
3004794,3095.25
3004795,42.75
3004796,1.625
3004797,13.75
3004798,11.875
3004799,0.0
3004800,172.125
3004801,5.0
3004802,0.0
3004803,6.125
3004804,61.25
3004805,2.75
3004806,127.108375
3004807,207.875
3004808,1.5
3004809,4.75
3004810,121.152624375
3004811,18.875
3004812,396.825875
3004813,1.125
3004814,2.75
3004815,7.25
3004816,0.0
3004817,5.125
3004818,3052.25
3004819,0.0
3004820,636.0355
3004821,15.75
3004822,964.75
3004823,861.625
3004824,253.10025000000002
3004825,171.25
3004826,138.32262500000002
3004827,3926.75
3004828,39.5
3004829,2.875
3004830,26.25
3004831,19.125
3004832,0.25
3004833,243.75
3004834,20.625
3004835,15.375
3004836,6.875
3004837,131.75
3004838,9.125
3004839,1354.3495
3004840,235.875
3004841,10.5
3004842,9.625
3004843,632.0585
3004844,98.0435
3004845,2194.6356375
3004846,0.0
3004847,38.199250125
3004848,6.25
3004849,0.125
3004850,3.0
3004851,3203.75
3004852,0.0
3004853,372.625
3004854,8.75
3004855,1454.25
3004856,562.0
3004857,1078.716875
3004858,84.25
3004859,89.624375
3004860,5043.746
3004861,15.75
3004862,0.375
3004863,20.375
3004864,12.25
3004865,0.0
3004866,272.875
3004867,4.625
3004868,5.625
3004869,3.5
3004870,70.625
3004871,0.875
3004872,246.58562375
3004873,271.375
3004874,3.625
3004875,3.375
3004876,611.050625
3004877,63.636250000000004
3004878,785.5706250000001
3004879,11.75
3004880,11.1532499625
3004881,8.75
3004882,0.25
3004883,3.125
3004884,2574.0
3004885,0.0
3004886,341.25
3004887,6.5
3004888,1500.5
3004889,440.0
3004890,310.38875
3004891,140.125
3004892,99.375
3004893,3359.901375
3004894,12.625
3004895,0.5
3004896,37.75
3004897,25.875
3004898,0.0
3004899,238.125
3004900,2.375
3004901,2.5
3004902,11.75
3004903,142.75
3004904,2.375
3004905,93.078375625
3004906,212.0
3004907,2.25
3004908,4.0
3004909,153.43
3004910,145.454125
3004911,1013.07625375
3004912,0.875
3004913,5.0
3004914,3.75
3004915,0.125
3004916,1.75
3004917,1669.5
3004918,0.0
3004919,182.5
3004920,7.875
3004921,629.75
3004922,293.875
3004923,148.625
3004924,70.125
3004925,60.625
3004926,2357.125
3004927,14.0
3004928,1.0
3004929,25.0
3004930,19.125
3004931,0.25
3004932,167.875
3004933,0.625
3004934,0.0
3004935,4.625
3004936,179.375
3004937,2.125
3004938,108.3365
3004939,135.375
3004940,0.625
3004941,5.25
3004942,284.92425
3004943,31.5
3004944,629.59275
3004945,2.5
3004946,0.75
3004947,1.75
3004948,0.0
3004949,0.875
3004950,1382.5
3004951,0.0
3004952,258.522375
3004953,13.875
3004954,560.75
3004955,509.125
3004956,148.454375
3004957,52.75
3004958,91.266375
3004959,2001.625
3004960,31.875
3004961,0.625
3004962,10.875
3004963,27.875
3004964,0.0
3004965,112.5
3004966,8.375
3004967,3.875
3004968,4.0
3004969,74.375
3004970,5.5
3004971,523.7425025
3004972,121.0
3004973,3.125
3004974,5.5
3004975,416.68262749999997
3004976,36.04175025
3004977,1269.70275
3004978,0.0
3004979,8.502
3004980,4.375
3004981,0.375
3004982,4.875
3004983,3688.375
3004984,0.25
3004985,797.9905
3004986,23.625
3004987,1253.5
3004988,1307.875
3004989,312.336375
3004990,254.25
3004991,223.189625
3004992,4430.375
3004993,37.0
3004994,1.5
3004995,23.0
3004996,33.375
3004997,0.125
3004998,278.125
3004999,13.5
3005000,47.5
3005001,11.0
3005002,145.0
3005003,14.625
3005004,730.252
3005005,258.125
3005006,14.125
3005007,9.5
3005008,827.538
3005009,133.2748755
3005010,3712.3244999999997
3005011,0.0
3005012,43.81900025
3005013,3.625
3005014,0.25
3005015,4.625
3005016,2694.75
3005017,0.0
3005018,440.4145
3005019,10.75
3005020,523.375
3005021,686.875
3005022,179.92112500000002
3005023,151.375
3005024,131.4086255
3005025,2180.25
3005026,27.875
3005027,1.375
3005028,23.875
3005029,15.625
3005030,0.25
3005031,118.875
3005032,0.0
3005033,39.875
3005034,4.375
3005035,324.125
3005036,12.25
3005037,402.2897525
3005038,115.5
3005039,7.25
3005040,7.75
3005041,293.13987625
3005042,46.773125
3005043,1912.266625
3005044,0.5
3005045,9.5
3005046,4.125
3005047,0.0
3005048,0.75
3005049,788.375
3005050,0.0
3005051,221.5
3005052,7.125
3005053,401.0
3005054,229.875
3005055,103.6085
3005056,32.75
3005057,33.013125125
3005058,1477.25
3005059,13.25
3005060,1.25
3005061,15.75
3005062,10.0
3005063,0.375
3005064,70.5
3005065,0.125
3005066,13.5
3005067,0.75
3005068,28.5
3005069,0.25
3005070,430.869125
3005071,127.375
3005072,2.25
3005073,1.25
3005074,211.161
3005075,19.625
3005076,482.27437499999996
3005077,0.75
3005078,2.25
3005079,3.75
3005080,0.0
3005081,1.375
3005082,2698.25
3005083,0.125
3005084,493.0441275
3005085,20.0
3005086,762.0
3005087,830.5
3005088,299.02175
3005089,214.625
3005090,163.706125
3005091,3287.125
3005092,25.625
3005093,1.875
3005094,32.5
3005095,23.375
3005096,0.125
3005097,194.375
3005098,3.125
3005099,41.0
3005100,9.125
3005101,238.5
3005102,3.75
3005103,420.52325
3005104,179.25
3005105,10.25
3005106,9.75
3005107,458.7036275
3005108,68.53875025
3005109,2257.355375
3005110,1.0
3005111,23.534749875
3005112,6.0
3005113,0.0
3005114,2.0
3005115,2822.5
3005116,0.0
3005117,473.875
3005118,16.25
3005119,1176.5
3005120,649.625
3005121,460.827875
3005122,168.5
3005123,72.17550025
3005124,3795.292
3005125,9.625
3005126,1.5
3005127,28.625
3005128,19.0
3005129,0.5
3005130,220.125
3005131,0.0
3005132,5.25
3005133,5.875
3005134,88.75
3005135,0.75
3005136,162.08150125
3005137,260.25
3005138,6.0
3005139,4.0
3005140,252.0530025
3005141,69.228125
3005142,1037.39825
3005143,1.75
3005144,1.375
3005145,4.875
3005146,0.0
3005147,1.875
3005148,2448.125
3005149,0.0
3005150,475.0
3005151,15.25
3005152,809.625
3005153,527.625
3005154,265.56
3005155,135.0
3005156,79.0485
3005157,3029.426625
3005158,10.25
3005159,1.5
3005160,24.375
3005161,20.125
3005162,0.0
3005163,189.375
3005164,0.0
3005165,5.625
3005166,2.25
3005167,130.75
3005168,1.25
3005169,94.26275
3005170,171.25
3005171,4.0
3005172,3.875
3005173,229.749875
3005174,53.341875
3005175,775.420125
3005176,1.25
3005177,3.875
3005178,9.0
3005179,1.875
3005180,11.125
3005181,7980.625
3005182,0.0
3005183,1204.0725
3005184,50.875
3005185,2026.0
3005186,2149.25
3005187,428.59425
3005188,521.375
3005189,412.27662499999997
3005190,8211.5
3005191,74.5
3005192,4.125
3005193,53.5
3005194,50.75
3005195,1.625
3005196,505.25
3005197,42.125
3005198,69.25
3005199,22.625
3005200,357.125
3005201,32.125
3005202,1353.236625
3005203,466.75
3005204,19.125
3005205,23.875
3005206,1575.627375
3005207,271.530125
3005208,7381.5467499999995
3005209,1.375
3005210,116.14925012500001
3005211,3.625
3005212,0.625
3005213,1.75
3005214,1154.375
3005215,0.0
3005216,119.25
3005217,4.25
3005218,1147.125
3005219,221.125
3005220,133.25
3005221,132.25
3005222,48.08125
3005223,1622.625
3005224,5.75
3005225,0.625
3005226,12.5
3005227,9.0
3005228,0.25
3005229,132.875
3005230,0.25
3005231,0.0
3005232,3.625
3005233,77.375
3005234,0.875
3005235,44.70862475
3005236,82.375
3005237,2.75
3005238,4.0
3005239,131.875
3005240,19.0
3005241,427.440625
3005242,0.0
3005243,4.875
3005244,9.0
3005245,0.25
3005246,3.5
3005247,2801.25
3005248,0.0
3005249,478.625
3005250,14.75
3005251,1287.625
3005252,555.875
3005253,305.19237499999997
3005254,288.75
3005255,101.16337375
3005256,3999.96875
3005257,9.5
3005258,0.5
3005259,25.875
3005260,20.125
3005261,0.25
3005262,244.75
3005263,0.375
3005264,4.5
3005265,8.875
3005266,21.75
3005267,1.375
3005268,323.2934975
3005269,217.375
3005270,4.125
3005271,5.0
3005272,145.76137375
3005273,57.89425
3005274,1120.911125
3005275,1.25
3005276,5.125
3005277,1.75
3005278,0.0
3005279,1.125
3005280,911.125
3005281,0.0
3005282,87.25
3005283,4.625
3005284,540.875
3005285,132.0
3005286,121.75
3005287,144.625
3005288,18.125
3005289,1383.125
3005290,1.75
3005291,0.125
3005292,8.875
3005293,2.375
3005294,0.0
3005295,71.125
3005296,0.0
3005297,0.0
3005298,0.375
3005299,75.0
3005300,0.125
3005301,60.527875
3005302,62.0
3005303,0.875
3005304,1.5
3005305,70.41212525
3005306,8.75
3005307,183.768125
3005308,0.0
3005309,2.25
3005310,6.375
3005311,0.0
3005312,1.875
3005313,2239.0
3005314,0.0
3005315,175.0
3005316,7.0
3005317,909.375
3005318,315.875
3005319,209.75
3005320,88.0
3005321,81.3495
3005322,2577.375
3005323,2.5
3005324,0.625
3005325,26.5
3005326,16.625
3005327,0.125
3005328,171.375
3005329,0.0
3005330,0.0
3005331,13.25
3005332,40.75
3005333,1.125
3005334,197.88949875
3005335,170.75
3005336,2.375
3005337,3.0
3005338,272.395875
3005339,31.625
3005340,1048.23175
3005341,0.0
3005342,0.625
3005343,3.25
3005344,0.375
3005345,1.125
3005346,2460.125
3005347,0.0
3005348,644.5
3005349,10.625
3005350,928.5
3005351,623.375
3005352,254.602125
3005353,135.5
3005354,88.390125
3005355,4047.422875
3005356,6.75
3005357,4.375
3005358,31.5
3005359,40.625
3005360,0.25
3005361,224.875
3005362,2.625
3005363,8.0
3005364,2.625
3005365,46.625
3005366,2.625
3005367,175.45225
3005368,254.25
3005369,4.75
3005370,7.0
3005371,182.60925125
3005372,37.046499999999995
3005373,631.22975
3005374,1.75
3005375,2.375
3005376,4.5
3005377,0.375
3005378,0.375
3005379,1378.375
3005380,0.0
3005381,89.375
3005382,5.625
3005383,433.25
3005384,145.375
3005385,118.25
3005386,145.875
3005387,63.993875
3005388,1636.25
3005389,4.625
3005390,0.5
3005391,12.0
3005392,7.875
3005393,0.0
3005394,99.5
3005395,0.0
3005396,0.0
3005397,0.25
3005398,39.0
3005399,1.125
3005400,162.5653725
3005401,67.5
3005402,0.5
3005403,1.0
3005404,62.97925
3005405,15.125
3005406,324.809875
3005407,0.125
3005408,0.5
3005409,5.5
3005410,0.0
3005411,1.125
3005412,2916.625
3005413,0.0
3005414,436.875
3005415,9.0
3005416,800.375
3005417,493.0
3005418,234.292625
3005419,132.875
3005420,109.06349975
3005421,3280.61625
3005422,7.5
3005423,1.25
3005424,28.125
3005425,8.25
3005426,0.125
3005427,201.125
3005428,0.0
3005429,46.75
3005430,3.25
3005431,68.0
3005432,1.25
3005433,189.013125
3005434,178.25
3005435,3.25
3005436,4.375
3005437,120.1795
3005438,43.00275
3005439,1033.479875
3005440,0.125
3005441,1.75
3005442,3.5
3005443,0.0
3005444,3.625
3005445,3036.0
3005446,0.0
3005447,508.1031225
3005448,13.0
3005449,1025.125
3005450,892.625
3005451,175.2306255
3005452,135.75
3005453,160.553125
3005454,3471.375
3005455,63.5
3005456,2.125
3005457,44.125
3005458,20.0
3005459,0.0
3005460,220.875
3005461,17.5
3005462,29.625
3005463,2.375
3005464,157.0
3005465,9.75
3005466,348.0833775
3005467,249.125
3005468,11.5
3005469,14.5
3005470,305.336625
3005471,80.71125
3005472,2575.102875
3005473,0.0
3005474,14.944125037500001
3005475,7.5
3005476,0.0
3005477,4.75
3005478,3040.25
3005479,0.0
3005480,398.486625
3005481,15.125
3005482,978.75
3005483,813.25
3005484,167.91425
3005485,77.75
3005486,118.683125
3005487,3416.875
3005488,18.875
3005489,1.125
3005490,29.625
3005491,54.75
3005492,0.125
3005493,306.875
3005494,16.5
3005495,21.75
3005496,9.5
3005497,132.5
3005498,11.75
3005499,232.17637625
3005500,309.875
3005501,8.75
3005502,7.0
3005503,193.11350000000002
3005504,87.5885015
3005505,1941.66675
3005506,0.125
3005507,17.89675
3005508,9.5
3005509,0.25
3005510,2.75
3005511,3130.125
3005512,0.0
3005513,679.75
3005514,9.375
3005515,1677.875
3005516,616.0
3005517,213.84175
3005518,226.125
3005519,82.183125
3005520,4769.49125
3005521,35.625
3005522,1.25
3005523,18.875
3005524,18.625
3005525,0.0
3005526,280.75
3005527,3.75
3005528,18.625
3005529,14.125
3005530,96.5
3005531,5.0
3005532,143.72875
3005533,261.375
3005534,5.75
3005535,11.375
3005536,306.0308775
3005537,66.7291245
3005538,1548.278625
3005539,3.0
3005540,16.38325
3005541,3.75
3005542,0.375
3005543,4.5
3005544,2515.25
3005545,0.0
3005546,357.35025
3005547,10.625
3005548,838.0
3005549,728.125
3005550,221.091625
3005551,136.0
3005552,108.0362505
3005553,3385.25
3005554,24.75
3005555,2.0
3005556,14.875
3005557,11.5
3005558,0.625
3005559,211.5
3005560,15.625
3005561,28.125
3005562,1.25
3005563,146.375
3005564,7.25
3005565,663.499875
3005566,201.125
3005567,5.625
3005568,8.75
3005569,496.65312875
3005570,48.165375749999995
3005571,2040.8435
3005572,0.125
3005573,30.533875125
3005574,5.0
3005575,0.5
3005576,2.875
3005577,4827.25
3005578,0.0
3005579,346.0
3005580,10.25
3005581,1866.875
3005582,491.125
3005583,360.0
3005584,149.875
3005585,81.49349975
3005586,5004.0
3005587,16.75
3005588,1.5
3005589,27.375
3005590,22.125
3005591,0.125
3005592,330.5
3005593,0.0
3005594,0.5
3005595,7.125
3005596,56.0
3005597,2.75
3005598,133.65025125
3005599,275.625
3005600,5.0
3005601,9.625
3005602,281.1422525
3005603,51.25
3005604,990.52575
3005605,0.0
3005606,5.0
3005607,7.0
3005608,0.125
3005609,6.0
3005610,2185.375
3005611,0.0
3005612,416.967625
3005613,16.625
3005614,1577.75
3005615,653.125
3005616,222.77125
3005617,113.75
3005618,196.486
3005619,3410.25
3005620,36.625
3005621,1.0
3005622,20.25
3005623,24.375
3005624,0.375
3005625,216.75
3005626,13.25
3005627,28.875
3005628,7.875
3005629,180.0
3005630,9.625
3005631,354.816375
3005632,302.25
3005633,14.75
3005634,7.5
3005635,221.06762625
3005636,57.29
3005637,1946.756375
3005638,0.625
3005639,7.16125
3005640,3.25
3005641,0.0
3005642,3.5
3005643,2618.5
3005644,0.0
3005645,446.34
3005646,10.125
3005647,705.625
3005648,842.0
3005649,195.99687500000002
3005650,138.75
3005651,140.941
3005652,2910.25
3005653,29.625
3005654,1.0
3005655,16.75
3005656,15.375
3005657,0.25
3005658,184.5
3005659,13.875
3005660,46.375
3005661,7.125
3005662,99.375
3005663,9.25
3005664,314.46875
3005665,209.0
3005666,9.0
3005667,9.25
3005668,274.9297525
3005669,50.81812525
3005670,2409.9549875000002
3005671,0.0
3005672,14.840375
3005673,6.125
3005674,0.25
3005675,4.0
3005676,5098.625
3005677,0.0
3005678,507.25
3005679,23.25
3005680,1188.25
3005681,583.5
3005682,311.2195
3005683,183.375
3005684,81.308125
3005685,4356.2276249999995
3005686,10.625
3005687,0.0
3005688,13.625
3005689,21.0
3005690,0.0
3005691,224.25
3005692,0.0
3005693,11.75
3005694,1.0
3005695,121.75
3005696,3.5
3005697,200.58562625
3005698,269.25
3005699,3.25
3005700,1.5
3005701,361.126875
3005702,139.34525000000002
3005703,1208.11275
3005704,2.625
3005705,1.0
3005706,16.625
3005707,0.0
3005708,15.125
3005709,9199.75
3005710,0.125
3005711,1687.931125
3005712,39.125
3005713,2504.5
3005714,2529.375
3005715,644.2407499999999
3005716,638.375
3005717,535.796
3005718,9848.625
3005719,100.875
3005720,5.875
3005721,124.375
3005722,99.125
3005723,0.625
3005724,666.75
3005725,28.375
3005726,33.375
3005727,17.625
3005728,515.75
3005729,27.25
3005730,1556.00875
3005731,515.625
3005732,36.125
3005733,36.625
3005734,1745.148
3005735,286.9217475
3005736,8678.917875
3005737,110.375
3005738,127.207
3005739,15.625
3005740,0.0
3005741,10.5
3005742,9382.125
3005743,0.0
3005744,1308.1197625
3005745,41.875
3005746,2670.125
3005747,2330.75
3005748,819.631125
3005749,396.75
3005750,431.702
3005751,11145.625
3005752,148.0
3005753,1.625
3005754,87.0
3005755,90.375
3005756,0.5
3005757,649.0
3005758,21.875
3005759,59.0
3005760,5.5
3005761,356.75
3005762,21.0
3005763,2024.7082625
3005764,624.375
3005765,25.75
3005766,28.5
3005767,1809.6511375
3005768,284.431375
3005769,6269.9942875
3005770,228.125
3005771,121.99925
3005772,10.5
3005773,0.0
3005774,17.125
3005775,5764.125
3005776,0.125
3005777,876.625
3005778,20.75
3005779,2254.75
3005780,1424.0
3005781,835.137625
3005782,129.5
3005783,277.42812375
3005784,8868.5
3005785,52.875
3005786,2.625
3005787,49.625
3005788,27.0
3005789,0.25
3005790,594.75
3005791,19.375
3005792,30.875
3005793,6.625
3005794,172.5
3005795,8.5
3005796,1887.4397625
3005797,635.5
3005798,21.625
3005799,36.875
3005800,975.22763
3005801,149.12937499999998
3005802,2581.280125
3005803,89.0
3005804,51.74487525
3005805,17.375
3005806,0.0
3005807,18.125
3005808,8521.25
3005809,0.125
3005810,1173.850875
3005811,29.0
3005812,2457.0
3005813,2106.875
3005814,775.38225
3005815,362.375
3005816,308.4193775
3005817,9766.375
3005818,70.875
3005819,2.0
3005820,55.5
3005821,75.25
3005822,1.5
3005823,626.75
3005824,24.5
3005825,41.875
3005826,3.75
3005827,318.0
3005828,17.25
3005829,1859.955625
3005830,618.0
3005831,22.25
3005832,21.875
3005833,1469.896
3005834,223.12825375
3005835,5224.1075
3005836,138.75
3005837,89.13375
3005838,9.375
3005839,0.0
3005840,14.375
3005841,4504.75
3005842,0.0
3005843,752.125
3005844,17.75
3005845,1939.625
3005846,1162.625
3005847,669.154125
3005848,101.5
3005849,204.87250125
3005850,7525.375
3005851,48.75
3005852,0.625
3005853,37.125
3005854,29.375
3005855,0.25
3005856,519.0
3005857,12.25
3005858,13.875
3005859,1.625
3005860,171.25
3005861,5.0
3005862,1616.0641375
3005863,702.0
3005864,15.875
3005865,22.375
3005866,1091.1255
3005867,87.509625
3005868,1710.543125
3005869,117.75
3005870,28.23975
3005871,13.875
3005872,0.0
3005873,8.5
3005874,7173.25
3005875,0.0
3005876,1311.5727375000001
3005877,37.125
3005878,1914.25
3005879,2321.75
3005880,543.4198749999999
3005881,507.0
3005882,447.69350000000003
3005883,7924.0
3005884,80.25
3005885,1.875
3005886,62.375
3005887,79.375
3005888,0.25
3005889,456.5
3005890,14.5
3005891,52.25
3005892,15.0
3005893,404.875
3005894,18.25
3005895,1483.3221375
3005896,454.25
3005897,23.625
3005898,30.875
3005899,1432.210125
3005900,263.043875
3005901,7536.082625
3005902,104.5
3005903,112.91212575
3005904,6.25
3005905,0.125
3005906,4.875
3005907,1733.5
3005908,0.0
3005909,320.634375
3005910,27.25
3005911,884.0
3005912,504.5
3005913,251.41112500000003
3005914,82.375
3005915,135.65125
3005916,2849.0
3005917,44.875
3005918,1.125
3005919,27.875
3005920,20.875
3005921,0.5
3005922,223.5
3005923,10.625
3005924,10.75
3005925,9.875
3005926,82.75
3005927,8.25
3005928,317.259625
3005929,196.75
3005930,4.375
3005931,7.25
3005932,312.31925
3005933,56.356375
3005934,1567.990875
3005935,0.75
3005936,10.5554999625
3005937,11.5
3005938,0.0
3005939,10.25
3005940,4294.0
3005941,0.125
3005942,629.34175
3005943,30.875
3005944,1716.625
3005945,1067.375
3005946,530.0037500000001
3005947,100.625
3005948,206.326125
3005949,6392.75
3005950,144.25
3005951,1.25
3005952,60.875
3005953,37.75
3005954,0.5
3005955,435.0
3005956,15.125
3005957,7.75
3005958,4.5
3005959,198.5
3005960,7.5
3005961,857.38275
3005962,463.25
3005963,12.125
3005964,20.75
3005965,510.3389975
3005966,88.886500875
3005967,2120.5144999999998
3005968,107.75
3005969,23.8611249375
3005970,8.0
3005971,0.0
3005972,6.625
3005973,4848.625
3005974,0.125
3005975,898.42899625
3005976,14.625
3005977,1514.25
3005978,1699.625
3005979,350.05675
3005980,408.0
3005981,357.256125
3005982,5373.875
3005983,42.25
3005984,1.75
3005985,36.625
3005986,37.625
3005987,1.125
3005988,340.875
3005989,1.875
3005990,59.125
3005991,7.0
3005992,244.5
3005993,13.25
3005994,1201.9323875
3005995,274.125
3005996,24.125
3005997,8.375
3005998,3297.40175
3005999,133.8711245
3006000,5509.577525
3006001,3.625
3006002,72.341499375
3006003,9.625
3006004,0.0
3006005,8.375
3006006,4653.25
3006007,0.0
3006008,919.1031174999999
3006009,13.25
3006010,1707.375
3006011,1182.375
3006012,408.33625
3006013,222.625
3006014,515.423875
3006015,6224.375
3006016,59.0
3006017,2.375
3006018,69.125
3006019,46.875
3006020,0.75
3006021,361.5
3006022,5.375
3006023,69.125
3006024,8.625
3006025,354.625
3006026,9.25
3006027,903.92575
3006028,343.125
3006029,20.25
3006030,28.375
3006031,672.06475
3006032,150.566875
3006033,4957.78225
3006034,2.75
3006035,11.49175
3006036,11.25
3006037,0.125
3006038,2.625
3006039,2288.25
3006040,0.0
3006041,451.44525250000004
3006042,9.875
3006043,1081.625
3006044,495.5
3006045,259.29525
3006046,88.875
3006047,178.47225
3006048,3226.375
3006049,13.5
3006050,1.5
3006051,24.875
3006052,19.25
3006053,0.0
3006054,199.0
3006055,5.625
3006056,13.875
3006057,5.75
3006058,152.0
3006059,2.625
3006060,482.025125
3006061,200.125
3006062,5.875
3006063,6.5
3006064,252.89737125
3006065,63.784499999999994
3006066,2090.2055
3006067,0.625
3006068,5.75
3006069,5.875
3006070,0.0
3006071,1.5
3006072,3766.25
3006073,0.0
3006074,162.375
3006075,5.125
3006076,1015.625
3006077,202.75
3006078,278.020875
3006079,73.5
3006080,35.375
3006081,2629.625
3006082,5.75
3006083,0.625
3006084,19.25
3006085,9.875
3006086,0.25
3006087,184.375
3006088,0.0
3006089,0.0
3006090,3.25
3006091,34.5
3006092,0.625
3006093,50.0577495
3006094,148.25
3006095,0.375
3006096,3.375
3006097,67.1108745
3006098,65.25
3006099,568.9590000000001
3006100,0.0
3006101,0.875
3006102,4.75
3006103,0.0
3006104,4.5
3006105,3237.375
3006106,0.0
3006107,519.786625
3006108,16.75
3006109,1309.625
3006110,933.75
3006111,378.748125
3006112,161.25
3006113,163.38425
3006114,4462.125
3006115,37.125
3006116,0.75
3006117,31.5
3006118,56.125
3006119,0.25
3006120,300.25
3006121,19.125
3006122,18.125
3006123,11.0
3006124,130.125
3006125,8.125
3006126,676.64024625
3006127,267.625
3006128,9.0
3006129,15.25
3006130,698.68875
3006131,103.346625625
3006132,2296.316125
3006133,0.0
3006134,49.59925
3006135,5.125
3006136,0.0
3006137,4.5
3006138,4333.25
3006139,0.125
3006140,733.463
3006141,26.0
3006142,1099.125
3006143,1388.375
3006144,224.168375
3006145,299.75
3006146,302.512
3006147,4070.625
3006148,43.25
3006149,2.375
3006150,34.25
3006151,24.125
3006152,0.625
3006153,241.375
3006154,12.625
3006155,46.625
3006156,7.5
3006157,259.625
3006158,15.875
3006159,796.2203825
3006160,216.375
3006161,6.875
3006162,14.0
3006163,846.1738712499999
3006164,143.31287550000002
3006165,4959.555025
3006166,0.125
3006167,60.1955005
3006168,3.875
3006169,0.75
3006170,9.0
3006171,4579.25
3006172,0.0
3006173,844.681875
3006174,27.0
3006175,1276.25
3006176,1453.5
3006177,326.675625
3006178,331.25
3006179,197.27375
3006180,4951.875
3006181,47.0
3006182,2.0
3006183,44.625
3006184,36.25
3006185,0.625
3006186,346.25
3006187,24.875
3006188,39.0
3006189,25.875
3006190,229.125
3006191,17.75
3006192,826.138375
3006193,317.125
3006194,15.625
3006195,20.25
3006196,884.431375
3006197,150.66275125
3006198,4138.494
3006199,0.75
3006200,61.444
3006201,10.75
3006202,0.5
3006203,5.125
3006204,2840.0
3006205,0.0
3006206,465.875
3006207,18.375
3006208,1492.25
3006209,697.0
3006210,638.642375
3006211,144.375
3006212,99.060001
3006213,5664.472625
3006214,13.375
3006215,0.875
3006216,52.75
3006217,27.0
3006218,0.0
3006219,365.625
3006220,12.125
3006221,3.0
3006222,4.375
3006223,68.125
3006224,3.0
3006225,315.437625
3006226,344.625
3006227,7.125
3006228,5.75
3006229,496.8518725
3006230,104.5978755
3006231,1298.265625
3006232,35.75
3006233,16.785
3006234,6.75
3006235,0.0
3006236,4.25
3006237,2246.875
3006238,0.125
3006239,339.36725
3006240,11.25
3006241,623.5
3006242,686.5
3006243,128.381
3006244,152.625
3006245,138.815625
3006246,2411.5
3006247,17.75
3006248,1.125
3006249,24.0
3006250,25.625
3006251,0.625
3006252,177.5
3006253,13.625
3006254,15.5
3006255,5.75
3006256,120.5
3006257,8.0
3006258,311.214875
3006259,159.5
3006260,5.625
3006261,7.625
3006262,271.0405
3006263,65.953875
3006264,2324.1751249999998
3006265,0.0
3006266,26.766750000000002
3006267,1.75
3006268,0.0
3006269,2.25
3006270,1583.125
3006271,0.0
3006272,113.375
3006273,7.375
3006274,946.25
3006275,333.375
3006276,254.125
3006277,44.375
3006278,47.79812525
3006279,3045.625
3006280,9.0
3006281,0.375
3006282,17.125
3006283,11.375
3006284,0.0
3006285,217.0
3006286,5.0
3006287,0.0
3006288,2.25
3006289,31.125
3006290,0.875
3006291,159.15549875
3006292,216.875
3006293,1.375
3006294,6.375
3006295,158.497626875
3006296,31.375
3006297,247.055875
3006298,1.125
3006299,1.625
3006300,9.5
3006301,0.375
3006302,5.875
3006303,4921.125
3006304,0.0
3006305,640.125
3006306,34.125
3006307,2002.375
3006308,666.25
3006309,466.600875
3006310,172.0
3006311,137.156375
3006312,7589.491375
3006313,38.5
3006314,1.5
3006315,40.625
3006316,23.625
3006317,0.0
3006318,506.0
3006319,15.25
3006320,3.5
3006321,10.875
3006322,90.125
3006323,4.125
3006324,605.3496275
3006325,434.5
3006326,3.375
3006327,21.75
3006328,384.81487500000003
3006329,108.81899975
3006330,1404.651625
3006331,10.5
3006332,14.75
3006333,7.75
3006334,0.0
3006335,0.875
3006336,1906.25
3006337,0.0
3006338,183.25
3006339,11.125
3006340,1100.125
3006341,479.125
3006342,230.375
3006343,55.375
3006344,62.548500000000004
3006345,3173.5
3006346,14.0
3006347,1.375
3006348,20.875
3006349,22.875
3006350,0.25
3006351,199.375
3006352,10.0
3006353,0.0
3006354,5.625
3006355,91.375
3006356,2.375
3006357,138.591750625
3006358,217.5
3006359,1.75
3006360,7.625
3006361,150.83812375
3006362,33.125
3006363,408.9576225
3006364,2.25
3006365,7.375
3006366,7.375
3006367,0.0
3006368,6.375
3006369,2076.25
3006370,0.0
3006371,141.375
3006372,12.0
3006373,970.625
3006374,386.0
3006375,217.375
3006376,54.625
3006377,53.375
3006378,3601.0
3006379,21.0
3006380,0.0
3006381,20.5
3006382,12.25
3006383,0.0
3006384,217.75
3006385,4.25
3006386,0.0
3006387,2.875
3006388,74.625
3006389,0.875
3006390,194.9457525
3006391,258.625
3006392,1.0
3006393,4.625
3006394,169.71262375
3006395,25.0
3006396,232.33
3006397,1.5
3006398,2.75
3006399,8.75
3006400,0.0
3006401,4.125
3006402,1694.875
3006403,0.0
3006404,192.75
3006405,15.5
3006406,1676.75
3006407,520.125
3006408,329.75
3006409,37.0
3006410,77.3562505
3006411,3885.875
3006412,17.125
3006413,1.0
3006414,12.375
3006415,32.625
3006416,0.0
3006417,324.25
3006418,1.875
3006419,0.0
3006420,2.5
3006421,38.625
3006422,2.125
3006423,400.1342475
3006424,366.0
3006425,2.5
3006426,6.375
3006427,187.26975
3006428,107.625
3006429,507.5487475
3006430,1.25
3006431,9.875
3006432,4.625
3006433,2.0
3006434,4.25
3006435,1747.375
3006436,0.0
3006437,168.0
3006438,4.0
3006439,961.125
3006440,345.625
3006441,263.375
3006442,82.75
3006443,86.375
3006444,2756.875
3006445,11.125
3006446,1.25
3006447,14.25
3006448,18.625
3006449,0.0
3006450,240.375
3006451,11.125
3006452,0.0
3006453,6.25
3006454,42.0
3006455,3.25
3006456,117.088875
3006457,208.5
3006458,2.25
3006459,5.625
3006460,92.629001
3006461,40.25
3006462,610.46175
3006463,0.5
3006464,5.375
3006465,6.5
3006466,0.25
3006467,2.0
3006468,1318.75
3006469,0.0
3006470,150.5
3006471,9.75
3006472,974.875
3006473,277.875
3006474,155.0
3006475,131.875
3006476,77.38075
3006477,2132.375
3006478,5.5
3006479,0.375
3006480,16.875
3006481,14.75
3006482,0.25
3006483,171.375
3006484,0.0
3006485,0.0
3006486,2.375
3006487,80.5
3006488,1.875
3006489,52.24562475
3006490,148.625
3006491,1.125
3006492,3.75
3006493,66.913250625
3006494,36.125
3006495,496.699875
3006496,0.0
3006497,0.5
3006498,13.875
3006499,0.5
3006500,3.75
3006501,3673.5
3006502,0.0
3006503,367.25
3006504,11.0
3006505,1346.625
3006506,744.0
3006507,593.25
3006508,176.375
3006509,190.58350000000002
3006510,5152.125
3006511,23.75
3006512,1.625
3006513,23.5
3006514,26.625
3006515,0.5
3006516,362.125
3006517,1.75
3006518,0.0
3006519,8.625
3006520,102.875
3006521,5.0
3006522,233.9325
3006523,335.0
3006524,2.625
3006525,12.0
3006526,442.98125
3006527,72.125
3006528,1437.27275
3006529,6.25
3006530,20.875
3006531,5.75
3006532,0.75
3006533,4.75
3006534,2953.625
3006535,0.0
3006536,641.125
3006537,11.375
3006538,788.625
3006539,776.875
3006540,289.664375
3006541,212.625
3006542,107.763625
3006543,3396.81925
3006544,16.5
3006545,0.125
3006546,48.5
3006547,23.0
3006548,0.125
3006549,262.25
3006550,12.125
3006551,4.625
3006552,6.625
3006553,85.375
3006554,3.125
3006555,119.34812500000001
3006556,220.625
3006557,4.875
3006558,10.875
3006559,232.80825125
3006560,65.362
3006561,1905.74025
3006562,23.125
3006563,22.402375125
3006564,9.0
3006565,0.875
3006566,5.5
3006567,3855.5
3006568,0.0
3006569,232.5
3006570,10.75
3006571,1660.0
3006572,518.0
3006573,434.0
3006574,63.25
3006575,67.076375
3006576,5124.75
3006577,52.0
3006578,2.875
3006579,22.5
3006580,19.375
3006581,0.375
3006582,312.375
3006583,15.25
3006584,0.0
3006585,6.25
3006586,75.0
3006587,3.0
3006588,221.9275
3006589,307.75
3006590,1.625
3006591,9.0
3006592,338.748875
3006593,36.75
3006594,602.9945
3006595,1.5
3006596,7.25
3006597,8.75
3006598,0.0
3006599,7.875
3006600,3838.625
3006601,0.0
3006602,748.625
3006603,18.875
3006604,1064.75
3006605,1004.75
3006606,289.306
3006607,208.0
3006608,165.696125
3006609,4666.125
3006610,64.0
3006611,1.625
3006612,19.875
3006613,27.0
3006614,0.5
3006615,326.125
3006616,34.25
3006617,24.75
3006618,8.5
3006619,182.25
3006620,10.625
3006621,445.720375
3006622,310.875
3006623,11.125
3006624,10.5
3006625,518.43625
3006626,128.767125
3006627,2663.20175
3006628,0.0
3006629,40.06662475
3006630,12.875
3006631,0.5
3006632,6.75
3006633,4942.0
3006634,0.0
3006635,570.125
3006636,16.25
3006637,2188.625
3006638,947.625
3006639,794.454875
3006640,120.0
3006641,150.717375
3006642,7031.03225
3006643,24.75
3006644,1.0
3006645,34.375
3006646,19.125
3006647,0.375
3006648,468.375
3006649,8.875
3006650,8.0
3006651,5.125
3006652,104.125
3006653,1.375
3006654,370.8210025
3006655,471.75
3006656,8.125
3006657,6.75
3006658,379.420875
3006659,92.96475050000001
3006660,1304.8877499999999
3006661,10.625
3006662,28.28387475
3006663,14.5
3006664,0.375
3006665,7.25
3006666,3400.875
3006667,0.0
3006668,482.25
3006669,11.125
3006670,1586.875
3006671,738.125
3006672,384.526
3006673,255.375
3006674,280.03675
3006675,4850.82125
3006676,16.5
3006677,0.625
3006678,53.625
3006679,39.75
3006680,0.75
3006681,395.0
3006682,6.125
3006683,7.25
3006684,11.375
3006685,151.625
3006686,2.75
3006687,130.63075
3006688,360.625
3006689,4.875
3006690,7.25
3006691,212.03125
3006692,169.961375
3006693,1513.982
3006694,0.75
3006695,14.125
3006696,6.25
3006697,0.0
3006698,3.0
3006699,1946.625
3006700,0.0
3006701,139.5
3006702,13.625
3006703,783.0
3006704,361.375
3006705,172.75
3006706,38.75
3006707,111.687625
3006708,2677.25
3006709,13.75
3006710,0.625
3006711,24.625
3006712,21.0
3006713,0.125
3006714,202.5
3006715,2.375
3006716,0.0
3006717,6.125
3006718,200.375
3006719,3.125
3006720,86.97149937500001
3006721,172.125
3006722,1.5
3006723,6.5
3006724,143.346375625
3006725,31.0
3006726,431.27450250000004
3006727,1.75
3006728,3.5
3006729,1.125
3006730,0.0
3006731,2.375
3006732,1719.5
3006733,0.0
3006734,258.813875
3006735,17.875
3006736,577.0
3006737,518.625
3006738,153.37975
3006739,52.5
3006740,108.346375
3006741,2299.0
3006742,29.625
3006743,0.375
3006744,23.25
3006745,11.0
3006746,0.5
3006747,135.875
3006748,16.875
3006749,3.0
3006750,4.0
3006751,105.875
3006752,6.625
3006753,307.047625
3006754,161.375
3006755,5.25
3006756,6.75
3006757,247.75649875
3006758,40.91175
3006759,1157.26075
3006760,0.0
3006761,8.875
3006762,4.25
3006763,0.0
3006764,7.25
3006765,4369.5
3006766,0.375
3006767,855.250375
3006768,22.25
3006769,1311.125
3006770,1500.375
3006771,333.631625
3006772,260.0
3006773,218.116625
3006774,4835.875
3006775,37.625
3006776,0.875
3006777,28.25
3006778,37.625
3006779,0.0
3006780,316.875
3006781,16.5
3006782,51.0
3006783,13.125
3006784,161.0
3006785,15.125
3006786,439.38149999999996
3006787,341.0
3006788,20.875
3006789,11.5
3006790,590.328625
3006791,143.04037625
3006792,3807.8218500000003
3006793,0.0
3006794,27.632749875000002
3006795,4.25
3006796,0.0
3006797,2.75
3006798,2808.0
3006799,0.0
3006800,443.727625
3006801,13.375
3006802,601.75
3006803,730.0
3006804,173.110625
3006805,148.875
3006806,261.00125
3006807,2286.75
3006808,29.875
3006809,1.75
3006810,27.375
3006811,21.875
3006812,0.0
3006813,141.5
3006814,0.0
3006815,35.875
3006816,6.25
3006817,480.625
3006818,13.125
3006819,228.84837249999998
3006820,136.75
3006821,6.625
3006822,9.0
3006823,189.53787499999999
3006824,44.93412575
3006825,1786.232125
3006826,1.625
3006827,6.625
3006828,7.0
3006829,0.0
3006830,0.25
3006831,1186.75
3006832,0.0
3006833,239.625
3006834,9.375
3006835,525.25
3006836,294.625
3006837,108.048125
3006838,43.125
3006839,46.71075
3006840,1925.0
3006841,13.875
3006842,0.375
3006843,13.0
3006844,10.5
3006845,0.625
3006846,104.625
3006847,0.25
3006848,9.375
3006849,2.25
3006850,52.375
3006851,0.375
3006852,306.255125
3006853,150.75
3006854,4.875
3006855,2.0
3006856,197.30437625
3006857,26.25
3006858,573.44174625
3006859,1.625
3006860,3.375
3006861,9.625
3006862,0.25
3006863,1.625
3006864,3707.25
3006865,0.125
3006866,659.367375
3006867,32.875
3006868,1062.625
3006869,1086.625
3006870,324.11625
3006871,259.375
3006872,259.7622475
3006873,4278.75
3006874,28.5
3006875,2.375
3006876,34.875
3006877,36.75
3006878,0.375
3006879,270.75
3006880,15.375
3006881,52.125
3006882,11.5
3006883,393.875
3006884,5.25
3006885,317.66125
3006886,278.75
3006887,12.375
3006888,11.0
3006889,411.55037500000003
3006890,95.94175
3006891,2791.576
3006892,2.125
3006893,18.5916249375
3006894,7.875
3006895,0.0
3006896,3.375
3006897,4002.875
3006898,0.0
3006899,732.0
3006900,27.875
3006901,1528.5
3006902,1000.0
3006903,409.814375
3006904,270.125
3006905,136.207625
3006906,6012.835
3006907,17.25
3006908,1.625
3006909,46.0
3006910,27.375
3006911,0.75
3006912,349.375
3006913,0.0
3006914,9.625
3006915,7.5
3006916,129.125
3006917,1.875
3006918,216.64212375
3006919,338.875
3006920,7.25
3006921,6.875
3006922,278.61812499999996
3006923,91.297
3006924,1784.448125
3006925,3.875
3006926,7.875
3006927,9.0
3006928,1.0
3006929,3.875
3006930,3348.625
3006931,0.0
3006932,662.25
3006933,22.5
3006934,1219.0
3006935,816.125
3006936,302.36475
3006937,213.875
3006938,176.1925
3006939,4432.61825
3006940,23.125
3006941,2.25
3006942,31.0
3006943,28.625
3006944,0.125
3006945,306.25
3006946,0.0
3006947,8.0
3006948,10.125
3006949,241.375
3006950,1.875
3006951,119.342876125
3006952,282.75
3006953,5.5
3006954,7.5
3006955,210.182625
3006956,73.21875
3006957,1309.797625
3006958,2.5
3006959,11.375
3006960,15.25
3006961,1.625
3006962,15.875
3006963,10999.125
3006964,0.0
3006965,1370.7272500000001
3006966,63.125
3006967,2414.5
3006968,2540.625
3006969,466.49775
3006970,583.0
3006971,492.85474999999997
3006972,9577.5
3006973,93.375
3006974,2.625
3006975,77.75
3006976,68.875
3006977,1.375
3006978,696.25
3006979,62.75
3006980,70.75
3006981,27.75
3006982,407.0
3006983,32.625
3006984,867.44575
3006985,723.25
3006986,27.25
3006987,32.75
3006988,1312.49375
3006989,293.78999875
3006990,8759.1739375
3006991,1.5
3006992,94.290625
3006993,3.0
3006994,0.0
3006995,1.125
3006996,1693.125
3006997,0.0
3006998,167.125
3006999,4.5
3007000,951.5
3007001,291.75
3007002,128.25
3007003,137.5
3007004,85.919375
3007005,2207.0
3007006,5.25
3007007,0.375
3007008,13.0
3007009,8.5
3007010,0.375
3007011,197.75
3007012,1.0
3007013,0.0
3007014,3.75
3007015,75.375
3007016,1.25
3007017,61.68625
3007018,104.75
3007019,3.125
3007020,5.625
3007021,116.86437325
3007022,21.0
3007023,511.100125
3007024,0.0
3007025,7.375
3007026,13.125
3007027,0.125
3007028,4.875
3007029,3192.125
3007030,0.0
3007031,588.5
3007032,16.5
3007033,1821.0
3007034,826.375
3007035,311.74525
3007036,272.875
3007037,169.83537375
3007038,5481.050625
3007039,17.0
3007040,0.5
3007041,29.75
3007042,23.625
3007043,0.125
3007044,362.125
3007045,1.0
3007046,4.25
3007047,11.75
3007048,38.75
3007049,2.75
3007050,348.7332525
3007051,362.75
3007052,6.25
3007053,10.375
3007054,150.32787687500002
3007055,84.84275
3007056,1462.745625
3007057,2.0
3007058,9.25
3007059,3.125
3007060,0.0
3007061,1.25
3007062,1114.375
3007063,0.0
3007064,111.625
3007065,5.5
3007066,1587.375
3007067,190.125
3007068,101.375
3007069,122.625
3007070,29.096875
3007071,1834.875
3007072,4.125
3007073,0.125
3007074,16.0
3007075,4.875
3007076,0.0
3007077,117.0
3007078,0.0
3007079,0.0
3007080,0.875
3007081,52.875
3007082,0.25
3007083,72.91562475
3007084,97.5
3007085,1.125
3007086,1.625
3007087,75.1055005
3007088,14.625
3007089,260.9715
3007090,0.0
3007091,3.875
3007092,11.375
3007093,0.0
3007094,4.375
3007095,2633.25
3007096,0.0
3007097,254.5
3007098,12.0
3007099,1190.0
3007100,517.75
3007101,200.25
3007102,189.375
3007103,196.793875
3007104,3627.375
3007105,3.875
3007106,0.5
3007107,37.375
3007108,25.0
3007109,0.5
3007110,344.875
3007111,0.0
3007112,0.0
3007113,14.625
3007114,80.25
3007115,1.875
3007116,308.80338
3007117,282.375
3007118,2.625
3007119,5.25
3007120,234.003874375
3007121,34.125
3007122,1384.9212499999999
3007123,0.0
3007124,1.875
3007125,2.5
3007126,0.375
3007127,2.75
3007128,2805.875
3007129,0.0
3007130,709.0
3007131,10.5
3007132,956.375
3007133,751.125
3007134,237.81425000000002
3007135,127.75
3007136,90.28925
3007137,4698.26675
3007138,10.25
3007139,3.625
3007140,35.875
3007141,51.25
3007142,0.375
3007143,248.125
3007144,2.125
3007145,9.875
3007146,4.5
3007147,73.5
3007148,3.5
3007149,179.06287625
3007150,330.0
3007151,6.0
3007152,7.625
3007153,157.44775125
3007154,44.80825
3007155,697.922875
3007156,3.25
3007157,5.625
3007158,5.5
3007159,0.0
3007160,0.875
3007161,1769.5
3007162,0.0
3007163,95.625
3007164,5.5
3007165,598.375
3007166,229.25
3007167,107.375
3007168,186.5
3007169,104.088125
3007170,2229.5033750000002
3007171,6.375
3007172,0.5
3007173,17.0
3007174,10.25
3007175,0.125
3007176,133.125
3007177,0.0
3007178,0.0
3007179,0.375
3007180,106.625
3007181,0.75
3007182,177.034
3007183,122.25
3007184,1.25
3007185,1.5
3007186,62.3401245
3007187,20.75
3007188,436.391
3007189,0.0
3007190,0.25
3007191,5.125
3007192,0.125
3007193,1.875
3007194,3270.375
3007195,0.0
3007196,485.5
3007197,18.25
3007198,1017.875
3007199,624.875
3007200,222.79200125
3007201,178.0
3007202,231.956875
3007203,4021.99525
3007204,7.625
3007205,0.375
3007206,22.25
3007207,9.625
3007208,0.25
3007209,243.875
3007210,0.0
3007211,40.625
3007212,4.625
3007213,122.25
3007214,1.25
3007215,227.61437625000002
3007216,259.625
3007217,2.25
3007218,5.625
3007219,125.227375
3007220,50.34875
3007221,1319.5292625
3007222,0.375
3007223,1.625
3007224,3.625
3007225,0.0
3007226,8.375
3007227,3337.375
3007228,0.0
3007229,522.210875
3007230,10.0
3007231,1092.5
3007232,950.75
3007233,159.796875
3007234,152.0
3007235,130.752375
3007236,3990.0
3007237,53.5
3007238,2.75
3007239,31.875
3007240,27.125
3007241,0.125
3007242,296.75
3007243,36.0
3007244,27.125
3007245,3.25
3007246,161.0
3007247,13.25
3007248,243.0389975
3007249,301.5
3007250,12.375
3007251,15.25
3007252,311.667625
3007253,70.572249375
3007254,2741.365875
3007255,0.0
3007256,14.280875125
3007257,9.125
3007258,0.0
3007259,10.625
3007260,4800.0
3007261,0.125
3007262,570.348875
3007263,22.75
3007264,1544.125
3007265,1031.125
3007266,206.6285
3007267,125.75
3007268,136.481125
3007269,5153.625
3007270,36.5
3007271,2.375
3007272,40.625
3007273,77.375
3007274,0.25
3007275,483.125
3007276,39.5
3007277,26.875
3007278,14.125
3007279,262.75
3007280,13.625
3007281,179.38937625
3007282,518.125
3007283,11.5
3007284,15.0
3007285,176.19225
3007286,103.86287575
3007287,2395.301
3007288,6.125
3007289,23.21187525
3007290,12.5
3007291,0.625
3007292,5.125
3007293,4305.25
3007294,0.0
3007295,819.875
3007296,10.625
3007297,1920.75
3007298,784.125
3007299,271.779625
3007300,348.625
3007301,132.313375
3007302,5991.61175
3007303,41.875
3007304,2.125
3007305,34.5
3007306,23.375
3007307,0.375
3007308,426.25
3007309,9.875
3007310,20.75
3007311,10.75
3007312,136.75
3007313,5.25
3007314,191.14037625
3007315,380.625
3007316,10.25
3007317,14.375
3007318,302.75325
3007319,61.94287525
3007320,1898.5407500000001
3007321,2.125
3007322,23.412125
3007323,4.875
3007324,0.25
3007325,6.375
3007326,3275.875
3007327,0.25
3007328,429.98075
3007329,14.75
3007330,1002.25
3007331,896.5
3007332,266.54575
3007333,160.5
3007334,138.10875000000001
3007335,4038.375
3007336,29.75
3007337,1.625
3007338,14.625
3007339,14.25
3007340,0.25
3007341,291.625
3007342,22.75
3007343,25.375
3007344,2.0
3007345,177.875
3007346,9.25
3007347,377.02875
3007348,287.375
3007349,10.5
3007350,11.25
3007351,450.85524375
3007352,60.830125
3007353,2499.2527375
3007354,0.0
3007355,30.356625
3007356,5.5
3007357,0.375
3007358,4.875
3007359,5774.875
3007360,0.0
3007361,428.0
3007362,16.0
3007363,2962.625
3007364,696.625
3007365,323.25
3007366,184.625
3007367,128.76237500000002
3007368,7319.375
3007369,20.875
3007370,2.25
3007371,49.75
3007372,28.25
3007373,0.75
3007374,486.625
3007375,0.0
3007376,0.5
3007377,10.375
3007378,124.125
3007379,3.375
3007380,157.998125
3007381,396.875
3007382,4.875
3007383,11.625
3007384,186.637125
3007385,73.25
3007386,1211.62225
3007387,0.0
3007388,9.5
3007389,8.75
3007390,0.25
3007391,7.75
3007392,3152.875
3007393,0.0
3007394,571.225625
3007395,20.5
3007396,1225.5
3007397,846.125
3007398,270.47974999999997
3007399,158.25
3007400,249.8375
3007401,4465.5
3007402,58.25
3007403,0.875
3007404,34.125
3007405,35.125
3007406,0.125
3007407,302.0
3007408,25.125
3007409,24.25
3007410,11.75
3007411,226.75
3007412,16.375
3007413,256.65675
3007414,540.125
3007415,14.5
3007416,11.5
3007417,205.28662500000002
3007418,62.866499499999996
3007419,2198.82525
3007420,0.125
3007421,9.42375
3007422,7.0
3007423,0.0
3007424,4.875
3007425,3591.625
3007426,0.0
3007427,585.72275
3007428,16.75
3007429,974.625
3007430,1012.0
3007431,217.55949999999999
3007432,171.125
3007433,163.174125
3007434,3959.5
3007435,39.625
3007436,0.75
3007437,32.375
3007438,23.5
3007439,0.375
3007440,295.875
3007441,29.125
3007442,52.5
3007443,7.5
3007444,140.125
3007445,11.0
3007446,302.611875
3007447,279.375
3007448,12.0
3007449,12.125
3007450,293.0964975
3007451,65.92725
3007452,2882.907625
3007453,0.125
3007454,18.192500125
3007455,7.25
3007456,0.125
3007457,6.25
3007458,5619.875
3007459,0.0
3007460,589.125
3007461,20.0
3007462,1443.25
3007463,716.25
3007464,295.4186275
3007465,182.375
3007466,107.39425
3007467,5293.0675
3007468,12.5
3007469,0.0
3007470,21.5
3007471,25.625
3007472,0.0
3007473,287.625
3007474,0.0
3007475,14.0
3007476,2.375
3007477,193.5
3007478,2.625
3007479,195.025125
3007480,342.875
3007481,3.75
3007482,2.25
3007483,219.161
3007484,115.03925
3007485,1276.5723625
3007486,3.375
3007487,0.75
3007488,24.375
3007489,0.0
3007490,26.5
3007491,14608.75
3007492,0.125
3007493,2062.052375
3007494,34.75
3007495,3325.25
3007496,3353.5
3007497,735.294
3007498,800.5
3007499,617.7726250000001
3007500,13230.75
3007501,99.375
3007502,5.125
3007503,157.5
3007504,150.875
3007505,0.5
3007506,1080.25
3007507,37.125
3007508,38.875
3007509,27.375
3007510,614.0
3007511,35.0
3007512,1145.481125
3007513,848.5
3007514,67.625
3007515,45.375
3007516,1499.369125
3007517,319.0130025
3007518,11375.915875
3007519,169.0
3007520,119.584125
3007521,20.625
3007522,0.0
3007523,18.875
3007524,12311.625
3007525,0.0
3007526,1511.439375
3007527,45.75
3007528,3394.25
3007529,2849.5
3007530,942.9715
3007531,494.5
3007532,501.047875
3007533,13601.375
3007534,180.25
3007535,1.875
3007536,90.875
3007537,104.25
3007538,1.375
3007539,954.0
3007540,33.25
3007541,58.125
3007542,6.875
3007543,387.5
3007544,26.5
3007545,1415.9395125
3007546,986.5
3007547,35.5
3007548,35.375
3007549,1631.9796125
3007550,311.970875
3007551,7473.784
3007552,214.5
3007553,106.2122505
3007554,20.75
3007555,0.0
3007556,26.75
3007557,8977.625
3007558,0.5
3007559,1275.75
3007560,25.375
3007561,3483.875
3007562,2175.875
3007563,1154.31475
3007564,230.75
3007565,353.34137499999997
3007566,13299.5
3007567,71.75
3007568,3.75
3007569,67.375
3007570,35.75
3007571,0.875
3007572,976.125
3007573,49.5
3007574,42.625
3007575,11.0
3007576,238.5
3007577,14.0
3007578,1189.0542500000001
3007579,1099.875
3007580,39.625
3007581,67.0
3007582,1126.382875
3007583,191.048375
3007584,3765.982875
3007585,198.75
3007586,69.853750625
3007587,21.25
3007588,0.0
3007589,26.125
3007590,11973.5
3007591,0.0
3007592,1354.25975
3007593,36.0
3007594,3151.375
3007595,2738.375
3007596,842.17925
3007597,453.875
3007598,371.37125
3007599,12910.875
3007600,76.5
3007601,2.5
3007602,74.5
3007603,102.5
3007604,1.25
3007605,923.625
3007606,39.375
3007607,38.625
3007608,4.5
3007609,371.125
3007610,19.375
3007611,1071.0698625
3007612,1011.125
3007613,38.125
3007614,39.375
3007615,1398.395875
3007616,292.17575
3007617,6448.368975
3007618,166.625
3007619,81.99875
3007620,20.875
3007621,0.0
3007622,27.25
3007623,6874.75
3007624,0.125
3007625,1059.0
3007626,35.125
3007627,3013.75
3007628,1788.125
3007629,861.26425
3007630,176.125
3007631,285.281625
3007632,11111.0
3007633,67.875
3007634,0.75
3007635,45.875
3007636,91.0
3007637,0.5
3007638,848.375
3007639,49.125
3007640,18.875
3007641,3.875
3007642,226.5
3007643,8.5
3007644,1066.637125
3007645,998.375
3007646,27.5
3007647,35.125
3007648,1154.667625
3007649,133.6331245
3007650,2631.90925
3007651,131.875
3007652,30.20975
3007653,12.25
3007654,0.0
3007655,13.375
3007656,8494.75
3007657,0.125
3007658,1258.289875
3007659,32.625
3007660,2175.25
3007661,2475.25
3007662,549.685875
3007663,527.75
3007664,455.583375
3007665,8743.0
3007666,69.875
3007667,2.5
3007668,63.625
3007669,83.5
3007670,1.25
3007671,590.125
3007672,22.625
3007673,38.125
3007674,8.5
3007675,429.375
3007676,21.125
3007677,926.27825
3007678,624.375
3007679,23.75
3007680,39.625
3007681,1165.572005
3007682,269.0562525
3007683,7952.50265
3007684,128.25
3007685,74.5355
3007686,5.75
3007687,0.375
3007688,6.375
3007689,2014.625
3007690,0.0
3007691,349.00287249999997
3007692,31.0
3007693,1161.375
3007694,558.25
3007695,226.97025
3007696,82.625
3007697,151.598125
3007698,3208.875
3007699,66.25
3007700,2.25
3007701,31.125
3007702,19.625
3007703,0.375
3007704,254.0
3007705,17.125
3007706,11.25
3007707,11.25
3007708,111.625
3007709,9.25
3007710,256.7835
3007711,258.5
3007712,4.5
3007713,7.625
3007714,247.56675
3007715,58.425125
3007716,1563.56075
3007717,0.875
3007718,9.4648749375
3007719,14.625
3007720,0.0
3007721,19.75
3007722,6256.125
3007723,0.125
3007724,761.167375
3007725,40.875
3007726,2442.875
3007727,1497.125
3007728,634.4855
3007729,148.625
3007730,212.91725
3007731,8846.75
3007732,139.75
3007733,2.375
3007734,70.625
3007735,52.75
3007736,0.375
3007737,684.75
3007738,38.875
3007739,12.875
3007740,4.25
3007741,228.75
3007742,15.75
3007743,664.6465000000001
3007744,775.375
3007745,21.375
3007746,36.375
3007747,490.858
3007748,98.617875
3007749,2623.6339875
3007750,122.5
3007751,24.779750125
3007752,9.0
3007753,0.0
3007754,5.75
3007755,5582.625
3007756,0.0
3007757,989.7600125
3007758,13.25
3007759,1708.875
3007760,1777.0
3007761,278.831875
3007762,368.375
3007763,392.06687750000003
3007764,5769.5
3007765,54.25
3007766,1.375
3007767,52.375
3007768,41.375
3007769,1.125
3007770,410.875
3007771,3.75
3007772,66.25
3007773,10.0
3007774,294.875
3007775,12.625
3007776,680.0459950000001
3007777,380.0
3007778,27.5
3007779,14.25
3007780,729.22125
3007781,141.029
3007782,5803.953875
3007783,4.75
3007784,54.398875
3007785,13.5
3007786,0.0
3007787,11.125
3007788,5556.625
3007789,0.0
3007790,959.77362875
3007791,16.0
3007792,2033.125
3007793,1313.625
3007794,452.8723725
3007795,236.125
3007796,462.652
3007797,7606.0
3007798,62.125
3007799,4.875
3007800,60.125
3007801,53.375
3007802,0.75
3007803,475.25
3007804,11.875
3007805,78.5
3007806,7.875
3007807,380.375
3007808,14.5
3007809,560.6811250000001
3007810,452.875
3007811,20.25
3007812,32.125
3007813,566.29612125
3007814,129.35425
3007815,5194.102
3007816,4.25
3007817,10.691375
3007818,14.375
3007819,0.125
3007820,6.25
3007821,2687.0
3007822,0.0
3007823,559.92562875
3007824,12.125
3007825,1246.375
3007826,622.5
3007827,303.605625
3007828,107.0
3007829,271.556625
3007830,4100.375
3007831,20.5
3007832,1.625
3007833,37.125
3007834,28.375
3007835,0.25
3007836,270.5
3007837,8.125
3007838,20.625
3007839,8.375
3007840,219.375
3007841,2.625
3007842,359.12275
3007843,314.75
3007844,6.0
3007845,9.875
3007846,245.395625
3007847,73.65837499999999
3007848,2470.2778625
3007849,0.125
3007850,5.125
3007851,9.625
3007852,0.0
3007853,2.125
3007854,3054.75
3007855,0.0
3007856,209.25
3007857,6.375
3007858,1402.75
3007859,264.5
3007860,236.876
3007861,59.625
3007862,68.741875
3007863,3627.75
3007864,7.5
3007865,1.0
3007866,24.75
3007867,14.0
3007868,0.125
3007869,266.75
3007870,0.0
3007871,0.0
3007872,5.125
3007873,38.75
3007874,2.0
3007875,57.66825
3007876,205.375
3007877,0.125
3007878,3.5
3007879,74.0603745
3007880,74.0
3007881,702.5070000000001
3007882,0.0
3007883,3.375
3007884,7.375
3007885,0.125
3007886,6.25
3007887,4372.5
3007888,0.0
3007889,664.1062499999999
3007890,21.625
3007891,1491.5
3007892,1176.0
3007893,406.276125
3007894,212.125
3007895,229.39724999999999
3007896,5732.5
3007897,45.25
3007898,1.875
3007899,42.75
3007900,49.875
3007901,0.25
3007902,412.25
3007903,34.75
3007904,22.75
3007905,12.0
3007906,194.75
3007907,8.625
3007908,542.7425000000001
3007909,381.25
3007910,11.75
3007911,15.25
3007912,654.277875
3007913,129.0358745
3007914,2885.810125
3007915,0.0
3007916,40.081374875
3007917,5.875
3007918,0.0
3007919,4.0
3007920,4009.375
3007921,0.125
3007922,634.610125
3007923,26.625
3007924,914.375
3007925,1207.375
3007926,172.695625
3007927,259.25
3007928,304.375375
3007929,3481.0
3007930,43.5
3007931,3.5
3007932,42.75
3007933,23.125
3007934,0.75
3007935,223.625
3007936,23.0
3007937,57.5
3007938,6.25
3007939,302.75
3007940,14.875
3007941,434.35775
3007942,217.25
3007943,8.125
3007944,17.75
3007945,579.8863775
3007946,144.901375
3007947,4481.61
3007948,0.0
3007949,34.872500125
3007950,7.0
3007951,0.0
3007952,16.375
3007953,6284.5
3007954,0.125
3007955,957.6715
3007956,31.25
3007957,1533.875
3007958,1818.75
3007959,361.11200125
3007960,436.375
3007961,218.249625
3007962,6237.25
3007963,50.375
3007964,5.375
3007965,50.5
3007966,52.125
3007967,1.375
3007968,477.75
3007969,46.0
3007970,51.875
3007971,20.125
3007972,236.0
3007973,25.375
3007974,518.717375
3007975,434.625
3007976,28.375
3007977,27.25
3007978,766.64475
3007979,198.22012375
3007980,5568.658
3007981,0.0
3007982,47.854625
3007983,12.75
3007984,0.875
3007985,10.875
3007986,4171.5
3007987,0.0
3007988,598.5
3007989,31.625
3007990,1941.625
3007991,1001.0
3007992,626.180125
3007993,210.75
3007994,154.7265
3007995,7955.9736250000005
3007996,19.75
3007997,1.5
3007998,60.25
3007999,51.375
3008000,0.375
3008001,530.75
3008002,18.5
3008003,7.875
3008004,7.875
3008005,123.5
3008006,2.375
3008007,382.190125
3008008,553.875
3008009,9.125
3008010,10.625
3008011,515.3833775
3008012,143.5832475
3008013,1770.5771249999998
3008014,40.375
3008015,23.865625125
3008016,2.5
3008017,0.0
3008018,2.375
3008019,1059.0
3008020,0.0
3008021,154.70525
3008022,4.375
3008023,247.125
3008024,328.875
3008025,60.2372505
3008026,70.375
3008027,47.125
3008028,1136.0
3008029,9.375
3008030,1.125
3008031,7.5
3008032,8.875
3008033,0.0
3008034,86.75
3008035,7.75
3008036,11.375
3008037,3.25
3008038,43.375
3008039,2.875
3008040,112.58662425
3008041,66.5
3008042,2.875
3008043,3.0
3008044,134.73312375
3008045,36.997625
3008046,1167.06525
3008047,0.0
3008048,12.6841249625
3008049,1.875
3008050,0.0
3008051,3.375
3008052,1482.375
3008053,0.0
3008054,125.75
3008055,3.625
3008056,809.375
3008057,334.0
3008058,296.375
3008059,55.0
3008060,36.125
3008061,2988.5
3008062,5.875
3008063,0.25
3008064,14.375
3008065,10.625
3008066,0.375
3008067,217.75
3008068,5.375
3008069,0.0
3008070,2.0
3008071,10.25
3008072,0.625
3008073,186.05562625
3008074,216.25
3008075,1.625
3008076,4.625
3008077,205.63162625
3008078,24.375
3008079,274.653625
3008080,0.375
3008081,0.875
3008082,10.125
3008083,0.25
3008084,4.25
3008085,5302.375
3008086,0.0
3008087,780.75
3008088,10.875
3008089,2128.75
3008090,813.875
3008091,594.70225
3008092,252.75
3008093,133.81949875
3008094,8529.12225
3008095,25.625
3008096,1.25
3008097,37.625
3008098,22.75
3008099,0.625
3008100,612.625
3008101,13.0
3008102,2.75
3008103,9.75
3008104,31.375
3008105,3.875
3008106,625.6241299999999
3008107,519.375
3008108,3.875
3008109,15.0
3008110,484.4913775
3008111,88.304
3008112,1603.0691375
3008113,6.5
3008114,17.5
3008115,6.5
3008116,0.0
3008117,1.875
3008118,2010.0
3008119,0.0
3008120,221.75
3008121,9.375
3008122,1160.375
3008123,485.625
3008124,242.25
3008125,68.5
3008126,38.375
3008127,3046.5
3008128,10.375
3008129,1.25
3008130,14.75
3008131,24.0
3008132,0.375
3008133,210.0
3008134,9.75
3008135,0.0
3008136,4.125
3008137,34.875
3008138,1.25
3008139,149.99787625
3008140,222.125
3008141,3.875
3008142,8.125
3008143,170.5043725
3008144,29.375
3008145,389.3405
3008146,1.25
3008147,3.25
3008148,4.625
3008149,0.0
3008150,3.875
3008151,1524.75
3008152,0.0
3008153,154.875
3008154,7.875
3008155,801.0
3008156,292.875
3008157,164.875
3008158,64.25
3008159,31.25
3008160,2530.625
3008161,15.125
3008162,0.125
3008163,16.0
3008164,10.375
3008165,0.0
3008166,158.25
3008167,3.125
3008168,0.0
3008169,3.25
3008170,19.875
3008171,1.625
3008172,106.987375
3008173,182.75
3008174,1.125
3008175,6.75
3008176,109.2495005
3008177,26.625
3008178,197.250875
3008179,1.5
3008180,3.0
3008181,4.875
3008182,0.0
3008183,3.0
3008184,1647.375
3008185,0.0
3008186,161.125
3008187,8.25
3008188,1261.75
3008189,339.0
3008190,193.875
3008191,53.125
3008192,42.322625
3008193,2542.625
3008194,8.625
3008195,0.875
3008196,10.125
3008197,21.0
3008198,0.375
3008199,176.25
3008200,0.75
3008201,0.0
3008202,2.375
3008203,22.625
3008204,2.375
3008205,212.497125
3008206,192.25
3008207,1.75
3008208,4.25
3008209,78.9365
3008210,62.625
3008211,406.490875
3008212,1.5
3008213,3.5
3008214,5.125
3008215,0.875
3008216,4.75
3008217,1507.25
3008218,0.0
3008219,169.75
3008220,2.625
3008221,782.875
3008222,288.625
3008223,225.75
3008224,77.75
3008225,52.5
3008226,2414.375
3008227,5.5
3008228,1.25
3008229,13.375
3008230,15.5
3008231,0.0
3008232,198.625
3008233,8.75
3008234,0.0
3008235,3.5
3008236,14.375
3008237,1.875
3008238,100.72125
3008239,180.625
3008240,1.25
3008241,5.25
3008242,90.887625
3008243,29.875
3008244,540.508
3008245,3.375
3008246,2.875
3008247,6.625
3008248,0.125
3008249,2.875
3008250,1714.5
3008251,0.0
3008252,209.25
3008253,6.625
3008254,1617.375
3008255,366.0
3008256,226.5
3008257,185.75
3008258,42.07937525
3008259,2826.625
3008260,8.25
3008261,0.625
3008262,13.125
3008263,22.125
3008264,0.25
3008265,249.875
3008266,0.0
3008267,0.0
3008268,3.25
3008269,43.125
3008270,1.625
3008271,72.337875
3008272,201.5
3008273,1.25
3008274,4.875
3008275,88.526
3008276,43.375
3008277,620.452
3008278,0.0
3008279,1.5
3008280,12.125
3008281,0.875
3008282,7.375
3008283,4446.5
3008284,0.0
3008285,546.0
3008286,8.75
3008287,1521.5
3008288,1037.375
3008289,714.625
3008290,254.625
3008291,144.0
3008292,6067.125
3008293,19.125
3008294,1.625
3008295,31.5
3008296,35.375
3008297,0.5
3008298,479.875
3008299,2.125
3008300,0.0
3008301,6.375
3008302,51.625
3008303,4.25
3008304,321.528125
3008305,421.375
3008306,3.375
3008307,11.75
3008308,520.1729975
3008309,76.5
3008310,1940.995
3008311,2.5
3008312,28.0
3008313,6.125
3008314,0.125
3008315,7.875
3008316,3087.25
3008317,0.0
3008318,827.875
3008319,8.0
3008320,877.125
3008321,883.5
3008322,295.612
3008323,270.5
3008324,89.125
3008325,3797.57925
3008326,16.5
3008327,1.5
3008328,37.25
3008329,23.875
3008330,0.125
3008331,316.875
3008332,20.125
3008333,4.625
3008334,7.125
3008335,47.875
3008336,2.75
3008337,138.047375
3008338,270.25
3008339,7.25
3008340,11.375
3008341,298.83587625
3008342,72.55262525
3008343,2456.897
3008344,23.0
3008345,24.48825
3008346,8.75
3008347,0.625
3008348,4.375
3008349,2603.0
3008350,0.0
3008351,198.125
3008352,4.5
3008353,924.0
3008354,374.5
3008355,308.125
3008356,82.75
3008357,44.578625
3008358,3401.375
3008359,20.5
3008360,1.875
3008361,15.125
3008362,29.375
3008363,0.5
3008364,202.375
3008365,11.75
3008366,0.0
3008367,5.0
3008368,23.75
3008369,3.25
3008370,133.24375
3008371,214.25
3008372,2.375
3008373,6.625
3008374,79.8514995
3008375,30.125
3008376,509.60825
3008377,0.375
3008378,3.625
3008379,9.375
3008380,0.0
3008381,9.25
3008382,4198.875
3008383,0.0
3008384,828.125
3008385,11.125
3008386,1180.375
3008387,1141.75
3008388,261.830375
3008389,254.625
3008390,137.261375
3008391,5045.125
3008392,62.375
3008393,2.375
3008394,22.625
3008395,35.0
3008396,0.25
3008397,357.5
3008398,42.0
3008399,22.25
3008400,6.5
3008401,91.875
3008402,9.75
3008403,402.2428725
3008404,360.75
3008405,11.875
3008406,12.125
3008407,613.46625
3008408,120.41549875
3008409,3085.5493875
3008410,0.0
3008411,49.84625
3008412,14.75
3008413,0.125
3008414,9.5
3008415,5867.25
3008416,0.0
3008417,1058.75
3008418,10.875
3008419,2498.75
3008420,1369.25
3008421,1036.10625
3008422,222.0
3008423,116.69862499999999
3008424,8919.629
3008425,24.25
3008426,1.625
3008427,37.25
3008428,32.25
3008429,0.25
3008430,647.25
3008431,12.875
3008432,9.25
3008433,7.5
3008434,57.375
3008435,2.75
3008436,483.0472475
3008437,694.375
3008438,8.25
3008439,9.875
3008440,551.19575
3008441,121.6316245
3008442,1809.8492375
3008443,35.5
3008444,26.1612495
3008445,17.875
3008446,1.375
3008447,10.25
3008448,4654.75
3008449,0.0
3008450,849.375
3008451,4.75
3008452,2418.625
3008453,1047.625
3008454,558.8135
3008455,429.875
3008456,111.6261245
3008457,6707.9335
3008458,30.375
3008459,1.25
3008460,53.25
3008461,54.5
3008462,0.625
3008463,540.0
3008464,10.5
3008465,3.75
3008466,17.875
3008467,63.75
3008468,3.25
3008469,181.55349999999999
3008470,508.75
3008471,5.125
3008472,8.75
3008473,256.50475
3008474,213.90087499999998
3008475,1996.9398875
3008476,1.25
3008477,9.75
3008478,6.125
3008479,0.0
3008480,5.5
3008481,1889.625
3008482,0.0
3008483,175.25
3008484,7.25
3008485,788.625
3008486,416.75
3008487,190.125
3008488,69.125
3008489,52.5
3008490,2823.25
3008491,7.125
3008492,0.625
3008493,21.375
3008494,20.5
3008495,0.5
3008496,224.875
3008497,2.625
3008498,0.0
3008499,7.0
3008500,29.0
3008501,4.0
3008502,128.566626125
3008503,205.75
3008504,1.5
3008505,8.125
3008506,167.80512375
3008507,41.375
3008508,499.395875
3008509,1.125
3008510,3.75
3008511,2.75
3008512,0.0
3008513,1.125
3008514,1939.125
3008515,0.0
3008516,268.781
3008517,11.5
3008518,592.125
3008519,570.25
3008520,142.85137500000002
3008521,56.375
3008522,73.966
3008523,2313.0
3008524,18.375
3008525,0.25
3008526,14.25
3008527,10.125
3008528,0.875
3008529,161.0
3008530,16.375
3008531,4.0
3008532,2.5
3008533,45.25
3008534,4.875
3008535,1037.5199937500001
3008536,198.75
3008537,4.25
3008538,6.5
3008539,307.7253725
3008540,33.772375375
3008541,1275.78325
3008542,0.0
3008543,7.945125
3008544,3.625
3008545,0.25
3008546,5.375
3008547,4033.5
3008548,0.25
3008549,821.998375
3008550,11.25
3008551,1131.5
3008552,1389.0
3008553,267.563375
3008554,237.875
3008555,137.175875
3008556,4102.125
3008557,41.125
3008558,1.25
3008559,25.875
3008560,33.875
3008561,0.125
3008562,295.25
3008563,15.25
3008564,37.125
3008565,7.75
3008566,73.375
3008567,10.375
3008568,364.7845
3008569,339.625
3008570,19.875
3008571,12.25
3008572,516.5775
3008573,119.588999875
3008574,3535.77025
3008575,0.0
3008576,22.78825
3008577,4.375
3008578,0.25
3008579,4.5
3008580,2195.5
3008581,0.0
3008582,424.259875
3008583,6.625
3008584,482.25
3008585,622.375
3008586,154.03625
3008587,120.625
3008588,96.076
3008589,2034.875
3008590,28.125
3008591,1.625
3008592,15.5
3008593,17.75
3008594,0.25
3008595,124.0
3008596,0.0
3008597,25.375
3008598,6.25
3008599,155.125
3008600,7.0
3008601,183.15225
3008602,130.0
3008603,5.625
3008604,8.5
3008605,172.692625
3008606,44.123625375
3008607,1571.74
3008608,1.875
3008609,3.375
3008610,6.25
3008611,0.0
3008612,1.0
3008613,1504.75
3008614,0.0
3008615,315.125
3008616,7.375
3008617,641.625
3008618,431.0
3008619,138.038875
3008620,59.75
3008621,43.90137525
3008622,2369.375
3008623,17.0
3008624,1.5
3008625,19.25
3008626,13.5
3008627,0.625
3008628,136.125
3008629,0.375
3008630,8.75
3008631,2.875
3008632,22.5
3008633,0.875
3008634,374.3437525
3008635,176.0
3008636,3.5
3008637,2.125
3008638,209.066125
3008639,41.375
3008640,674.12525
3008641,1.125
3008642,3.375
3008643,13.5
3008644,0.0
3008645,3.875
3008646,5603.25
3008647,0.25
3008648,995.4693749999999
3008649,16.75
3008650,1271.75
3008651,1600.0
3008652,425.427625
3008653,366.125
3008654,184.935
3008655,6159.125
3008656,46.25
3008657,4.0
3008658,38.375
3008659,42.25
3008660,0.375
3008661,389.125
3008662,19.375
3008663,50.875
3008664,11.0
3008665,200.75
3008666,4.75
3008667,365.7748775
3008668,391.0
3008669,13.625
3008670,14.375
3008671,556.966375
3008672,124.96124950000001
3008673,3720.3998625
3008674,3.125
3008675,25.070375
3008676,9.75
3008677,0.0
3008678,6.0
3008679,5957.875
3008680,0.0
3008681,1192.5
3008682,15.375
3008683,1857.125
3008684,1662.625
3008685,623.65975
3008686,418.25
3008687,106.076375
3008688,8205.1865
3008689,28.0
3008690,2.125
3008691,51.25
3008692,30.75
3008693,1.5
3008694,504.625
3008695,0.0
3008696,9.5
3008697,7.75
3008698,62.875
3008699,1.625
3008700,254.183625
3008701,541.875
3008702,8.0
3008703,8.75
3008704,377.4445025
3008705,119.20175
3008706,2298.2972375
3008707,5.5
3008708,6.75
3008709,9.5
3008710,0.625
3008711,5.0
3008712,4926.75
3008713,0.0
3008714,1096.125
3008715,13.125
3008716,1527.0
3008717,1295.875
3008718,447.35275
3008719,352.75
3008720,100.019875
3008721,5969.05475
3008722,34.875
3008723,3.0
3008724,43.625
3008725,27.625
3008726,0.375
3008727,445.5
3008728,0.0
3008729,6.75
3008730,8.625
3008731,97.875
3008732,2.375
3008733,155.17474875
3008734,418.5
3008735,7.0
3008736,6.25
3008737,285.489375
3008738,95.23587549999999
3008739,1744.69525
3008740,4.875
3008741,13.25
3008742,17.125
3008743,1.875
3008744,25.25
3008745,11877.0
3008746,0.0
3008747,1523.762875
3008748,29.625
3008749,2642.0
3008750,2851.625
3008751,482.247375
3008752,665.5
3008753,460.577625
3008754,10338.75
3008755,131.125
3008756,3.5
3008757,79.25
3008758,70.75
3008759,1.0
3008760,788.125
3008761,77.125
3008762,68.25
3008763,27.5
3008764,220.0
3008765,31.75
3008766,910.362375
3008767,820.375
3008768,26.0
3008769,36.75
3008770,1470.472375
3008771,300.54375
3008772,9782.7207875
3008773,2.875
3008774,112.57525
3008775,2.5
3008776,0.375
3008777,0.625
3008778,1663.625
3008779,0.0
3008780,233.25
3008781,6.875
3008782,575.25
3008783,358.0
3008784,142.0
3008785,153.0
3008786,45.32262525
3008787,2029.375
3008788,9.25
3008789,0.75
3008790,18.125
3008791,12.5
3008792,0.25
3008793,143.875
3008794,2.375
3008795,0.0
3008796,3.875
3008797,35.5
3008798,0.625
3008799,61.60725
3008800,112.5
3008801,1.875
3008802,4.625
3008803,124.79537499999999
3008804,24.625
3008805,604.182375
3008806,0.0
3008807,5.375
3008808,10.875
3008809,0.125
3008810,5.875
3008811,5050.25
3008812,0.0
3008813,797.875
3008814,9.75
3008815,1862.875
3008816,1129.375
3008817,347.64212499999996
3008818,399.0
3008819,77.056
3008820,6410.910125
3008821,23.25
3008822,0.5
3008823,43.75
3008824,34.25
3008825,0.375
3008826,465.125
3008827,2.875
3008828,4.125
3008829,12.125
3008830,18.75
3008831,2.5
3008832,476.58137750000003
3008833,449.0
3008834,4.5
3008835,12.625
3008836,160.617625
3008837,102.811
3008838,1596.1466249999999
3008839,3.375
3008840,5.125
3008841,2.25
3008842,0.0
3008843,1.0
3008844,1182.375
3008845,0.0
3008846,184.75
3008847,4.125
3008848,744.875
3008849,261.5
3008850,124.125
3008851,164.625
3008852,24.764375
3008853,1871.75
3008854,2.125
3008855,0.375
3008856,12.125
3008857,3.875
3008858,0.0
3008859,122.625
3008860,0.0
3008861,0.0
3008862,0.25
3008863,41.0
3008864,0.375
3008865,84.170875
3008866,106.0
3008867,0.625
3008868,1.75
3008869,63.609874375000004
3008870,15.0
3008871,245.33800000000002
3008872,0.0
3008873,2.375
3008874,14.125
3008875,0.0
3008876,5.25
3008877,2695.625
3008878,0.0
3008879,365.5
3008880,10.625
3008881,1300.0
3008882,603.5
3008883,230.25
3008884,172.375
3008885,47.979124999999996
3008886,4002.5
3008887,6.375
3008888,0.625
3008889,38.125
3008890,29.375
3008891,0.5
3008892,321.75
3008893,0.0
3008894,0.0
3008895,21.625
3008896,29.125
3008897,2.25
3008898,346.78575
3008899,324.5
3008900,2.875
3008901,7.875
3008902,273.651375
3008903,38.0
3008904,1408.143
3008905,0.0
3008906,1.625
3008907,3.5
3008908,0.25
3008909,1.375
3008910,2805.5
3008911,0.0
3008912,747.5
3008913,6.625
3008914,936.125
3008915,778.0
3008916,262.852
3008917,128.75
3008918,67.901875
3008919,4462.59875
3008920,8.125
3008921,2.5
3008922,32.875
3008923,37.5
3008924,0.5
3008925,235.25
3008926,6.375
3008927,3.875
3008928,4.0
3008929,27.0
3008930,2.25
3008931,170.079125
3008932,274.0
3008933,3.5
3008934,7.0
3008935,148.738625
3008936,31.12225025
3008937,673.154875
3008938,5.25
3008939,4.125
3008940,4.875
3008941,0.0
3008942,1.125
3008943,1833.125
3008944,0.0
3008945,156.125
3008946,3.5
3008947,644.0
3008948,262.75
3008949,116.75
3008950,203.5
3008951,64.0
3008952,2358.26475
3008953,10.375
3008954,0.25
3008955,15.125
3008956,17.75
3008957,0.25
3008958,134.875
3008959,0.0
3008960,0.0
3008961,0.625
3008962,68.75
3008963,1.0
3008964,219.259875
3008965,119.875
3008966,1.0
3008967,1.25
3008968,76.92762475
3008969,27.5
3008970,464.66499999999996
3008971,0.125
3008972,1.125
3008973,6.25
3008974,0.0
3008975,1.375
3008976,3946.875
3008977,0.0
3008978,640.875
3008979,10.25
3008980,1085.25
3008981,868.875
3008982,282.574
3008983,157.0
3008984,107.00825
3008985,4937.720625
3008986,10.125
3008987,0.125
3008988,18.125
3008989,17.375
3008990,0.0
3008991,289.375
3008992,0.0
3008993,29.875
3008994,2.625
3008995,58.875
3008996,1.75
3008997,212.88775
3008998,295.75
3008999,3.5
3009000,5.0
3009001,139.15325075
3009002,50.240125
3009003,1332.7415125
3009004,1.25
3009005,1.5
3009006,3.5
3009007,0.0
3009008,5.875
3009009,2610.625
3009010,0.0
3009011,460.25325
3009012,6.375
3009013,847.625
3009014,781.75
3009015,144.657875
3009016,129.75
3009017,96.208
3009018,3119.0
3009019,50.25
3009020,1.75
3009021,20.75
3009022,20.25
3009023,0.375
3009024,240.0
3009025,30.875
3009026,18.625
3009027,2.25
3009028,83.125
3009029,8.625
3009030,174.6315025
3009031,265.75
3009032,12.375
3009033,14.5
3009034,229.391625
3009035,61.704499999999996
3009036,2150.5376125000003
3009037,0.25
3009038,10.1741249375
3009039,8.875
3009040,0.0
3009041,10.375
3009042,3112.25
3009043,0.0
3009044,611.099
3009045,17.0
3009046,1726.75
3009047,973.25
3009048,190.34625
3009049,137.75
3009050,115.65075
3009051,4945.125
3009052,28.375
3009053,2.875
3009054,35.25
3009055,81.25
3009056,0.625
3009057,477.5
3009058,41.75
3009059,18.0
3009060,10.0
3009061,102.5
3009062,13.5
3009063,150.197625
3009064,525.625
3009065,9.625
3009066,15.625
3009067,152.505875
3009068,95.69825
3009069,2351.930125
3009070,0.125
3009071,19.083499875
3009072,10.0
3009073,0.25
3009074,6.0
3009075,4739.125
3009076,0.0
3009077,927.25
3009078,8.125
3009079,2139.0
3009080,849.0
3009081,269.072375
3009082,387.375
3009083,84.875
3009084,6075.430625
3009085,43.0
3009086,4.0
3009087,26.0
3009088,25.5
3009089,0.375
3009090,496.875
3009091,13.125
3009092,16.25
3009093,9.0
3009094,54.5
3009095,5.25
3009096,172.10287675
3009097,454.25
3009098,10.25
3009099,15.375
3009100,274.99037875
3009101,65.7275
3009102,2016.04125
3009103,4.5
3009104,20.729625
3009105,4.375
3009106,0.125
3009107,7.25
3009108,3864.0
3009109,0.0
3009110,535.0825
3009111,8.0
3009112,1101.75
3009113,1147.125
3009114,271.10575
3009115,228.375
3009116,140.61124999999998
3009117,4690.375
3009118,32.375
3009119,2.375
3009120,18.25
3009121,18.625
3009122,0.375
3009123,363.125
3009124,36.5
3009125,26.25
3009126,2.5
3009127,88.75
3009128,7.375
3009129,411.8475
3009130,368.75
3009131,12.0
3009132,15.5
3009133,559.9330025
3009134,57.616375
3009135,3320.8822499999997
3009136,0.125
3009137,37.911375
3009138,5.5
3009139,0.125
3009140,2.75
3009141,4667.125
3009142,0.0
3009143,500.5
3009144,5.125
3009145,2505.0
3009146,722.5
3009147,315.75
3009148,168.5
3009149,60.22625
3009150,5966.75
3009151,13.125
3009152,2.125
3009153,36.75
3009154,29.125
3009155,0.375
3009156,433.5
3009157,0.0
3009158,0.25
3009159,8.25
3009160,30.625
3009161,3.0
3009162,154.6436275
3009163,371.25
3009164,4.0
3009165,11.125
3009166,175.747625
3009167,63.0
3009168,1096.84425
3009169,0.0
3009170,5.75
3009171,12.375
3009172,0.25
3009173,11.125
3009174,4372.25
3009175,0.0
3009176,765.79649625
3009177,13.375
3009178,1912.5
3009179,1139.375
3009180,371.41425
3009181,212.0
3009182,162.799375
3009183,5588.25
3009184,68.75
3009185,2.375
3009186,34.375
3009187,46.25
3009188,0.5
3009189,431.125
3009190,42.0
3009191,25.25
3009192,15.0
3009193,76.875
3009194,17.875
3009195,276.779125
3009196,544.375
3009197,19.5
3009198,14.625
3009199,267.2054975
3009200,73.4176255
3009201,2860.9936125
3009202,1.25
3009203,10.59575
3009204,5.375
3009205,0.0
3009206,7.75
3009207,3470.875
3009208,0.0
3009209,616.903375
3009210,9.625
3009211,1014.375
3009212,1030.75
3009213,204.896375
3009214,190.625
3009215,112.53887499999999
3009216,4162.75
3009217,44.5
3009218,2.25
3009219,26.5
3009220,20.125
3009221,0.25
3009222,316.0
3009223,33.75
3009224,35.875
3009225,7.25
3009226,64.125
3009227,10.625
3009228,252.39075
3009229,351.0
3009230,10.0
3009231,13.0
3009232,283.72337500000003
3009233,63.77275
3009234,2960.02775
3009235,0.25
3009236,24.990375
3009237,7.125
3009238,0.0
3009239,4.25
3009240,6325.125
3009241,0.0
3009242,820.25
3009243,24.25
3009244,1573.125
3009245,1012.25
3009246,358.56375
3009247,253.25
3009248,72.95475
3009249,6597.097875
3009250,13.625
3009251,0.0
3009252,16.375
3009253,24.875
3009254,0.375
3009255,350.0
3009256,0.0
3009257,12.125
3009258,2.25
3009259,119.25
3009260,1.625
3009261,246.52787375
3009262,402.75
3009263,5.125
3009264,3.125
3009265,312.608375
3009266,176.70487500000002
3009267,1482.2345
3009268,6.125
3009269,2.375
3009270,25.0
3009271,0.0
3009272,27.125
3009273,15172.125
3009274,0.25
3009275,2326.611
3009276,21.75
3009277,3633.75
3009278,3775.5
3009279,868.3618749999999
3009280,961.875
3009281,560.6279999999999
3009282,14457.875
3009283,116.375
3009284,6.25
3009285,160.625
3009286,142.375
3009287,1.75
3009288,1290.375
3009289,57.5
3009290,27.0
3009291,34.625
3009292,347.25
3009293,33.125
3009294,1155.26225
3009295,943.375
3009296,70.75
3009297,53.875
3009298,1701.8333750000002
3009299,348.4427475
3009300,13184.568125
3009301,153.0
3009302,138.292375
3009303,25.125
3009304,0.0
3009305,24.875
3009306,14690.5
3009307,0.0
3009308,1745.080875
3009309,24.5
3009310,3971.5
3009311,3357.375
3009312,1087.52125
3009313,611.625
3009314,454.503125
3009315,16000.75
3009316,182.625
3009317,3.75
3009318,98.375
3009319,104.0
3009320,1.75
3009321,1164.5
3009322,55.0
3009323,48.875
3009324,7.75
3009325,213.25
3009326,28.0
3009327,1569.4667375
3009328,1252.75
3009329,39.75
3009330,46.5
3009331,1885.7107375
3009332,338.7640025
3009333,9032.267875
3009334,296.0
3009335,141.149999375
3009336,18.875
3009337,0.0
3009338,33.0
3009339,10534.875
3009340,0.25
3009341,1412.5
3009342,14.875
3009343,3976.875
3009344,2600.375
3009345,1280.9848749999999
3009346,268.5
3009347,376.05475
3009348,15034.375
3009349,72.25
3009350,5.25
3009351,69.125
3009352,42.0
3009353,1.125
3009354,1128.875
3009355,62.875
3009356,43.0
3009357,11.0
3009358,114.625
3009359,11.75
3009360,1248.698875
3009361,1273.0
3009362,41.875
3009363,76.5
3009364,1354.905
3009365,180.56612375
3009366,4595.159625
3009367,211.125
3009368,82.1925
3009369,22.125
3009370,0.0
3009371,31.25
3009372,14030.75
3009373,0.125
3009374,1609.7825
3009375,15.875
3009376,3553.25
3009377,3125.0
3009378,1035.433875
3009379,552.5
3009380,381.6813775
3009381,14473.125
3009382,77.75
3009383,3.0
3009384,75.5
3009385,120.5
3009386,1.5
3009387,1075.75
3009388,54.0
3009389,46.375
3009390,7.25
3009391,202.5
3009392,17.875
3009393,1157.275625
3009394,1188.0
3009395,39.875
3009396,48.25
3009397,1645.456125
3009398,304.23975
3009399,8200.272875
3009400,233.125
3009401,104.08975050000001
3009402,23.125
3009403,0.0
3009404,36.25
3009405,8957.375
3009406,0.0
3009407,1349.125
3009408,20.125
3009409,3817.875
3009410,2235.0
3009411,1141.453
3009412,242.625
3009413,321.2195
3009414,13897.375
3009415,78.5
3009416,1.875
3009417,47.0
3009418,107.625
3009419,1.0
3009420,1108.5
3009421,46.25
3009422,23.25
3009423,4.375
3009424,107.125
3009425,10.125
3009426,1292.164125
3009427,1292.875
3009428,34.875
3009429,43.5
3009430,1453.89975
3009431,152.31024875
3009432,3508.6968749999996
3009433,151.25
3009434,40.80225
3009435,12.625
3009436,0.0
3009437,20.0
3009438,9754.75
3009439,0.0
3009440,1456.982125
3009441,19.25
3009442,2458.375
3009443,2821.5
3009444,634.797625
3009445,636.125
3009446,420.15975
3009447,10111.0
3009448,84.5
3009449,2.75
3009450,68.25
3009451,58.125
3009452,0.875
3009453,732.25
3009454,30.125
3009455,29.875
3009456,11.25
3009457,248.875
3009458,23.375
3009459,952.447875
3009460,764.375
3009461,31.75
3009462,49.625
3009463,1329.211025
3009464,265.77799875
3009465,9471.85475
3009466,108.5
3009467,85.881126
3009468,9.125
3009469,0.75
3009470,9.0
3009471,2384.875
3009472,0.0
3009473,419.401375
3009474,20.0
3009475,1101.25
3009476,670.75
3009477,261.751875
3009478,110.25
3009479,93.523875
3009480,3553.625
3009481,68.625
3009482,1.625
3009483,29.375
3009484,29.125
3009485,0.375
3009486,288.375
3009487,20.5
3009488,8.0
3009489,14.875
3009490,57.875
3009491,8.625
3009492,265.543875
3009493,314.375
3009494,4.625
3009495,8.5
3009496,270.7015
3009497,59.834374999999994
3009498,1718.78575
3009499,1.0
3009500,11.236875
3009501,14.625
3009502,0.0
3009503,19.625
3009504,6790.0
3009505,0.0
3009506,784.4957499999999
3009507,34.375
3009508,2547.625
3009509,1644.375
3009510,699.0115
3009511,172.0
3009512,170.31525
3009513,9146.0
3009514,150.875
3009515,2.5
3009516,68.375
3009517,138.5
3009518,0.375
3009519,700.25
3009520,36.25
3009521,10.75
3009522,4.375
3009523,117.5
3009524,12.625
3009525,624.4365
3009526,787.125
3009527,21.75
3009528,38.125
3009529,561.62412125
3009530,91.9705
3009531,2850.7385
3009532,152.75
3009533,28.198749874999997
3009534,11.875
3009535,0.0
3009536,8.375
3009537,6636.25
3009538,0.0
3009539,1187.62675
3009540,7.375
3009541,1848.5
3009542,2143.25
3009543,330.165375
3009544,456.0
3009545,292.44675
3009546,7068.625
3009547,64.0
3009548,2.625
3009549,43.375
3009550,49.0
3009551,0.75
3009552,486.25
3009553,10.375
3009554,47.375
3009555,6.625
3009556,145.375
3009557,13.75
3009558,703.76837875
3009559,431.0
3009560,27.625
3009561,13.625
3009562,827.352375
3009563,159.75625125
3009564,6494.804
3009565,10.0
3009566,63.077375
3009567,21.0
3009568,0.0
3009569,11.25
3009570,5831.375
3009571,0.0
3009572,1081.174375
3009573,13.625
3009574,2030.0
3009575,1483.125
3009576,476.11925
3009577,269.625
3009578,288.3745
3009579,7768.375
3009580,74.5
3009581,2.75
3009582,62.0
3009583,71.75
3009584,0.75
3009585,535.25
3009586,14.875
3009587,63.125
3009588,7.625
3009589,171.375
3009590,12.375
3009591,511.05875000000003
3009592,521.75
3009593,17.75
3009594,36.5
3009595,598.06487125
3009596,138.43725
3009597,4924.69975
3009598,7.75
3009599,10.194624875
3009600,14.75
3009601,0.25
3009602,7.875
3009603,3363.5
3009604,0.0
3009605,690.605625
3009606,9.25
3009607,1385.75
3009608,827.375
3009609,350.7891275
3009610,147.75
3009611,131.19774999999998
3009612,4475.125
3009613,25.25
3009614,2.125
3009615,37.75
3009616,33.125
3009617,0.5
3009618,337.875
3009619,10.375
3009620,15.75
3009621,9.875
3009622,96.375
3009623,6.75
3009624,350.1058775
3009625,360.75
3009626,7.125
3009627,10.125
3009628,300.219875
3009629,85.210125
3009630,2690.92525
3009631,1.25
3009632,3.875
3009633,10.375
3009634,0.0
3009635,3.0
3009636,7449.625
3009637,0.0
3009638,412.75
3009639,4.125
3009640,1669.875
3009641,359.125
3009642,316.005375
3009643,89.625
3009644,50.625
3009645,4550.0
3009646,9.625
3009647,1.25
3009648,38.375
3009649,17.625
3009650,0.125
3009651,366.875
3009652,0.0
3009653,0.0
3009654,4.875
3009655,35.0
3009656,1.25
3009657,71.877625
3009658,295.0
3009659,0.125
3009660,2.625
3009661,77.36587399999999
3009662,110.25
3009663,860.709125
3009664,0.0
3009665,3.5
3009666,9.5
3009667,0.125
3009668,11.0
3009669,5501.875
3009670,0.0
3009671,692.716625
3009672,12.5
3009673,1760.375
3009674,1482.0
3009675,474.425375
3009676,280.375
3009677,207.1215
3009678,6839.25
3009679,47.75
3009680,1.75
3009681,42.0
3009682,52.5
3009683,0.25
3009684,565.375
3009685,51.625
3009686,20.75
3009687,9.625
3009688,98.125
3009689,9.875
3009690,594.37874375
3009691,513.75
3009692,14.25
3009693,24.5
3009694,772.888875
3009695,129.929
3009696,3701.563875
3009697,0.0
3009698,59.45137475
3009699,6.0
3009700,0.125
3009701,6.25
3009702,4053.0
3009703,0.125
3009704,647.3465
3009705,14.875
3009706,962.25
3009707,1219.125
3009708,173.654375
3009709,266.875
3009710,225.689125
3009711,3579.125
3009712,33.125
3009713,3.25
3009714,64.25
3009715,22.125
3009716,0.625
3009717,259.0
3009718,19.875
3009719,37.125
3009720,9.375
3009721,197.75
3009722,13.625
3009723,438.599125
3009724,248.0
3009725,9.5
3009726,14.875
3009727,582.079125
3009728,128.24462625
3009729,4648.79725
3009730,0.125
3009731,37.285250250000004
3009732,6.5
3009733,0.75
3009734,14.25
3009735,6420.75
3009736,0.0
3009737,960.1925
3009738,16.125
3009739,1574.375
3009740,1884.125
3009741,382.375
3009742,468.875
3009743,191.519125
3009744,6326.375
3009745,45.75
3009746,5.625
3009747,47.75
3009748,49.875
3009749,0.5
3009750,494.0
3009751,49.0
3009752,37.875
3009753,22.875
3009754,119.25
3009755,20.125
3009756,480.98925
3009757,495.625
3009758,32.5
3009759,24.75
3009760,774.541875
3009761,194.63824875
3009762,6094.1239125
3009763,2.0
3009764,47.11575
3009765,18.0
3009766,0.875
3009767,14.5
3009768,4959.75
3009769,0.0
3009770,708.375
3009771,17.0
3009772,2194.5
3009773,1163.5
3009774,708.303375
3009775,281.625
3009776,138.49375
3009777,8766.976625
3009778,18.0
3009779,2.125
3009780,60.125
3009781,63.75
3009782,0.5
3009783,609.75
3009784,22.375
3009785,5.75
3009786,9.375
3009787,59.75
3009788,4.125
3009789,451.7340025
3009790,624.875
3009791,9.125
3009792,12.0
3009793,593.829375
3009794,140.7885
3009795,2108.172
3009796,56.5
3009797,21.982374874999998
3009798,3.5
3009799,0.0
3009800,4.375
3009801,2293.25
3009802,0.375
3009803,381.910125
3009804,16.0
3009805,693.0
3009806,760.0
3009807,153.877375
3009808,159.5
3009809,131.358625
3009810,2733.625
3009811,20.375
3009812,1.375
3009813,25.875
3009814,29.875
3009815,0.75
3009816,201.5
3009817,15.25
3009818,20.375
3009819,9.625
3009820,60.125
3009821,7.5
3009822,262.79487375
3009823,175.5
3009824,5.25
3009825,8.5
3009826,347.05925
3009827,66.195625
3009828,2584.0995000000003
3009829,0.0
3009830,24.668750375000002
3009831,1.75
3009832,0.0
3009833,4.375
3009834,1245.0
3009835,0.0
3009836,114.75
3009837,2.375
3009838,959.5
3009839,314.5
3009840,283.875
3009841,73.125
3009842,34.52875
3009843,2706.625
3009844,3.375
3009845,0.375
3009846,10.875
3009847,7.875
3009848,0.0
3009849,190.25
3009850,1.875
3009851,0.0
3009852,1.5
3009853,5.625
3009854,0.125
3009855,180.58825124999998
3009856,194.5
3009857,0.875
3009858,3.125
3009859,133.207
3009860,28.125
3009861,243.81625
3009862,0.625
3009863,2.0
3009864,5.5
3009865,0.375
3009866,4.875
3009867,4496.375
3009868,0.0
3009869,692.375
3009870,8.75
3009871,2049.625
3009872,692.25
3009873,581.905875
3009874,354.25
3009875,66.54925
3009876,7766.48425
3009877,18.875
3009878,0.875
3009879,12.875
3009880,22.5
3009881,0.125
3009882,564.125
3009883,11.5
3009884,2.5
3009885,8.0
3009886,27.125
3009887,2.0
3009888,667.61
3009889,428.5
3009890,2.75
3009891,14.625
3009892,277.136125
3009893,107.685375
3009894,1461.1861125
3009895,9.0
3009896,9.125
3009897,5.25
3009898,0.0
3009899,1.625
3009900,1725.875
3009901,0.0
3009902,217.375
3009903,9.5
3009904,1069.75
3009905,445.375
3009906,246.125
3009907,115.5
3009908,36.5455
3009909,3219.625
3009910,6.375
3009911,0.75
3009912,21.625
3009913,18.625
3009914,0.5
3009915,212.625
3009916,6.125
3009917,0.0
3009918,7.5
3009919,16.5
3009920,1.875
3009921,150.2015
3009922,196.25
3009923,1.375
3009924,7.375
3009925,157.532625
3009926,33.75
3009927,338.292875
3009928,0.75
3009929,2.875
3009930,3.875
3009931,0.0
3009932,5.0
3009933,1772.125
3009934,0.0
3009935,156.0
3009936,4.25
3009937,1046.25
3009938,294.0
3009939,179.125
3009940,73.375
3009941,38.0
3009942,2932.375
3009943,12.75
3009944,0.0
3009945,14.25
3009946,12.625
3009947,0.25
3009948,171.125
3009949,2.0
3009950,0.0
3009951,3.75
3009952,20.5
3009953,1.125
3009954,189.6925025
3009955,228.625
3009956,0.5
3009957,5.75
3009958,74.760124375
3009959,24.375
3009960,173.97675
3009961,3.5
3009962,2.25
3009963,4.0
3009964,0.0
3009965,3.25
3009966,1466.125
3009967,0.0
3009968,172.75
3009969,6.25
3009970,1202.75
3009971,406.125
3009972,245.375
3009973,44.75
3009974,31.738125
3009975,3006.75
3009976,7.75
3009977,0.125
3009978,11.25
3009979,27.5
3009980,0.375
3009981,270.75
3009982,1.75
3009983,0.0
3009984,4.25
3009985,9.75
3009986,2.0
3009987,244.484375
3009988,264.625
3009989,1.25
3009990,6.75
3009991,67.184375
3009992,91.375
3009993,411.095
3009994,1.0
3009995,3.5
3009996,3.625
3009997,0.75
3009998,4.875
3009999,1806.5
3010000,0.0
3010001,169.875
3010002,4.25
3010003,1037.25
3010004,404.0
3010005,302.25
3010006,139.75
3010007,60.875
3010008,3020.625
3010009,7.625
3010010,1.125
3010011,14.25
3010012,19.375
3010013,0.25
3010014,254.0
3010015,9.0
3010016,0.0
3010017,5.125
3010018,14.0
3010019,2.0
3010020,152.3912475
3010021,228.75
3010022,0.5
3010023,6.125
3010024,117.28
3010025,40.75
3010026,672.3535
3010027,1.875
3010028,4.625
3010029,4.5
3010030,0.125
3010031,1.375
3010032,1380.625
3010033,0.0
3010034,171.75
3010035,4.75
3010036,1210.375
3010037,265.875
3010038,166.25
3010039,346.125
3010040,23.720250125
3010041,2174.625
3010042,9.0
3010043,0.25
3010044,14.875
3010045,14.375
3010046,0.375
3010047,176.75
3010048,0.0
3010049,0.0
3010050,2.375
3010051,16.0
3010052,1.25
3010053,64.84799975
3010054,144.25
3010055,1.25
3010056,4.0
3010057,73.55675025
3010058,44.25
3010059,566.68725
3010060,0.0
3010061,1.375
3010062,8.75
3010063,1.125
3010064,3.875
3010065,3248.125
3010066,0.0
3010067,342.0
3010068,2.0
3010069,1252.125
3010070,733.125
3010071,531.75
3010072,351.5
3010073,96.86775
3010074,4914.25
3010075,13.625
3010076,1.25
3010077,21.25
3010078,20.25
3010079,0.375
3010080,339.5
3010081,0.25
3010082,0.0
3010083,4.375
3010084,21.625
3010085,3.25
3010086,267.1595
3010087,314.5
3010088,2.0
3010089,9.5
3010090,407.309625
3010091,54.875
3010092,1345.79125
3010093,4.5
3010094,12.375
3010095,2.125
3010096,0.25
3010097,5.875
3010098,2070.5
3010099,0.0
3010100,583.75
3010101,7.25
3010102,600.875
3010103,608.0
3010104,217.808625
3010105,250.875
3010106,55.3875
3010107,2875.0703750000002
3010108,12.375
3010109,1.5
3010110,24.0
3010111,17.375
3010112,0.375
3010113,193.375
3010114,12.0
3010115,6.0
3010116,3.25
3010117,41.125
3010118,1.75
3010119,91.574625
3010120,174.375
3010121,4.0
3010122,6.0
3010123,186.64975
3010124,51.16112475
3010125,1644.544
3010126,20.0
3010127,11.3037500625
3010128,6.75
3010129,0.375
3010130,4.375
3010131,2516.375
3010132,0.0
3010133,186.75
3010134,3.125
3010135,1008.5
3010136,395.75
3010137,311.75
3010138,108.5
3010139,50.79475025
3010140,3663.75
3010141,38.75
3010142,0.625
3010143,16.375
3010144,19.625
3010145,0.375
3010146,205.375
3010147,8.5
3010148,0.0
3010149,4.875
3010150,20.0
3010151,2.125
3010152,150.98437625
3010153,196.0
3010154,1.25
3010155,6.375
3010156,93.342125
3010157,28.25
3010158,510.73537875
3010159,1.875
3010160,5.125
3010161,6.0
3010162,0.0
3010163,7.0
3010164,2984.0
3010165,0.0
3010166,642.665
3010167,8.0
3010168,927.125
3010169,816.125
3010170,217.2065
3010171,176.0
3010172,89.859
3010173,3849.75
3010174,48.5
3010175,1.5
3010176,15.5
3010177,21.125
3010178,0.25
3010179,262.75
3010180,20.25
3010181,11.75
3010182,6.0
3010183,39.625
3010184,9.0
3010185,360.28725
3010186,258.375
3010187,8.0
3010188,9.0
3010189,465.4235025
3010190,121.9756245
3010191,2278.364125
3010192,0.0
3010193,33.963499875
3010194,6.75
3010195,0.25
3010196,5.375
3010197,3218.25
3010198,0.0
3010199,475.5
3010200,5.875
3010201,1557.75
3010202,727.875
3010203,581.087875
3010204,177.625
3010205,61.348625
3010206,5488.4015
3010207,9.5
3010208,0.5
3010209,23.0
3010210,14.75
3010211,0.0
3010212,358.625
3010213,3.0
3010214,6.5
3010215,4.875
3010216,21.25
3010217,1.375
3010218,262.6125
3010219,356.0
3010220,3.875
3010221,6.5
3010222,292.43562625
3010223,55.525125625
3010224,914.71600375
3010225,19.375
3010226,12.974624875
3010227,9.0
3010228,0.25
3010229,4.875
3010230,3485.625
3010231,0.0
3010232,483.0
3010233,5.75
3010234,1550.25
3010235,637.375
3010236,346.938625
3010237,535.125
3010238,68.2387495
3010239,4342.3545
3010240,14.0
3010241,1.375
3010242,34.625
3010243,35.0
3010244,0.5
3010245,354.5
3010246,4.375
3010247,2.5
3010248,9.875
3010249,48.375
3010250,1.625
3010251,113.72387499999999
3010252,326.25
3010253,1.125
3010254,5.0
3010255,161.04150125
3010256,155.1555
3010257,1293.89075
3010258,1.625
3010259,7.875
3010260,6.0
3010261,0.5
3010262,2.0
3010263,1769.5
3010264,0.0
3010265,187.125
3010266,7.625
3010267,736.75
3010268,361.875
3010269,166.25
3010270,81.5
3010271,50.5
3010272,2753.625
3010273,4.375
3010274,0.375
3010275,16.5
3010276,14.5
3010277,0.125
3010278,189.5
3010279,0.125
3010280,0.0
3010281,7.75
3010282,27.125
3010283,2.5
3010284,115.936
3010285,191.375
3010286,1.75
3010287,4.75
3010288,149.080125
3010289,45.875
3010290,664.8065
3010291,0.625
3010292,2.25
3010293,1.75
3010294,0.0
3010295,0.875
3010296,1447.75
3010297,0.0
3010298,287.882625
3010299,8.625
3010300,579.5
3010301,495.25
3010302,131.975875
3010303,49.375
3010304,53.446
3010305,2230.0
3010306,23.25
3010307,0.5
3010308,10.875
3010309,15.875
3010310,0.25
3010311,137.75
3010312,14.0
3010313,2.0
3010314,2.0
3010315,32.125
3010316,4.625
3010317,394.4405
3010318,140.875
3010319,3.875
3010320,5.5
3010321,318.0931275
3010322,29.461625125
3010323,1251.667
3010324,0.0
3010325,7.1087500625
3010326,3.375
3010327,0.0
3010328,5.875
3010329,3612.375
3010330,0.0
3010331,725.155125
3010332,14.875
3010333,1096.625
3010334,1329.0
3010335,275.278625
3010336,239.125
3010337,150.11112500000002
3010338,4162.25
3010339,33.875
3010340,0.625
3010341,16.125
3010342,35.375
3010343,0.0
3010344,263.75
3010345,11.375
3010346,30.375
3010347,13.75
3010348,57.5
3010349,12.375
3010350,367.882875
3010351,264.875
3010352,18.625
3010353,8.75
3010354,516.8631275
3010355,112.86912500000001
3010356,3501.0311125
3010357,0.0
3010358,23.141000125
3010359,2.25
3010360,0.125
3010361,3.375
3010362,1716.5
3010363,0.0
3010364,337.231125
3010365,5.375
3010366,389.625
3010367,497.875
3010368,125.6955
3010369,103.125
3010370,59.24549975
3010371,1624.125
3010372,18.875
3010373,1.125
3010374,12.375
3010375,16.75
3010376,0.125
3010377,92.0
3010378,0.0
3010379,14.25
3010380,2.125
3010381,84.25
3010382,7.125
3010383,158.868875
3010384,89.875
3010385,5.0
3010386,6.625
3010387,141.726375
3010388,31.889500249999998
3010389,1348.9510125
3010390,0.375
3010391,3.75
3010392,4.875
3010393,0.0
3010394,0.0
3010395,1029.0
3010396,0.0
3010397,219.5
3010398,4.75
3010399,420.875
3010400,267.125
3010401,98.485125
3010402,38.25
3010403,31.922625375
3010404,1610.625
3010405,16.375
3010406,0.5
3010407,12.5
3010408,9.0
3010409,0.375
3010410,105.75
3010411,0.125
3010412,4.5
3010413,0.75
3010414,7.875
3010415,0.375
3010416,240.4115
3010417,159.125
3010418,3.125
3010419,1.0
3010420,135.110375
3010421,23.5
3010422,480.459375
3010423,1.125
3010424,1.875
3010425,5.625
3010426,0.25
3010427,4.125
3010428,3607.75
3010429,0.0
3010430,738.00875
3010431,13.625
3010432,1005.5
3010433,1170.375
3010434,295.16475
3010435,275.375
3010436,97.172375
3010437,4355.0
3010438,33.75
3010439,2.0
3010440,26.75
3010441,27.75
3010442,0.625
3010443,296.5
3010444,7.5
3010445,29.75
3010446,7.5
3010447,62.375
3010448,4.5
3010449,320.59175
3010450,273.375
3010451,11.875
3010452,10.75
3010453,454.0313725
3010454,84.0885
3010455,2946.204625
3010456,2.375
3010457,16.194499999999998
3010458,9.0
3010459,0.0
3010460,3.75
3010461,3323.125
3010462,0.0
3010463,682.125
3010464,13.125
3010465,1269.375
3010466,928.0
3010467,353.897375
3010468,378.75
3010469,53.612375
3010470,4885.349625
3010471,15.625
3010472,0.5
3010473,30.75
3010474,17.125
3010475,1.25
3010476,289.125
3010477,0.0
3010478,4.875
3010479,5.875
3010480,25.125
3010481,0.875
3010482,194.86374999999998
3010483,288.0
3010484,4.25
3010485,4.125
3010486,207.986625
3010487,94.13312499999999
3010488,1446.266
3010489,3.0
3010490,4.375
3010491,6.375
3010492,0.375
3010493,3.5
3010494,2976.25
3010495,0.0
3010496,654.5
3010497,9.375
3010498,900.375
3010499,782.625
3010500,270.278875
3010501,468.875
3010502,60.360749999999996
3010503,3878.62125
3010504,15.625
3010505,1.25
3010506,30.125
3010507,20.375
3010508,0.0
3010509,262.75
3010510,0.0
3010511,4.0
3010512,6.25
3010513,42.75
3010514,0.75
3010515,127.1105
3010516,280.375
3010517,5.625
3010518,5.75
3010519,186.695875
3010520,69.21912499999999
3010521,1088.5476375
3010522,1.75
3010523,5.0
3010524,8.875
3010525,1.125
3010526,16.625
3010527,8258.875
3010528,0.0
3010529,1179.6885
3010530,24.375
3010531,2032.25
3010532,2104.25
3010533,369.716625
3010534,490.625
3010535,316.52225
3010536,7802.0
3010537,92.375
3010538,4.125
3010539,48.0
3010540,59.125
3010541,1.625
3010542,517.375
3010543,39.75
3010544,40.25
3010545,20.75
3010546,122.0
3010547,21.875
3010548,651.888125
3010549,512.75
3010550,17.875
3010551,24.25
3010552,1128.0045
3010553,225.20675
3010554,7909.681375
3010555,1.0
3010556,82.6121245
3010557,3.75
3010558,0.625
3010559,1.5
3010560,1606.625
3010561,0.0
3010562,162.0
3010563,2.25
3010564,1952.625
3010565,289.0
3010566,123.625
3010567,214.25
3010568,35.74874975
3010569,1899.5
3010570,9.5
3010571,0.25
3010572,12.875
3010573,6.25
3010574,0.25
3010575,129.25
3010576,0.125
3010577,0.0
3010578,2.875
3010579,27.0
3010580,0.5
3010581,51.016
3010582,161.625
3010583,2.0
3010584,5.625
3010585,98.526375
3010586,20.75
3010587,535.858
3010588,0.0
3010589,6.375
3010590,6.375
3010591,0.375
3010592,1.875
3010593,3732.5
3010594,0.0
3010595,574.25
3010596,9.375
3010597,1138.5
3010598,678.375
3010599,236.469375
3010600,479.75
3010601,56.161875
3010602,4257.853375
3010603,18.75
3010604,0.125
3010605,19.625
3010606,15.625
3010607,0.0
3010608,294.75
3010609,1.125
3010610,5.125
3010611,7.875
3010612,10.125
3010613,1.125
3010614,324.2051275
3010615,259.875
3010616,3.625
3010617,5.0
3010618,124.46487499999999
3010619,61.51287475
3010620,1072.884375
3010621,2.5
3010622,7.625
3010623,1.0
3010624,0.0
3010625,0.625
3010626,942.875
3010627,0.0
3010628,130.625
3010629,2.0
3010630,547.0
3010631,194.625
3010632,108.125
3010633,575.25
3010634,16.188875
3010635,1586.0
3010636,3.25
3010637,0.25
3010638,11.0
3010639,3.75
3010640,0.0
3010641,117.375
3010642,0.0
3010643,0.0
3010644,0.25
3010645,7.25
3010646,0.375
3010647,73.04150025
3010648,86.375
3010649,0.375
3010650,1.875
3010651,58.788250625
3010652,13.75
3010653,179.75650125
3010654,0.0
3010655,2.625
3010656,8.5
3010657,0.0
3010658,3.625
3010659,2314.0
3010660,0.0
3010661,261.75
3010662,3.625
3010663,1034.375
3010664,438.25
3010665,173.25
3010666,467.625
3010667,34.341625
3010668,3236.125
3010669,3.125
3010670,0.625
3010671,32.125
3010672,14.5
3010673,0.125
3010674,225.75
3010675,0.0
3010676,0.0
3010677,12.375
3010678,11.625
3010679,1.625
3010680,223.62587375
3010681,225.625
3010682,1.125
3010683,4.25
3010684,178.19899875
3010685,32.0
3010686,1263.1283875
3010687,0.0
3010688,0.875
3010689,4.625
3010690,0.625
3010691,1.125
3010692,2436.5
3010693,0.0
3010694,698.625
3010695,9.0
3010696,973.0
3010697,673.625
3010698,243.065375
3010699,254.5
3010700,61.625
3010701,3960.06925
3010702,7.5
3010703,3.5
3010704,25.125
3010705,35.875
3010706,0.125
3010707,220.5
3010708,2.75
3010709,6.75
3010710,5.625
3010711,18.5
3010712,1.75
3010713,183.6565
3010714,279.375
3010715,6.625
3010716,6.75
3010717,156.12775
3010718,34.241
3010719,683.880625
3010720,5.0
3010721,3.625
3010722,4.875
3010723,0.0
3010724,0.125
3010725,1506.125
3010726,0.0
3010727,102.375
3010728,1.625
3010729,525.875
3010730,203.0
3010731,92.875
3010732,245.125
3010733,27.25
3010734,2025.0
3010735,5.5
3010736,0.125
3010737,13.625
3010738,6.625
3010739,0.25
3010740,109.375
3010741,0.0
3010742,0.0
3010743,0.875
3010744,11.5
3010745,1.0
3010746,191.419125
3010747,94.875
3010748,0.875
3010749,0.625
3010750,43.2726245
3010751,19.625
3010752,341.4511275
3010753,0.0
3010754,0.625
3010755,4.25
3010756,0.0
3010757,1.375
3010758,3094.0
3010759,0.0
3010760,472.125
3010761,9.75
3010762,857.0
3010763,571.0
3010764,195.30325
3010765,185.625
3010766,59.18825
3010767,3673.190375
3010768,4.75
3010769,0.75
3010770,18.5
3010771,8.625
3010772,0.25
3010773,222.75
3010774,0.0
3010775,13.375
3010776,2.0
3010777,26.0
3010778,0.5
3010779,196.8810025
3010780,220.625
3010781,2.5
3010782,3.75
3010783,119.564375
3010784,47.4825
3010785,1070.9006125
3010786,0.625
3010787,0.375
3010788,4.125
3010789,0.0
3010790,5.875
3010791,3060.5
3010792,0.0
3010793,591.72525
3010794,6.125
3010795,1015.625
3010796,960.0
3010797,170.23762499999998
3010798,141.875
3010799,117.970375
3010800,3874.5
3010801,50.875
3010802,1.375
3010803,28.5
3010804,28.0
3010805,0.25
3010806,268.125
3010807,26.5
3010808,23.25
3010809,2.375
3010810,84.25
3010811,9.5
3010812,206.21500125
3010813,272.625
3010814,11.25
3010815,13.625
3010816,257.7745
3010817,69.5377505
3010818,2559.17825
3010819,0.25
3010820,12.979375000000001
3010821,5.0
3010822,0.0
3010823,7.625
3010824,2131.5
3010825,0.0
3010826,448.9740025
3010827,12.0
3010828,990.125
3010829,735.125
3010830,151.2005
3010831,89.625
3010832,95.99725000000001
3010833,3661.875
3010834,21.625
3010835,1.375
3010836,42.5
3010837,76.25
3010838,0.0
3010839,314.75
3010840,24.0
3010841,14.25
3010842,6.75
3010843,46.5
3010844,9.625
3010845,177.82099937499999
3010846,357.875
3010847,7.875
3010848,7.375
3010849,120.330625
3010850,76.184375
3010851,1915.672375
3010852,0.125
3010853,14.758750000000001
3010854,9.5
3010855,0.125
3010856,4.625
3010857,3811.875
3010858,0.0
3010859,761.625
3010860,4.875
3010861,1928.5
3010862,681.75
3010863,225.292625
3010864,1711.0
3010865,63.514375
3010866,5490.39175
3010867,48.625
3010868,1.25
3010869,21.875
3010870,19.375
3010871,0.125
3010872,385.75
3010873,3.875
3010874,14.75
3010875,6.5
3010876,46.0
3010877,2.875
3010878,183.078625
3010879,322.125
3010880,7.75
3010881,7.25
3010882,230.58212500000002
3010883,56.1935
3010884,1673.139625
3010885,4.0
3010886,16.81375
3010887,1.875
3010888,0.125
3010889,4.5
3010890,2448.5
3010891,0.0
3010892,398.56512499999997
3010893,6.875
3010894,787.625
3010895,753.375
3010896,173.492875
3010897,141.625
3010898,79.90975
3010899,3128.5
3010900,23.375
3010901,0.875
3010902,15.0
3010903,9.375
3010904,0.375
3010905,229.5
3010906,16.125
3010907,15.75
3010908,1.875
3010909,42.375
3010910,6.5
3010911,345.6458725
3010912,215.625
3010913,10.25
3010914,8.625
3010915,368.12125
3010916,47.734875
3010917,2095.92375
3010918,0.0
3010919,23.033875
3010920,3.125
3010921,0.25
3010922,4.125
3010923,4446.125
3010924,0.0
3010925,442.0
3010926,4.125
3010927,1688.25
3010928,720.0
3010929,302.125
3010930,252.75
3010931,62.462625
3010932,5990.125
3010933,7.875
3010934,2.25
3010935,36.75
3010936,28.375
3010937,0.25
3010938,480.0
3010939,0.0
3010940,0.25
3010941,8.0
3010942,17.125
3010943,1.75
3010944,137.190374375
3010945,343.25
3010946,3.625
3010947,8.125
3010948,186.62975125
3010949,67.125
3010950,1255.070875
3010951,0.0
3010952,9.375
3010953,6.5
3010954,0.125
3010955,8.625
3010956,2815.375
3010957,0.0
3010958,504.38925
3010959,7.75
3010960,1048.25
3010961,784.0
3010962,237.445
3010963,148.75
3010964,108.10762375
3010965,3650.75
3010966,34.375
3010967,1.625
3010968,24.25
3010969,27.375
3010970,0.25
3010971,267.625
3010972,11.0
3010973,13.0
3010974,8.5
3010975,52.25
3010976,10.125
3010977,193.81725125
3010978,317.5
3010979,13.625
3010980,8.5
3010981,216.35549875
3010982,51.824125
3010983,2217.2491250000003
3010984,1.25
3010985,7.5575
3010986,2.875
3010987,0.0
3010988,6.625
3010989,2686.125
3010990,0.0
3010991,553.832
3010992,8.625
3010993,785.375
3010994,851.75
3010995,167.97375
3010996,149.75
3010997,103.939375
3010998,3290.5
3010999,32.625
3011000,1.5
3011001,24.5
3011002,13.875
3011003,0.125
3011004,237.5
3011005,14.875
3011006,32.625
3011007,4.375
3011008,41.625
3011009,11.0
3011010,213.0321225
3011011,244.625
3011012,8.75
3011013,8.75
3011014,216.13337625
3011015,52.87087475
3011016,2463.2622625
3011017,0.0
3011018,18.254125000000002
3011019,4.5
3011020,0.125
3011021,3.25
3011022,5956.375
3011023,0.0
3011024,652.875
3011025,10.875
3011026,1279.25
3011027,775.25
3011028,313.26625
3011029,507.125
3011030,59.917
3011031,5214.29
3011032,13.125
3011033,0.0
3011034,16.0
3011035,18.875
3011036,0.0
3011037,277.25
3011038,0.0
3011039,3.125
3011040,1.875
3011041,43.0
3011042,3.375
3011043,221.69750125000002
3011044,304.875
3011045,4.0
3011046,2.625
3011047,182.30799875
3011048,124.316375
3011049,1246.7137500000001
3011050,4.625
3011051,0.625
3011052,15.625
3011053,0.0
3011054,16.625
3011055,9103.375
3011056,0.0
3011057,1584.066625
3011058,20.875
3011059,2496.75
3011060,2329.125
3011061,542.2925
3011062,619.5
3011063,359.9353775
3011064,9479.875
3011065,89.0
3011066,5.25
3011067,91.5
3011068,96.375
3011069,0.875
3011070,698.5
3011071,27.0
3011072,22.625
3011073,23.375
3011074,197.625
3011075,25.25
3011076,782.34737875
3011077,550.625
3011078,29.125
3011079,32.625
3011080,1061.6025
3011081,312.711
3011082,8843.73975
3011083,133.0
3011084,90.596249375
3011085,15.625
3011086,0.0
3011087,12.125
3011088,9234.25
3011089,0.125
3011090,1202.928375
3011091,20.125
3011092,2631.125
3011093,2213.75
3011094,694.3625
3011095,400.125
3011096,282.96825
3011097,11088.125
3011098,129.875
3011099,2.25
3011100,64.0
3011101,77.25
3011102,1.375
3011103,709.25
3011104,21.375
3011105,24.625
3011106,4.25
3011107,125.75
3011108,16.75
3011109,1024.1001375
3011110,756.875
3011111,18.375
3011112,31.0
3011113,1265.15125
3011114,233.9108725
3011115,6094.65225
3011116,211.875
3011117,92.6315
3011118,10.75
3011119,0.0
3011120,17.125
3011121,5876.625
3011122,0.0
3011123,919.125
3011124,11.75
3011125,2248.5
3011126,1766.625
3011127,756.064625
3011128,141.375
3011129,221.36649875
3011130,9044.875
3011131,43.125
3011132,2.625
3011133,28.875
3011134,24.625
3011135,1.125
3011136,632.625
3011137,23.625
3011138,21.375
3011139,8.25
3011140,80.375
3011141,9.125
3011142,950.21825
3011143,713.125
3011144,19.75
3011145,32.375
3011146,739.23725
3011147,163.536875
3011148,2699.71025
3011149,108.375
3011150,41.111125
3011151,14.25
3011152,0.0
3011153,16.375
3011154,7995.5
3011155,0.0
3011156,1157.39475
3011157,18.875
3011158,2523.375
3011159,2071.125
3011160,647.128625
3011161,361.125
3011162,229.51237500000002
3011163,10135.125
3011164,50.75
3011165,1.375
3011166,55.75
3011167,74.75
3011168,0.5
3011169,677.25
3011170,18.875
3011171,24.375
3011172,4.375
3011173,115.75
3011174,12.625
3011175,819.48025
3011176,718.125
3011177,22.5
3011178,25.625
3011179,1290.9175
3011180,233.08450000000002
3011181,5453.752125
3011182,141.5
3011183,75.31375
3011184,12.375
3011185,0.0
3011186,17.375
3011187,4341.5
3011188,0.0
3011189,829.0
3011190,16.75
3011191,2165.125
3011192,1215.5
3011193,625.85175
3011194,110.25
3011195,140.7222495
3011196,8035.375
3011197,37.625
3011198,1.125
3011199,24.5
3011200,64.625
3011201,0.375
3011202,597.25
3011203,16.625
3011204,10.875
3011205,1.25
3011206,70.25
3011207,5.375
3011208,804.170625
3011209,712.375
3011210,18.375
3011211,25.75
3011212,783.1259975
3011213,88.988375
3011214,1825.291
3011215,104.625
3011216,20.538874999999997
3011217,12.375
3011218,0.0
3011219,10.625
3011220,7140.875
3011221,0.0
3011222,1258.434375
3011223,21.0
3011224,2063.125
3011225,2285.75
3011226,444.135125
3011227,505.75
3011228,329.048625
3011229,8303.75
3011230,74.625
3011231,2.875
3011232,50.875
3011233,60.875
3011234,0.5
3011235,540.75
3011236,18.625
3011237,26.25
3011238,13.75
3011239,151.125
3011240,21.625
3011241,811.288375
3011242,568.25
3011243,25.25
3011244,32.75
3011245,1121.2993625
3011246,236.944625
3011247,8139.0553500000005
3011248,117.75
3011249,87.06925
3011250,6.5
3011251,0.375
3011252,6.0
3011253,1990.0
3011254,0.0
3011255,391.584125
3011256,21.25
3011257,982.75
3011258,615.25
3011259,222.2935
3011260,93.25
3011261,87.14375
3011262,3213.0
3011263,55.75
3011264,1.625
3011265,25.5
3011266,24.25
3011267,0.75
3011268,262.125
3011269,12.5
3011270,10.625
3011271,12.25
3011272,30.375
3011273,6.75
3011274,269.22975
3011275,258.5
3011276,3.125
3011277,6.5
3011278,212.95275
3011279,66.869375
3011280,1556.2519875
3011281,1.0
3011282,9.7131249375
3011283,9.25
3011284,0.0
3011285,13.0
3011286,4201.125
3011287,0.0
3011288,618.3455
3011289,33.375
3011290,1801.875
3011291,1159.5
3011292,467.98725
3011293,125.75
3011294,130.83625
3011295,6709.5
3011296,86.75
3011297,0.875
3011298,53.875
3011299,42.125
3011300,0.375
3011301,467.375
3011302,22.125
3011303,10.0
3011304,2.375
3011305,88.5
3011306,9.375
3011307,570.143875
3011308,540.125
3011309,10.625
3011310,20.75
3011311,398.595875
3011312,75.3043755
3011313,2185.867625
3011314,82.875
3011315,16.8845
3011316,6.125
3011317,0.0
3011318,4.875
3011319,4518.625
3011320,0.25
3011321,928.857625
3011322,7.125
3011323,1507.25
3011324,1562.0
3011325,250.95250000000001
3011326,350.125
3011327,216.404625
3011328,5248.25
3011329,49.375
3011330,1.625
3011331,39.375
3011332,42.375
3011333,0.5
3011334,354.5
3011335,1.375
3011336,35.375
3011337,4.625
3011338,76.0
3011339,11.5
3011340,572.089125
3011341,296.625
3011342,22.125
3011343,8.25
3011344,695.485245
3011345,130.92225
3011346,5033.773875
3011347,5.5
3011348,47.26062525
3011349,10.25
3011350,0.0
3011351,8.375
3011352,4417.625
3011353,0.0
3011354,816.256625
3011355,10.375
3011356,1590.875
3011357,1192.875
3011358,342.45225
3011359,222.75
3011360,262.87125000000003
3011361,5915.125
3011362,68.5
3011363,3.625
3011364,42.0
3011365,43.5
3011366,0.375
3011367,344.875
3011368,11.75
3011369,45.25
3011370,8.125
3011371,172.875
3011372,8.0
3011373,445.386375
3011374,337.875
3011375,14.125
3011376,25.25
3011377,483.89462125
3011378,128.444375
3011379,4494.01
3011380,4.5
3011381,7.6221250375
3011382,10.625
3011383,0.125
3011384,2.875
3011385,2232.75
3011386,0.0
3011387,480.5455
3011388,6.125
3011389,957.875
3011390,534.625
3011391,229.60825
3011392,97.0
3011393,91.563875
3011394,3131.75
3011395,16.5
3011396,1.125
3011397,25.0
3011398,24.375
3011399,0.125
3011400,211.125
3011401,4.375
3011402,9.25
3011403,5.25
3011404,43.5
3011405,4.25
3011406,245.919
3011407,232.75
3011408,5.5
3011409,6.625
3011410,179.64525
3011411,56.174
3011412,1861.002125
3011413,0.25
3011414,4.75
3011415,5.875
3011416,0.0
3011417,1.5
3011418,3499.5
3011419,0.0
3011420,286.0
3011421,2.125
3011422,1243.5
3011423,281.5
3011424,246.01162499999998
3011425,78.625
3011426,25.5
3011427,3464.25
3011428,8.25
3011429,1.0
3011430,24.75
3011431,15.5
3011432,0.625
3011433,247.25
3011434,0.0
3011435,0.0
3011436,2.25
3011437,13.5
3011438,0.875
3011439,55.80449975
3011440,200.0
3011441,0.125
3011442,1.75
3011443,70.0904995
3011444,103.5
3011445,634.118375
3011446,0.0
3011447,2.375
3011448,5.0
3011449,0.625
3011450,7.375
3011451,3582.5
3011452,0.0
3011453,591.773625
3011454,11.0
3011455,1264.375
3011456,1037.375
3011457,339.987625
3011458,187.75
3011459,131.002
3011460,5058.75
3011461,38.125
3011462,1.25
3011463,28.25
3011464,48.125
3011465,0.125
3011466,374.875
3011467,20.5
3011468,12.625
3011469,11.625
3011470,43.25
3011471,6.375
3011472,450.7016225
3011473,349.125
3011474,8.75
3011475,12.0
3011476,553.10087875
3011477,78.855248875
3011478,2625.193
3011479,0.0
3011480,38.91437525
3011481,6.125
3011482,0.25
3011483,6.125
3011484,4177.375
3011485,0.125
3011486,734.023
3011487,15.5
3011488,1253.5
3011489,1421.375
3011490,207.3765
3011491,325.625
3011492,207.626125
3011493,4422.875
3011494,46.25
3011495,3.5
3011496,34.75
3011497,47.375
3011498,0.875
3011499,291.75
3011500,16.375
3011501,33.875
3011502,9.875
3011503,91.75
3011504,13.625
3011505,500.1078775
3011506,302.25
3011507,9.375
3011508,12.875
3011509,709.758125
3011510,141.561
3011511,5801.826
3011512,0.625
3011513,48.29662525
3011514,5.375
3011515,0.375
3011516,9.375
3011517,4211.75
3011518,0.0
3011519,813.646375
3011520,17.875
3011521,1235.875
3011522,1385.625
3011523,274.895375
3011524,317.25
3011525,154.90074875
3011526,4707.5
3011527,37.0
3011528,4.25
3011529,30.75
3011530,41.875
3011531,0.375
3011532,344.75
3011533,25.5
3011534,31.25
3011535,24.5
3011536,97.0
3011537,15.75
3011538,427.844
3011539,336.125
3011540,21.0
3011541,19.875
3011542,602.68125
3011543,140.647375
3011544,4354.6651249999995
3011545,0.25
3011546,37.666375
3011547,11.125
3011548,0.0
3011549,8.0
3011550,3726.75
3011551,0.0
3011552,591.875
3011553,10.25
3011554,1837.5
3011555,886.375
3011556,566.068125
3011557,350.375
3011558,81.68325
3011559,6961.85825
3011560,11.75
3011561,1.5
3011562,52.25
3011563,42.875
3011564,0.25
3011565,463.0
3011566,12.375
3011567,6.0
3011568,6.875
3011569,32.25
3011570,3.75
3011571,353.965875
3011572,480.875
3011573,8.125
3011574,8.0
3011575,410.95637750000003
3011576,111.04662625
3011577,1545.92
3011578,49.5
3011579,14.9041249375
3011580,5.25
3011581,0.0
3011582,4.125
3011583,2346.375
3011584,0.125
3011585,350.0463775
3011586,18.375
3011587,736.625
3011588,689.375
3011589,134.37675000000002
3011590,131.875
3011591,118.5672505
3011592,2792.625
3011593,25.625
3011594,2.75
3011595,25.125
3011596,29.125
3011597,0.125
3011598,196.875
3011599,12.625
3011600,18.875
3011601,10.875
3011602,76.125
3011603,6.125
3011604,280.98225
3011605,162.5
3011606,5.0
3011607,11.125
3011608,332.6672525
3011609,60.2305
3011610,2266.18375
3011611,0.0
3011612,28.73349975
3011613,0.875
3011614,0.0
3011615,3.0
3011616,1337.875
3011617,0.0
3011618,111.125
3011619,2.625
3011620,711.5
3011621,305.375
3011622,255.875
3011623,39.25
3011624,30.5
3011625,2599.375
3011626,4.75
3011627,0.125
3011628,9.875
3011629,8.0
3011630,0.125
3011631,174.375
3011632,3.5
3011633,0.0
3011634,0.5
3011635,8.625
3011636,0.75
3011637,187.18912625000002
3011638,169.25
3011639,1.25
3011640,3.625
3011641,138.68399875
3011642,24.625
3011643,342.590875
3011644,2.75
3011645,4.5
3011646,7.375
3011647,0.25
3011648,5.125
3011649,4377.0
3011650,0.0
3011651,855.625
3011652,9.5
3011653,1971.5
3011654,675.25
3011655,524.9855
3011656,358.625
3011657,83.271125
3011658,7679.566375
3011659,26.5
3011660,0.75
3011661,21.0
3011662,18.125
3011663,0.125
3011664,516.875
3011665,10.625
3011666,2.875
3011667,10.375
3011668,22.375
3011669,2.25
3011670,686.8975025
3011671,437.5
3011672,1.75
3011673,12.75
3011674,533.13037875
3011675,118.88525
3011676,2318.99025
3011677,10.0
3011678,9.375
3011679,4.625
3011680,0.0
3011681,1.375
3011682,1559.25
3011683,0.0
3011684,172.375
3011685,8.75
3011686,933.0
3011687,391.5
3011688,218.75
3011689,53.75
3011690,35.46825025
3011691,2717.0
3011692,8.875
3011693,0.5
3011694,15.125
3011695,17.75
3011696,0.5
3011697,178.125
3011698,5.875
3011699,0.0
3011700,6.0
3011701,21.5
3011702,1.5
3011703,187.683125
3011704,179.375
3011705,1.375
3011706,5.875
3011707,165.6376275
3011708,37.75
3011709,431.1800025
3011710,1.875
3011711,6.375
3011712,5.25
3011713,0.0
3011714,4.125
3011715,1381.0
3011716,0.0
3011717,138.75
3011718,3.75
3011719,854.375
3011720,277.25
3011721,169.75
3011722,45.875
3011723,30.625
3011724,2622.0
3011725,8.875
3011726,0.0
3011727,16.0
3011728,7.625
3011729,0.0
3011730,144.375
3011731,1.0
3011732,0.0
3011733,2.875
3011734,25.125
3011735,1.25
3011736,197.80037875
3011737,185.625
3011738,0.625
3011739,7.5
3011740,96.566
3011741,24.125
3011742,236.44725
3011743,1.5
3011744,4.25
3011745,3.5
3011746,0.0
3011747,3.25
3011748,1464.0
3011749,0.0
3011750,177.125
3011751,7.5
3011752,1182.125
3011753,380.5
3011754,270.0
3011755,34.25
3011756,42.223125
3011757,3024.625
3011758,11.375
3011759,0.25
3011760,8.75
3011761,20.0
3011762,0.0
3011763,220.375
3011764,0.25
3011765,0.0
3011766,2.875
3011767,15.25
3011768,1.875
3011769,237.45625125
3011770,278.75
3011771,0.75
3011772,5.25
3011773,65.671375
3011774,94.625
3011775,514.295125
3011776,0.75
3011777,4.25
3011778,4.625
3011779,0.875
3011780,3.625
3011781,1698.25
3011782,0.0
3011783,159.25
3011784,1.875
3011785,911.5
3011786,367.75
3011787,265.875
3011788,86.125
3011789,64.0
3011790,2809.5
3011791,9.625
3011792,0.75
3011793,13.125
3011794,21.875
3011795,0.25
3011796,233.125
3011797,9.125
3011798,0.0
3011799,2.875
3011800,16.125
3011801,1.375
3011802,144.47062625
3011803,187.125
3011804,0.875
3011805,5.25
3011806,119.65612437499999
3011807,52.125
3011808,1049.06225
3011809,0.375
3011810,5.75
3011811,3.875
3011812,0.0
3011813,0.625
3011814,1401.125
3011815,0.0
3011816,165.0
3011817,5.25
3011818,781.75
3011819,256.75
3011820,172.75
3011821,120.125
3011822,23.806875124999998
3011823,1961.0
3011824,3.75
3011825,0.125
3011826,9.875
3011827,11.375
3011828,0.0
3011829,161.875
3011830,0.0
3011831,0.0
3011832,3.125
3011833,11.75
3011834,1.625
3011835,57.62425
3011836,131.875
3011837,0.75
3011838,3.25
3011839,73.25337425000001
3011840,39.25
3011841,946.07975
3011842,0.0
3011843,1.25
3011844,6.75
3011845,0.625
3011846,2.25
3011847,3068.875
3011848,0.0
3011849,339.875
3011850,4.875
3011851,1181.75
3011852,701.375
3011853,501.25
3011854,196.25
3011855,102.0
3011856,4672.0
3011857,17.0
3011858,2.375
3011859,19.625
3011860,22.375
3011861,0.375
3011862,298.5
3011863,1.0
3011864,0.0
3011865,6.625
3011866,17.125
3011867,2.375
3011868,306.9672525
3011869,280.0
3011870,2.25
3011871,6.25
3011872,365.415625
3011873,55.125
3011874,2262.86875
3011875,7.125
3011876,16.125
3011877,3.0
3011878,0.5
3011879,4.625
3011880,2386.875
3011881,0.0
3011882,627.0
3011883,7.0
3011884,653.375
3011885,659.5
3011886,231.61825000000002
3011887,185.375
3011888,54.229375
3011889,3072.094625
3011890,16.0
3011891,0.875
3011892,16.625
3011893,16.0
3011894,0.5
3011895,206.25
3011896,7.5
3011897,7.625
3011898,5.375
3011899,39.625
3011900,1.625
3011901,107.92425
3011902,170.0
3011903,4.625
3011904,7.5
3011905,198.60874875
3011906,66.51924975
3011907,3490.680375
3011908,16.875
3011909,15.7325
3011910,6.375
3011911,0.5
3011912,4.125
3011913,2386.25
3011914,0.0
3011915,177.375
3011916,7.75
3011917,849.5
3011918,332.75
3011919,315.75
3011920,66.75
3011921,37.25
3011922,3169.375
3011923,21.0
3011924,0.875
3011925,12.5
3011926,13.5
3011927,0.125
3011928,184.625
3011929,6.5
3011930,0.0
3011931,4.625
3011932,52.0
3011933,2.375
3011934,146.23162375
3011935,165.125
3011936,1.25
3011937,4.0
3011938,111.6998745
3011939,29.125
3011940,570.979125
3011941,2.5
3011942,5.25
3011943,3.625
3011944,0.0
3011945,6.0
3011946,2643.5
3011947,0.0
3011948,605.032
3011949,10.5
3011950,893.75
3011951,760.375
3011952,196.951
3011953,160.375
3011954,92.490125
3011955,3620.625
3011956,36.5
3011957,0.875
3011958,14.125
3011959,21.5
3011960,0.25
3011961,241.125
3011962,19.5
3011963,10.875
3011964,4.5
3011965,52.875
3011966,7.25
3011967,413.4389975
3011968,244.5
3011969,8.625
3011970,8.0
3011971,407.211
3011972,99.842
3011973,2090.460375
3011974,0.0
3011975,27.68550025
3011976,5.75
3011977,0.0
3011978,5.0
3011979,3192.0
3011980,0.0
3011981,439.25
3011982,5.625
3011983,1573.125
3011984,668.125
3011985,619.142625
3011986,100.125
3011987,69.99575
3011988,4950.308625
3011989,8.875
3011990,0.75
3011991,15.125
3011992,12.5
3011993,0.0
3011994,323.625
3011995,2.0
3011996,6.25
3011997,5.125
3011998,27.125
3011999,1.125
3012000,281.734375
3012001,311.5
3012002,3.375
3012003,3.75
3012004,269.07550000000003
3012005,55.045625125
3012006,1304.893
3012007,24.125
3012008,8.587875
3012009,9.375
3012010,0.75
3012011,5.0
3012012,3178.375
3012013,0.0
3012014,471.625
3012015,6.125
3012016,1496.25
3012017,648.625
3012018,340.829875
3012019,277.25
3012020,76.38375
3012021,4179.931875
3012022,19.125
3012023,0.375
3012024,37.125
3012025,27.75
3012026,0.375
3012027,329.375
3012028,3.125
3012029,3.25
3012030,10.875
3012031,68.25
3012032,2.125
3012033,118.3735
3012034,282.0
3012035,2.5
3012036,7.25
3012037,175.393375
3012038,145.599375
3012039,2331.3047500000002
3012040,0.75
3012041,9.625
3012042,6.0
3012043,0.25
3012044,2.375
3012045,1680.375
3012046,0.0
3012047,133.75
3012048,5.75
3012049,643.375
3012050,319.375
3012051,158.875
3012052,56.5
3012053,42.15575
3012054,2457.125
3012055,9.5
3012056,1.625
3012057,24.875
3012058,18.0
3012059,0.125
3012060,177.0
3012061,1.125
3012062,0.0
3012063,5.25
3012064,31.625
3012065,3.25
3012066,101.2365
3012067,145.25
3012068,1.25
3012069,7.5
3012070,145.0616225
3012071,32.375
3012072,598.437375
3012073,1.0
3012074,2.625
3012075,1.625
3012076,0.0
3012077,1.375
3012078,1427.5
3012079,0.0
3012080,260.251
3012081,10.0
3012082,535.5
3012083,462.625
3012084,117.714625
3012085,48.875
3012086,56.49075
3012087,2077.75
3012088,28.25
3012089,0.875
3012090,13.5
3012091,11.625
3012092,0.5
3012093,129.0
3012094,12.5
3012095,0.875
3012096,3.125
3012097,33.25
3012098,5.25
3012099,676.641875
3012100,135.625
3012101,2.875
3012102,3.75
3012103,358.2276225
3012104,30.692375
3012105,1169.1097375
3012106,0.0
3012107,9.252
3012108,2.375
3012109,0.5
3012110,4.125
3012111,3283.125
3012112,0.0
3012113,689.58825
3012114,14.625
3012115,1093.0
3012116,1203.75
3012117,253.783875
3012118,210.875
3012119,145.658125
3012120,3806.875
3012121,31.25
3012122,0.875
3012123,23.25
3012124,35.5
3012125,0.0
3012126,245.25
3012127,15.75
3012128,33.625
3012129,10.125
3012130,67.75
3012131,9.0
3012132,366.02425
3012133,258.625
3012134,17.875
3012135,8.25
3012136,504.649625
3012137,103.894874875
3012138,3294.2035
3012139,0.0
3012140,24.43187525
3012141,3.25
3012142,0.0
3012143,3.0
3012144,1456.625
3012145,0.0
3012146,266.0585
3012147,3.375
3012148,342.0
3012149,449.25
3012150,117.318625
3012151,86.75
3012152,55.0275
3012153,1519.75
3012154,16.5
3012155,0.5
3012156,17.5
3012157,10.75
3012158,0.5
3012159,76.625
3012160,0.0
3012161,12.375
3012162,3.125
3012163,119.375
3012164,6.0
3012165,152.60025000000002
3012166,87.125
3012167,3.625
3012168,5.75
3012169,133.916375
3012170,27.198499875
3012171,1063.108625
3012172,1.0
3012173,2.375
3012174,4.125
3012175,0.0
3012176,0.25
3012177,973.0
3012178,0.0
3012179,211.375
3012180,4.75
3012181,369.625
3012182,212.5
3012183,73.97887475
3012184,32.0
3012185,30.28987525
3012186,1470.75
3012187,15.375
3012188,1.0
3012189,8.25
3012190,9.125
3012191,0.375
3012192,74.75
3012193,0.0
3012194,3.5
3012195,0.625
3012196,10.0
3012197,0.5
3012198,189.757375
3012199,119.0
3012200,2.5
3012201,0.875
3012202,117.73287625
3012203,30.25
3012204,395.978
3012205,0.5
3012206,1.625
3012207,5.375
3012208,0.25
3012209,2.625
3012210,2764.25
3012211,0.125
3012212,574.54024875
3012213,12.625
3012214,838.0
3012215,887.625
3012216,255.19062375
3012217,207.75
3012218,85.338874375
3012219,3494.125
3012220,25.25
3012221,3.875
3012222,29.75
3012223,20.75
3012224,0.125
3012225,235.125
3012226,5.5
3012227,28.625
3012228,7.75
3012229,64.625
3012230,2.625
3012231,264.404625
3012232,209.875
3012233,8.375
3012234,7.375
3012235,358.1261225
3012236,65.356125
3012237,2255.2151125
3012238,0.625
3012239,11.82375
3012240,8.25
3012241,0.125
3012242,5.125
3012243,3356.5
3012244,0.0
3012245,692.25
3012246,13.375
3012247,1408.75
3012248,995.875
3012249,395.49575
3012250,314.875
3012251,71.97975
3012252,4909.2411250000005
3012253,14.5
3012254,1.125
3012255,34.75
3012256,14.5
3012257,1.375
3012258,312.0
3012259,0.0
3012260,6.75
3012261,4.5
3012262,26.375
3012263,1.75
3012264,227.466375
3012265,391.25
3012266,3.875
3012267,4.25
3012268,231.05787375
3012269,86.20037500000001
3012270,3051.268375
3012271,2.25
3012272,5.125
3012273,7.375
3012274,0.25
3012275,3.0
3012276,3176.375
3012277,0.0
3012278,713.125
3012279,11.375
3012280,1120.125
3012281,729.375
3012282,284.855125
3012283,221.625
3012284,56.30675
3012285,4221.844625
3012286,19.5
3012287,1.125
3012288,30.625
3012289,19.0
3012290,0.125
3012291,263.875
3012292,0.0
3012293,6.125
3012294,5.125
3012295,59.875
3012296,2.25
3012297,139.98224925
3012298,317.125
3012299,6.25
3012300,4.25
3012301,215.27725
3012302,68.455125
3012303,2476.018375
3012304,2.5
3012305,6.5
3012306,11.375
3012307,0.875
3012308,12.375
3012309,7324.25
3012310,0.0
3012311,1086.9405
3012312,26.375
3012313,1897.0
3012314,1856.5
3012315,329.460625
3012316,423.625
3012317,292.77925
3012318,7124.375
3012319,68.125
3012320,3.25
3012321,44.875
3012322,60.625
3012323,0.875
3012324,490.625
3012325,32.125
3012326,49.625
3012327,21.875
3012328,149.0
3012329,22.375
3012330,631.2495
3012331,462.25
3012332,18.75
3012333,21.5
3012334,1007.2606249999999
3012335,248.604625
3012336,6707.8391249999995
3012337,0.875
3012338,76.7638755
3012339,3.125
3012340,0.375
3012341,1.25
3012342,1953.375
3012343,0.0
3012344,182.625
3012345,4.5
3012346,1440.5
3012347,296.625
3012348,129.875
3012349,124.0
3012350,48.814499749999996
3012351,2281.0
3012352,3.0
3012353,0.25
3012354,13.5
3012355,9.875
3012356,0.375
3012357,213.5
3012358,0.5
3012359,0.0
3012360,1.875
3012361,24.75
3012362,0.125
3012363,81.25425
3012364,107.0
3012365,1.5
3012366,6.75
3012367,113.34649900000001
3012368,28.375
3012369,1309.421875
3012370,0.125
3012371,4.875
3012372,6.375
3012373,0.375
3012374,3.375
3012375,3919.375
3012376,0.0
3012377,612.625
3012378,9.375
3012379,1266.875
3012380,691.25
3012381,234.731875
3012382,329.125
3012383,92.92337500000001
3012384,4534.607375
3012385,13.375
3012386,0.25
3012387,22.125
3012388,20.625
3012389,0.0
3012390,287.75
3012391,1.375
3012392,5.0
3012393,10.25
3012394,16.375
3012395,1.5
3012396,341.1039975
3012397,309.5
3012398,3.75
3012399,7.125
3012400,137.50225
3012401,63.30825
3012402,2960.1076375000002
3012403,2.5
3012404,5.625
3012405,1.5
3012406,0.0
3012407,0.625
3012408,1171.0
3012409,0.0
3012410,109.375
3012411,5.0
3012412,1390.5
3012413,152.375
3012414,98.5
3012415,151.75
3012416,18.063
3012417,1809.375
3012418,1.75
3012419,0.375
3012420,7.0
3012421,3.125
3012422,0.125
3012423,89.625
3012424,0.0
3012425,0.0
3012426,0.375
3012427,9.625
3012428,0.0
3012429,71.042125
3012430,75.0
3012431,1.125
3012432,2.25
3012433,53.561999875
3012434,11.0
3012435,368.343625
3012436,0.0
3012437,1.875
3012438,10.125
3012439,0.0
3012440,2.5
3012441,2126.125
3012442,0.0
3012443,260.125
3012444,10.25
3012445,1088.375
3012446,398.125
3012447,199.875
3012448,126.0
3012449,47.26862525
3012450,3094.5
3012451,3.625
3012452,0.75
3012453,26.125
3012454,17.0
3012455,0.625
3012456,217.5
3012457,0.0
3012458,0.0
3012459,13.75
3012460,16.875
3012461,2.125
3012462,253.08175
3012463,213.25
3012464,1.625
3012465,5.5
3012466,222.151
3012467,37.625
3012468,2364.816875
3012469,0.0
3012470,1.875
3012471,3.5
3012472,0.0
3012473,2.375
3012474,2141.125
3012475,0.0
3012476,642.125
3012477,6.75
3012478,859.25
3012479,569.75
3012480,225.57025
3012481,121.75
3012482,55.332625
3012483,3696.968875
3012484,7.375
3012485,5.125
3012486,30.625
3012487,40.0
3012488,0.0
3012489,207.875
3012490,1.625
3012491,2.5
3012492,2.75
3012493,14.0
3012494,2.125
3012495,164.307625
3012496,249.125
3012497,4.125
3012498,4.25
3012499,133.1728745
3012500,38.105625
3012501,1140.867625
3012502,4.125
3012503,2.875
3012504,3.0
3012505,0.0
3012506,0.5
3012507,1155.75
3012508,0.0
3012509,120.25
3012510,2.625
3012511,398.75
3012512,149.125
3012513,86.5
3012514,106.75
3012515,26.75
3012516,1812.375
3012517,4.0
3012518,0.0
3012519,7.875
3012520,5.625
3012521,0.125
3012522,95.0
3012523,0.0
3012524,0.0
3012525,1.125
3012526,22.125
3012527,0.5
3012528,206.72500125
3012529,87.75
3012530,0.625
3012531,0.75
3012532,40.971500375
3012533,16.125
3012534,665.262375
3012535,0.0
3012536,1.0
3012537,2.375
3012538,0.0
3012539,1.375
3012540,3168.625
3012541,0.0
3012542,593.75
3012543,8.0
3012544,923.25
3012545,710.75
3012546,226.3995
3012547,151.875
3012548,63.5035
3012549,4250.909000000001
3012550,12.625
3012551,0.125
3012552,43.5
3012553,11.25
3012554,0.125
3012555,235.5
3012556,0.0
3012557,25.25
3012558,2.625
3012559,34.625
3012560,1.25
3012561,237.25500375000001
3012562,219.0
3012563,3.875
3012564,5.875
3012565,145.89625
3012566,47.224125
3012567,2754.9613625
3012568,1.0
3012569,1.5
3012570,7.0
3012571,0.0
3012572,7.0
3012573,2729.875
3012574,0.0
3012575,528.89675
3012576,11.0
3012577,1040.25
3012578,861.75
3012579,142.91312499999998
3012580,122.5
3012581,114.88525
3012582,3775.875
3012583,50.375
3012584,1.375
3012585,23.25
3012586,28.375
3012587,0.625
3012588,251.5
3012589,21.625
3012590,28.875
3012591,2.875
3012592,78.875
3012593,9.75
3012594,235.09675125
3012595,257.375
3012596,9.375
3012597,12.125
3012598,237.8430025
3012599,66.28824925
3012600,2301.17325
3012601,0.0
3012602,10.2258749625
3012603,4.5
3012604,0.0
3012605,6.125
3012606,2561.0
3012607,0.0
3012608,386.4875025
3012609,12.0
3012610,850.375
3012611,729.625
3012612,140.503375
3012613,76.875
3012614,93.90275
3012615,3224.125
3012616,26.5
3012617,1.375
3012618,25.875
3012619,53.0
3012620,0.125
3012621,280.5
3012622,20.875
3012623,16.25
3012624,8.625
3012625,106.0
3012626,8.875
3012627,118.0262495
3012628,290.75
3012629,8.625
3012630,10.5
3012631,101.46875
3012632,66.5993745
3012633,1656.543375
3012634,3.375
3012635,13.69975
3012636,10.875
3012637,0.5
3012638,2.75
3012639,4035.0
3012640,0.0
3012641,720.125
3012642,5.75
3012643,1716.125
3012644,696.125
3012645,217.77525
3012646,323.0
3012647,69.16175
3012648,5363.861375
3012649,34.25
3012650,0.625
3012651,24.0
3012652,17.625
3012653,0.125
3012654,448.75
3012655,5.625
3012656,13.625
3012657,7.75
3012658,35.75
3012659,3.25
3012660,169.88575
3012661,321.875
3012662,7.0
3012663,11.375
3012664,200.008125
3012665,57.19199975
3012666,2863.484375
3012667,2.25
3012668,17.02325
3012669,2.75
3012670,0.0
3012671,4.625
3012672,2199.0
3012673,0.125
3012674,332.008625
3012675,4.875
3012676,815.125
3012677,642.625
3012678,175.6685
3012679,127.0
3012680,73.918625
3012681,3224.125
3012682,22.0
3012683,1.0
3012684,13.25
3012685,10.75
3012686,0.375
3012687,222.875
3012688,21.0
3012689,17.5
3012690,1.75
3012691,42.375
3012692,6.875
3012693,342.48975375
3012694,213.375
3012695,4.375
3012696,7.125
3012697,346.431
3012698,50.745
3012699,1914.2862499999999
3012700,0.0
3012701,24.838124875
3012702,3.875
3012703,0.5
3012704,3.625
3012705,4325.875
3012706,0.0
3012707,465.5
3012708,5.5
3012709,2435.5
3012710,639.5
3012711,310.875
3012712,200.25
3012713,74.801375
3012714,5333.875
3012715,11.125
3012716,2.25
3012717,32.0
3012718,29.125
3012719,0.25
3012720,508.5
3012721,0.0
3012722,0.0
3012723,8.25
3012724,41.375
3012725,1.75
3012726,141.225125
3012727,303.375
3012728,2.75
3012729,13.125
3012730,181.71049875
3012731,61.625
3012732,2204.628625
3012733,0.0
3012734,5.0
3012735,6.375
3012736,0.0
3012737,7.0
3012738,2109.75
3012739,0.0
3012740,425.212375
3012741,7.25
3012742,1091.875
3012743,631.0
3012744,205.414625
3012745,119.125
3012746,93.30975000000001
3012747,3388.5
3012748,28.0
3012749,2.375
3012750,31.375
3012751,45.0
3012752,0.5
3012753,236.0
3012754,16.375
3012755,15.75
3012756,6.625
3012757,58.875
3012758,7.875
3012759,162.644
3012760,407.875
3012761,12.75
3012762,9.5
3012763,186.91787499999998
3012764,46.2665
3012765,1830.02425
3012766,0.875
3012767,5.5280000000000005
3012768,3.5
3012769,0.0
3012770,4.75
3012771,2724.25
3012772,0.0
3012773,440.07425
3012774,8.625
3012775,783.5
3012776,784.625
3012777,156.042875
3012778,118.75
3012779,110.0811245
3012780,3052.0
3012781,25.625
3012782,1.125
3012783,35.125
3012784,25.625
3012785,0.0
3012786,200.25
3012787,15.5
3012788,32.25
3012789,2.75
3012790,40.0
3012791,7.25
3012792,213.73074875
3012793,211.0
3012794,8.5
3012795,8.75
3012796,215.41675
3012797,54.55499975
3012798,2177.038375
3012799,0.125
3012800,15.225875
3012801,3.875
3012802,0.0
3012803,4.375
3012804,4955.875
3012805,0.0
3012806,570.75
3012807,14.5
3012808,1175.5
3012809,669.625
3012810,270.73975
3012811,197.125
3012812,56.237125
3012813,4949.394625
3012814,10.0
3012815,0.0
3012816,17.0
3012817,17.125
3012818,0.125
3012819,250.125
3012820,0.0
3012821,6.25
3012822,1.0
3012823,42.125
3012824,2.125
3012825,228.97824875
3012826,268.0
3012827,3.25
3012828,1.625
3012829,267.302125
3012830,150.58275
3012831,1972.0603625
3012832,4.75
3012833,0.375
3012834,9.75
3012835,0.0
3012836,10.875
3012837,7918.625
3012838,0.0
3012839,1451.793625
3012840,28.875
3012841,2330.25
3012842,2068.0
3012843,477.53249999999997
3012844,509.625
3012845,389.397875
3012846,8645.375
3012847,89.875
3012848,3.0
3012849,118.5
3012850,117.0
3012851,0.625
3012852,624.125
3012853,24.125
3012854,20.0
3012855,21.0
3012856,220.375
3012857,17.75
3012858,719.76024625
3012859,508.5
3012860,30.125
3012861,35.25
3012862,905.8836249999999
3012863,292.518375
3012864,7328.874625
3012865,98.25
3012866,84.758875
3012867,14.125
3012868,0.0
3012869,11.875
3012870,7465.375
3012871,0.0
3012872,1035.4805000000001
3012873,22.5
3012874,2363.875
3012875,1898.625
3012876,604.832
3012877,310.125
3012878,234.98075
3012879,9647.5
3012880,124.75
3012881,2.25
3012882,66.25
3012883,80.875
3012884,0.875
3012885,603.375
3012886,22.0
3012887,29.5
3012888,5.125
3012889,138.875
3012890,17.125
3012891,897.096625
3012892,621.375
3012893,20.625
3012894,23.625
3012895,1090.148375
3012896,199.5905025
3012897,4888.115125
3012898,193.75
3012899,72.793125
3012900,12.0
3012901,0.0
3012902,14.875
3012903,4841.5
3012904,0.0
3012905,772.375
3012906,14.625
3012907,2027.125
3012908,1250.0
3012909,655.306875
3012910,118.25
3012911,200.977625
3012912,7940.625
3012913,49.25
3012914,2.875
3012915,37.25
3012916,20.625
3012917,0.125
3012918,553.25
3012919,24.0
3012920,20.625
3012921,6.5
3012922,74.75
3012923,9.0
3012924,875.64487125
3012925,634.0
3012926,19.75
3012927,34.625
3012928,647.14688
3012929,117.310376125
3012930,2133.699
3012931,129.125
3012932,35.47912475
3012933,14.75
3012934,0.0
3012935,18.25
3012936,6950.25
3012937,0.25
3012938,1023.1865
3012939,22.5
3012940,2194.625
3012941,1870.875
3012942,565.89825
3012943,309.0
3012944,218.32975
3012945,9224.625
3012946,42.125
3012947,1.875
3012948,50.25
3012949,67.5
3012950,1.375
3012951,579.875
3012952,22.125
3012953,25.75
3012954,12.375
3012955,134.75
3012956,11.125
3012957,769.571875
3012958,639.875
3012959,19.875
3012960,24.125
3012961,1040.7105
3012962,193.3835
3012963,4664.284475
3012964,178.5
3012965,58.54699975
3012966,12.0
3012967,0.0
3012968,15.5
3012969,3968.0
3012970,0.0
3012971,656.139875
3012972,13.5
3012973,1941.375
3012974,1031.375
3012975,477.01
3012976,89.5
3012977,148.26425
3012978,6874.0
3012979,42.0
3012980,0.375
3012981,27.25
3012982,33.25
3012983,0.25
3012984,529.875
3012985,19.0
3012986,8.375
3012987,1.625
3012988,73.25
3012989,6.25
3012990,756.7547500000001
3012991,673.5
3012992,14.625
3012993,17.625
3012994,679.7623725
3012995,70.826999875
3012996,1504.038125
3012997,90.25
3012998,17.447875
3012999,12.625
3013000,0.0
3013001,13.0
3013002,5973.0
3013003,0.0
3013004,1057.61762875
3013005,27.625
3013006,1784.625
3013007,1948.875
3013008,384.854375
3013009,439.625
3013010,277.79075
3013011,7316.0
3013012,80.375
3013013,0.875
3013014,54.875
3013015,48.5
3013016,0.625
3013017,491.125
3013018,15.5
3013019,28.5
3013020,13.25
3013021,147.25
3013022,15.125
3013023,663.868495
3013024,475.625
3013025,15.375
3013026,26.25
3013027,905.74224625
3013028,203.3661225
3013029,6464.239375
3013030,114.0
3013031,69.890000375
3013032,7.5
3013033,0.25
3013034,6.0
3013035,1688.125
3013036,0.0
3013037,361.948625
3013038,18.25
3013039,825.125
3013040,516.375
3013041,215.45475
3013042,81.0
3013043,73.617875
3013044,2797.875
3013045,45.125
3013046,1.0
3013047,24.625
3013048,19.0
3013049,0.75
3013050,229.75
3013051,13.25
3013052,7.75
3013053,10.375
3013054,36.125
3013055,6.0
3013056,231.9503775
3013057,232.875
3013058,2.875
3013059,5.5
3013060,227.6907475
3013061,50.7165
3013062,1489.086875
3013063,1.25
3013064,11.816250125
3013065,10.625
3013066,0.0
3013067,12.5
3013068,4109.5
3013069,0.125
3013070,514.547875
3013071,35.875
3013072,1597.625
3013073,1055.0
3013074,404.503125
3013075,90.375
3013076,109.34700050000001
3013077,6162.375
3013078,89.875
3013079,2.0
3013080,46.25
3013081,31.75
3013082,0.25
3013083,412.125
3013084,12.5
3013085,5.125
3013086,3.625
3013087,89.75
3013088,7.5
3013089,524.8501225
3013090,457.5
3013091,10.25
3013092,23.0
3013093,371.7925
3013094,67.01149975
3013095,1953.935125
3013096,129.75
3013097,15.269874875
3013098,7.75
3013099,0.0
3013100,4.5
3013101,3941.0
3013102,0.25
3013103,739.535625
3013104,9.125
3013105,1330.875
3013106,1359.5
3013107,211.10399999999998
3013108,311.75
3013109,199.04375
3013110,4619.375
3013111,42.0
3013112,3.125
3013113,35.875
3013114,48.125
3013115,0.375
3013116,315.375
3013117,3.0
3013118,35.375
3013119,6.5
3013120,79.75
3013121,8.875
3013122,527.646
3013123,269.5
3013124,19.5
3013125,11.875
3013126,621.76724625
3013127,94.070375
3013128,4562.897
3013129,4.0
3013130,41.44
3013131,6.5
3013132,0.0
3013133,8.25
3013134,3841.0
3013135,0.0
3013136,633.11
3013137,9.375
3013138,1347.125
3013139,959.5
3013140,332.20525
3013141,168.25
3013142,241.71724999999998
3013143,4912.5
3013144,35.875
3013145,2.5
3013146,50.25
3013147,48.375
3013148,0.0
3013149,307.25
3013150,6.375
3013151,36.625
3013152,7.25
3013153,138.25
3013154,7.75
3013155,374.806875
3013156,273.125
3013157,12.375
3013158,19.0
3013159,368.7512475
3013160,122.525125
3013161,3522.176375
3013162,5.125
3013163,8.49475
3013164,7.75
3013165,0.375
3013166,4.5
3013167,1977.875
3013168,0.0
3013169,426.060375
3013170,4.875
3013171,841.625
3013172,480.25
3013173,194.306375
3013174,84.875
3013175,91.48762500000001
3013176,2660.625
3013177,18.375
3013178,1.25
3013179,17.5
3013180,18.375
3013181,0.125
3013182,204.25
3013183,4.125
3013184,12.5
3013185,5.25
3013186,37.0
3013187,4.0
3013188,226.145625
3013189,193.0
3013190,4.25
3013191,6.25
3013192,157.71575
3013193,48.099375
3013194,1492.2295
3013195,0.25
3013196,4.125
3013197,6.5
3013198,0.0
3013199,0.875
3013200,3245.625
3013201,0.0
3013202,273.375
3013203,2.125
3013204,1156.125
3013205,250.375
3013206,237.636
3013207,86.625
3013208,32.25
3013209,3302.625
3013210,10.0
3013211,0.875
3013212,18.25
3013213,15.75
3013214,0.125
3013215,246.875
3013216,0.0
3013217,0.0
3013218,4.375
3013219,36.0
3013220,0.5
3013221,53.771625
3013222,167.375
3013223,0.125
3013224,3.25
3013225,71.16875
3013226,88.0
3013227,926.667
3013228,0.0
3013229,5.75
3013230,5.75
3013231,0.375
3013232,6.75
3013233,3164.5
3013234,0.0
3013235,524.6475
3013236,10.625
3013237,1177.875
3013238,904.875
3013239,334.249
3013240,154.875
3013241,134.915625
3013242,4441.25
3013243,33.75
3013244,1.125
3013245,19.75
3013246,73.875
3013247,0.25
3013248,311.75
3013249,21.875
3013250,12.25
3013251,4.5
3013252,50.875
3013253,5.625
3013254,427.338375
3013255,327.375
3013256,11.0
3013257,11.875
3013258,506.5406225
3013259,86.19449987499999
3013260,2096.49575
3013261,0.0
3013262,35.898
3013263,4.75
3013264,0.25
3013265,6.5
3013266,3842.75
3013267,0.125
3013268,658.899625
3013269,19.375
3013270,1251.375
3013271,1245.25
3013272,190.97162500000002
3013273,278.0
3013274,205.401125
3013275,4082.75
3013276,41.125
3013277,3.25
3013278,64.25
3013279,29.625
3013280,1.375
3013281,259.25
3013282,12.0
3013283,47.25
3013284,9.25
3013285,97.0
3013286,13.0
3013287,462.7771225
3013288,274.0
3013289,7.75
3013290,14.0
3013291,657.832375
3013292,123.56725125
3013293,4869.100125
3013294,0.5
3013295,42.93162475
3013296,3.625
3013297,0.75
3013298,8.125
3013299,3844.5
3013300,0.0
3013301,790.082125
3013302,19.25
3013303,1143.75
3013304,1217.5
3013305,239.7165
3013306,261.625
3013307,150.68875
3013308,4445.0
3013309,30.0
3013310,3.5
3013311,44.0
3013312,41.5
3013313,0.375
3013314,313.875
3013315,32.25
3013316,29.75
3013317,24.5
3013318,102.375
3013319,12.75
3013320,371.991625
3013321,286.875
3013322,14.875
3013323,21.0
3013324,513.708
3013325,122.3709995
3013326,3776.466875
3013327,0.25
3013328,28.868750249999998
3013329,13.625
3013330,0.25
3013331,6.75
3013332,3364.875
3013333,0.0
3013334,528.5
3013335,16.375
3013336,1757.25
3013337,780.125
3013338,549.967625
3013339,218.5
3013340,87.9003755
3013341,6508.316625
3013342,13.125
3013343,1.125
3013344,50.125
3013345,39.375
3013346,0.125
3013347,436.375
3013348,13.25
3013349,8.125
3013350,8.5
3013351,34.5
3013352,3.5
3013353,367.27725
3013354,473.125
3013355,5.875
3013356,5.875
3013357,389.57275
3013358,103.607124625
3013359,2281.27025
3013360,63.125
3013361,12.9714999375
3013362,3.875
3013363,0.0
3013364,3.875
3013365,2438.0
3013366,0.0
3013367,405.2156275
3013368,12.375
3013369,806.875
3013370,824.875
3013371,146.6815
3013372,155.5
3013373,160.6795
3013374,3017.75
3013375,23.75
3013376,1.875
3013377,32.25
3013378,24.375
3013379,0.25
3013380,218.375
3013381,19.25
3013382,27.0
3013383,8.875
3013384,84.125
3013385,6.625
3013386,288.186125
3013387,175.125
3013388,4.5
3013389,12.75
3013390,352.9220025
3013391,64.70187475
3013392,4091.219525
3013393,0.0
3013394,29.526625
3013395,1.125
3013396,0.0
3013397,2.0
3013398,1068.625
3013399,0.0
3013400,85.625
3013401,3.125
3013402,636.875
3013403,388.375
3013404,223.0
3013405,32.375
3013406,30.375
3013407,2223.875
3013408,3.75
3013409,0.5
3013410,12.5
3013411,7.25
3013412,0.125
3013413,156.25
3013414,1.875
3013415,0.0
3013416,1.5
3013417,8.75
3013418,0.5
3013419,161.596375
3013420,148.875
3013421,0.125
3013422,2.25
3013423,138.9047495
3013424,21.0
3013425,221.660875
3013426,0.0
3013427,2.875
3013428,4.5
3013429,0.375
3013430,4.0
3013431,4040.75
3013432,0.0
3013433,605.125
3013434,11.25
3013435,1889.5
3013436,636.5
3013437,446.000875
3013438,169.0
3013439,75.18775
3013440,6779.6251250000005
3013441,35.625
3013442,0.375
3013443,23.0
3013444,15.875
3013445,0.125
3013446,480.875
3013447,17.0
3013448,0.875
3013449,10.25
3013450,40.375
3013451,1.625
3013452,639.87750125
3013453,391.75
3013454,3.0
3013455,12.75
3013456,395.2972525
3013457,102.092375
3013458,1194.984625
3013459,9.5
3013460,11.375
3013461,5.0
3013462,0.0
3013463,1.375
3013464,1464.375
3013465,0.0
3013466,173.875
3013467,6.75
3013468,795.75
3013469,528.75
3013470,205.875
3013471,60.125
3013472,33.75
3013473,2815.25
3013474,12.375
3013475,0.375
3013476,13.5
3013477,16.75
3013478,0.375
3013479,169.875
3013480,6.75
3013481,0.0
3013482,3.0
3013483,29.125
3013484,1.625
3013485,150.59012425
3013486,166.125
3013487,1.25
3013488,4.625
3013489,151.988749375
3013490,33.75
3013491,333.30075
3013492,2.625
3013493,6.5
3013494,5.125
3013495,0.0
3013496,3.875
3013497,1309.75
3013498,0.0
3013499,117.75
3013500,6.0
3013501,606.125
3013502,298.0
3013503,142.125
3013504,62.25
3013505,26.665625
3013506,2578.25
3013507,12.125
3013508,0.125
3013509,8.25
3013510,7.625
3013511,0.25
3013512,130.75
3013513,1.5
3013514,0.0
3013515,2.125
3013516,33.375
3013517,0.875
3013518,135.97925125
3013519,167.125
3013520,0.625
3013521,4.0
3013522,54.667375
3013523,19.75
3013524,158.97687374999998
3013525,0.0
3013526,2.875
3013527,2.75
3013528,0.0
3013529,2.875
3013530,1378.25
3013531,0.0
3013532,156.375
3013533,5.875
3013534,996.0
3013535,451.125
3013536,238.625
3013537,29.25
3013538,37.47125
3013539,2707.625
3013540,12.25
3013541,0.25
3013542,12.125
3013543,17.875
3013544,0.25
3013545,188.625
3013546,1.5
3013547,0.0
3013548,2.75
3013549,17.25
3013550,1.75
3013551,158.042
3013552,257.25
3013553,1.375
3013554,4.75
3013555,69.64724925
3013556,93.0
3013557,338.586625
3013558,0.75
3013559,3.625
3013560,2.125
3013561,4.375
3013562,2.75
3013563,1526.625
3013564,0.0
3013565,132.875
3013566,2.375
3013567,811.125
3013568,402.875
3013569,244.75
3013570,87.75
3013571,63.5
3013572,2590.5
3013573,10.0
3013574,0.5
3013575,23.375
3013576,18.625
3013577,0.5
3013578,219.625
3013579,9.875
3013580,0.0
3013581,5.375
3013582,24.125
3013583,1.625
3013584,129.79087575
3013585,173.125
3013586,1.125
3013587,6.0
3013588,104.48937562500001
3013589,41.5
3013590,599.6537525
3013591,1.0
3013592,8.125
3013593,4.75
3013594,0.0
3013595,2.125
3013596,1180.0
3013597,0.0
3013598,132.125
3013599,3.875
3013600,750.125
3013601,271.25
3013602,140.75
3013603,116.375
3013604,28.195000125
3013605,1973.625
3013606,5.25
3013607,0.625
3013608,11.0
3013609,11.0
3013610,0.25
3013611,146.75
3013612,0.0
3013613,0.0
3013614,1.625
3013615,43.25
3013616,0.5
3013617,54.94287525
3013618,125.5
3013619,0.75
3013620,2.5
3013621,68.842000375
3013622,32.625
3013623,463.110875
3013624,0.0
3013625,2.375
3013626,5.25
3013627,0.25
3013628,2.75
3013629,2501.0
3013630,0.0
3013631,306.25
3013632,5.25
3013633,978.5
3013634,1024.125
3013635,438.75
3013636,126.25
3013637,81.125
3013638,3855.0
3013639,9.875
3013640,0.5
3013641,19.5
3013642,20.875
3013643,0.125
3013644,263.5
3013645,0.25
3013646,0.0
3013647,4.375
3013648,21.25
3013649,3.125
3013650,255.72
3013651,240.0
3013652,2.125
3013653,6.0
3013654,293.171
3013655,54.875
3013656,1193.180625
3013657,0.0
3013658,9.375
3013659,4.25
3013660,0.25
3013661,2.375
3013662,1885.0
3013663,0.0
3013664,517.125
3013665,5.5
3013666,491.375
3013667,710.625
3013668,181.280875
3013669,153.875
3013670,56.875
3013671,2424.0254999999997
3013672,12.125
3013673,0.875
3013674,18.25
3013675,13.0
3013676,0.25
3013677,167.875
3013678,13.0
3013679,4.0
3013680,4.875
3013681,57.625
3013682,3.0
3013683,77.2825
3013684,138.625
3013685,3.625
3013686,5.375
3013687,154.293625
3013688,63.68012575
3013689,1220.16925
3013690,6.625
3013691,8.972125
3013692,5.125
3013693,0.375
3013694,2.75
3013695,2124.0
3013696,0.0
3013697,133.5
3013698,4.875
3013699,762.25
3013700,334.5
3013701,254.625
3013702,43.125
3013703,48.697625
3013704,2809.5
3013705,24.75
3013706,1.125
3013707,11.375
3013708,12.125
3013709,0.125
3013710,153.0
3013711,5.875
3013712,0.0
3013713,4.625
3013714,18.5
3013715,2.25
3013716,119.2842495
3013717,138.5
3013718,0.75
3013719,5.0
3013720,79.77775025
3013721,24.0
3013722,345.435625
3013723,0.25
3013724,2.5
3013725,4.625
3013726,0.0
3013727,6.625
3013728,2825.0
3013729,0.0
3013730,626.87225
3013731,13.0
3013732,926.625
3013733,805.125
3013734,200.75900000000001
3013735,157.25
3013736,101.406875
3013737,3760.25
3013738,42.25
3013739,0.5
3013740,17.25
3013741,84.0
3013742,0.125
3013743,248.75
3013744,17.5
3013745,19.375
3013746,6.625
3013747,58.875
3013748,7.75
3013749,385.8366225
3013750,246.375
3013751,8.75
3013752,8.875
3013753,448.97975
3013754,106.36525
3013755,3251.56525
3013756,0.0
3013757,33.626625
3013758,8.625
3013759,0.125
3013760,4.625
3013761,2660.5
3013762,0.0
3013763,395.625
3013764,5.5
3013765,1118.375
3013766,871.375
3013767,479.5335
3013768,73.625
3013769,58.706
3013770,4239.5782500000005
3013771,13.375
3013772,0.625
3013773,20.0
3013774,10.125
3013775,0.0
3013776,288.625
3013777,3.375
3013778,6.875
3013779,3.625
3013780,41.25
3013781,1.25
3013782,250.33924875
3013783,291.625
3013784,3.5
3013785,4.375
3013786,212.1415
3013787,49.898250000000004
3013788,766.29912875
3013789,13.0
3013790,10.801
3013791,9.0
3013792,0.625
3013793,4.5
3013794,2266.375
3013795,0.0
3013796,368.75
3013797,4.25
3013798,1298.125
3013799,653.375
3013800,257.21375
3013801,226.25
3013802,78.121
3013803,3390.5682500000003
3013804,18.375
3013805,0.875
3013806,28.25
3013807,90.0
3013808,0.25
3013809,270.0
3013810,2.0
3013811,4.0
3013812,10.0
3013813,73.875
3013814,1.5
3013815,101.854375
3013816,246.875
3013817,4.0
3013818,3.0
3013819,144.55462625
3013820,125.75300125000001
3013821,1094.10375
3013822,0.625
3013823,4.625
3013824,4.125
3013825,0.125
3013826,3.125
3013827,1331.875
3013828,0.0
3013829,120.625
3013830,5.5
3013831,642.0
3013832,333.375
3013833,145.125
3013834,43.5
3013835,36.491125
3013836,2296.375
3013837,12.25
3013838,0.75
3013839,18.125
3013840,17.375
3013841,0.0
3013842,163.625
3013843,1.375
3013844,0.0
3013845,6.0
3013846,50.125
3013847,1.375
3013848,112.442747125
3013849,144.0
3013850,1.5
3013851,5.25
3013852,130.197500375
3013853,40.875
3013854,378.6175
3013855,0.25
3013856,2.0
3013857,2.75
3013858,0.0
3013859,1.375
3013860,1512.875
3013861,0.25
3013862,275.582375
3013863,9.5
3013864,588.875
3013865,480.375
3013866,130.915
3013867,50.0
3013868,66.255625
3013869,2274.25
3013870,32.625
3013871,0.625
3013872,17.25
3013873,11.625
3013874,0.0
3013875,136.125
3013876,14.75
3013877,2.25
3013878,4.0
3013879,36.375
3013880,3.375
3013881,668.906125
3013882,150.375
3013883,4.625
3013884,6.625
3013885,331.0526275
3013886,38.48325
3013887,1550.897125
3013888,0.0
3013889,7.709875
3013890,2.75
3013891,0.0
3013892,4.75
3013893,3489.0
3013894,0.125
3013895,767.688
3013896,10.25
3013897,1234.625
3013898,1317.75
3013899,279.625875
3013900,242.0
3013901,186.266375
3013902,4373.875
3013903,35.125
3013904,0.75
3013905,22.125
3013906,32.875
3013907,0.125
3013908,295.25
3013909,10.125
3013910,50.25
3013911,8.375
3013912,79.25
3013913,11.125
3013914,410.467375
3013915,268.0
3013916,16.375
3013917,8.875
3013918,577.72362125
3013919,117.705375
3013920,6055.126375
3013921,0.0
3013922,23.82325
3013923,1.375
3013924,0.0
3013925,2.75
3013926,1731.375
3013927,0.0
3013928,340.025625
3013929,5.0
3013930,383.125
3013931,494.75
3013932,129.844125
3013933,101.125
3013934,69.685375
3013935,1719.375
3013936,15.375
3013937,0.375
3013938,13.75
3013939,17.625
3013940,0.25
3013941,90.25
3013942,0.0
3013943,35.375
3013944,2.125
3013945,111.875
3013946,4.625
3013947,228.7285
3013948,84.25
3013949,4.125
3013950,5.125
3013951,170.99087624999999
3013952,35.490750125
3013953,2622.1655
3013954,1.25
3013955,2.25
3013956,4.75
3013957,0.0
3013958,0.0
3013959,902.375
3013960,0.0
3013961,195.5
3013962,7.0
3013963,509.625
3013964,231.125
3013965,71.62
3013966,29.5
3013967,26.989624875
3013968,1397.375
3013969,13.375
3013970,0.5
3013971,13.375
3013972,12.0
3013973,0.0
3013974,69.25
3013975,0.25
3013976,4.0
3013977,0.25
3013978,19.25
3013979,0.625
3013980,246.52050125
3013981,93.25
3013982,1.75
3013983,1.25
3013984,120.202874375
3013985,18.0
3013986,997.31075
3013987,0.625
3013988,2.0
3013989,5.375
3013990,0.5
3013991,1.875
3013992,2881.5
3013993,0.0
3013994,627.514125
3013995,8.625
3013996,955.875
3013997,933.625
3013998,262.602
3013999,243.5
3014000,98.739
3014001,3702.75
3014002,21.0
3014003,3.375
3014004,28.75
3014005,28.375
3014006,0.625
3014007,242.0
3014008,4.0
3014009,31.0
3014010,6.0
3014011,81.375
3014012,3.625
3014013,273.13587375
3014014,212.0
3014015,10.625
3014016,10.75
3014017,362.4022475
3014018,78.934625
3014019,4118.45975
3014020,1.625
3014021,20.293125
3014022,6.75
3014023,0.0
3014024,2.375
3014025,2355.5
3014026,0.0
3014027,509.5
3014028,18.25
3014029,837.0
3014030,799.5
3014031,288.606375
3014032,191.125
3014033,50.54024975
3014034,3522.042
3014035,9.5
3014036,0.5
3014037,28.0
3014038,13.625
3014039,0.5
3014040,220.5
3014041,0.0
3014042,6.75
3014043,4.75
3014044,30.0
3014045,0.875
3014046,180.04637499999998
3014047,249.375
3014048,5.625
3014049,3.25
3014050,160.6706255
3014051,66.9959995
3014052,1141.9455
3014053,2.875
3014054,1.75
3014055,6.5
3014056,0.875
3014057,1.875
3014058,2376.0
3014059,0.0
3014060,506.875
3014061,8.375
3014062,800.125
3014063,714.375
3014064,221.04425
3014065,135.375
3014066,55.24375
3014067,3087.810625
3014068,12.125
3014069,0.75
3014070,21.375
3014071,16.125
3014072,0.375
3014073,195.0
3014074,0.0
3014075,6.625
3014076,7.125
3014077,67.75
3014078,0.5
3014079,99.3926255
3014080,188.875
3014081,4.5
3014082,3.5
3014083,145.367374375
3014084,59.177625
3014085,851.3885
3014086,1.25
3014087,4.5
3014088,10.625
3014089,1.375
3014090,11.25
3014091,7652.625
3014092,0.0
3014093,1254.041375
3014094,28.125
3014095,2054.5
3014096,2100.125
3014097,310.731625
3014098,469.875
3014099,343.769
3014100,7910.0
3014101,79.75
3014102,3.625
3014103,75.125
3014104,48.25
3014105,1.5
3014106,495.125
3014107,36.125
3014108,84.375
3014109,21.25
3014110,173.0
3014111,19.125
3014112,668.22038375
3014113,476.375
3014114,16.875
3014115,20.5
3014116,1060.747625
3014117,227.4828725
3014118,10640.468
3014119,1.75
3014120,75.642375
3014121,2.375
3014122,0.25
3014123,1.25
3014124,1276.0
3014125,0.0
3014126,138.875
3014127,3.875
3014128,493.625
3014129,305.125
3014130,108.375
3014131,95.875
3014132,43.09024975
3014133,1885.5
3014134,4.875
3014135,0.375
3014136,10.25
3014137,8.375
3014138,0.25
3014139,158.375
3014140,0.0
3014141,0.0
3014142,4.375
3014143,51.25
3014144,0.625
3014145,50.38187525
3014146,82.375
3014147,1.875
3014148,2.875
3014149,94.8569995
3014150,16.625
3014151,459.30174750000003
3014152,0.0
3014153,4.0
3014154,8.875
3014155,0.125
3014156,2.25
3014157,2484.25
3014158,0.0
3014159,435.125
3014160,7.125
3014161,1153.375
3014162,727.25
3014163,190.056125
3014164,198.25
3014165,72.67625
3014166,3851.580125
3014167,12.0
3014168,0.375
3014169,17.125
3014170,18.5
3014171,0.25
3014172,238.75
3014173,1.125
3014174,3.25
3014175,13.0
3014176,10.625
3014177,1.0
3014178,291.1905025
3014179,214.375
3014180,5.25
3014181,5.5
3014182,98.304749125
3014183,66.011875
3014184,981.07474625
3014185,1.25
3014186,5.25
3014187,1.375
3014188,0.0
3014189,0.875
3014190,718.625
3014191,0.0
3014192,106.5
3014193,1.375
3014194,832.625
3014195,182.75
3014196,87.625
3014197,149.75
3014198,14.125
3014199,1283.5
3014200,2.125
3014201,0.125
3014202,15.125
3014203,5.75
3014204,0.125
3014205,85.25
3014206,0.0
3014207,0.0
3014208,0.25
3014209,7.25
3014210,0.25
3014211,63.8623755
3014212,75.375
3014213,0.75
3014214,1.125
3014215,44.296375
3014216,12.875
3014217,134.06525
3014218,0.0
3014219,0.875
3014220,5.875
3014221,0.0
3014222,1.875
3014223,1700.0
3014224,0.0
3014225,190.75
3014226,7.125
3014227,802.875
3014228,534.0
3014229,156.75
3014230,109.0
3014231,44.814125
3014232,2427.75
3014233,4.5
3014234,0.625
3014235,23.5
3014236,13.25
3014237,0.0
3014238,186.25
3014239,0.0
3014240,0.0
3014241,12.0
3014242,44.0
3014243,0.5
3014244,253.45675
3014245,166.75
3014246,2.0
3014247,4.75
3014248,208.172125
3014249,31.5
3014250,1030.938875
3014251,0.0
3014252,0.5
3014253,3.125
3014254,0.625
3014255,1.5
3014256,1883.625
3014257,0.0
3014258,585.875
3014259,7.125
3014260,713.375
3014261,775.125
3014262,206.6635
3014263,98.375
3014264,61.6365
3014265,3024.09375
3014266,5.5
3014267,3.125
3014268,29.75
3014269,29.875
3014270,0.25
3014271,187.125
3014272,3.25
3014273,3.0
3014274,3.5
3014275,27.0
3014276,1.375
3014277,169.07037625
3014278,239.75
3014279,3.25
3014280,5.5
3014281,143.3864995
3014282,26.742125
3014283,572.18
3014284,2.75
3014285,4.75
3014286,3.875
3014287,0.0
3014288,0.625
3014289,1097.875
3014290,0.0
3014291,67.5
3014292,1.875
3014293,396.75
3014294,187.0
3014295,72.375
3014296,110.0
3014297,29.75
3014298,1504.375
3014299,2.375
3014300,0.75
3014301,10.125
3014302,7.875
3014303,0.25
3014304,90.375
3014305,0.0
3014306,0.0
3014307,0.25
3014308,9.0
3014309,0.0
3014310,164.4228775
3014311,70.875
3014312,0.875
3014313,1.875
3014314,29.070625125
3014315,13.5
3014316,286.447875
3014317,0.0
3014318,1.125
3014319,3.375
3014320,0.0
3014321,0.875
3014322,2814.625
3014323,0.0
3014324,372.375
3014325,5.375
3014326,780.625
3014327,637.625
3014328,204.44825
3014329,85.125
3014330,62.3117495
3014331,3336.533125
3014332,7.125
3014333,0.875
3014334,16.375
3014335,10.375
3014336,0.0
3014337,176.875
3014338,0.0
3014339,20.75
3014340,6.125
3014341,42.625
3014342,0.5
3014343,212.975875
3014344,198.375
3014345,3.25
3014346,4.625
3014347,98.91025
3014348,50.576750000000004
3014349,1015.618125
3014350,0.25
3014351,0.375
3014352,6.0
3014353,0.0
3014354,6.375
3014355,3081.25
3014356,0.0
3014357,578.2011249999999
3014358,8.0
3014359,1167.125
3014360,936.625
3014361,157.705125
3014362,140.875
3014363,126.17812500000001
3014364,4040.5
3014365,65.0
3014366,2.0
3014367,25.125
3014368,23.875
3014369,0.125
3014370,261.0
3014371,22.375
3014372,33.75
3014373,3.25
3014374,94.125
3014375,7.25
3014376,230.62987625
3014377,247.5
3014378,15.5
3014379,17.875
3014380,283.360875
3014381,79.1015
3014382,3930.8913875
3014383,0.0
3014384,14.288625
3014385,5.875
3014386,0.0
3014387,4.625
3014388,2700.75
3014389,0.0
3014390,490.8415
3014391,8.5
3014392,1318.75
3014393,840.5
3014394,134.719
3014395,89.625
3014396,146.25
3014397,3676.0
3014398,36.75
3014399,1.5
3014400,37.875
3014401,77.625
3014402,0.125
3014403,301.0
3014404,15.875
3014405,23.5
3014406,9.25
3014407,185.875
3014408,8.75
3014409,205.45700125
3014410,524.375
3014411,8.625
3014412,10.125
3014413,123.855375625
3014414,70.814999875
3014415,3049.273875
3014416,0.0
3014417,12.7493749625
3014418,6.375
3014419,0.25
3014420,3.5
3014421,3733.125
3014422,0.0
3014423,654.75
3014424,5.875
3014425,1724.0
3014426,693.25
3014427,197.35225
3014428,244.375
3014429,61.625
3014430,4713.0517500000005
3014431,30.75
3014432,1.125
3014433,18.375
3014434,16.625
3014435,0.375
3014436,303.25
3014437,3.25
3014438,16.875
3014439,6.0
3014440,54.75
3014441,2.5
3014442,148.26387625
3014443,273.625
3014444,6.75
3014445,8.25
3014446,198.397875
3014447,58.37837525
3014448,1389.079
3014449,1.75
3014450,13.996999875
3014451,3.75
3014452,0.375
3014453,5.375
3014454,2369.5
3014455,0.0
3014456,357.752
3014457,5.375
3014458,836.875
3014459,735.75
3014460,168.00150000000002
3014461,131.0
3014462,84.473
3014463,3159.5
3014464,24.625
3014465,1.875
3014466,13.375
3014467,12.125
3014468,0.0
3014469,213.0
3014470,17.25
3014471,26.375
3014472,1.25
3014473,51.375
3014474,5.875
3014475,345.617125
3014476,204.375
3014477,5.5
3014478,9.375
3014479,333.872375
3014480,49.54437475
3014481,3064.5113875
3014482,0.0
3014483,21.874625
3014484,2.875
3014485,0.25
3014486,2.125
3014487,3876.875
3014488,0.0
3014489,362.5
3014490,16.0
3014491,1569.0
3014492,863.625
3014493,268.375
3014494,180.375
3014495,53.244749999999996
3014496,4804.75
3014497,11.5
3014498,2.75
3014499,28.375
3014500,19.375
3014501,0.125
3014502,385.125
3014503,0.0
3014504,0.0
3014505,11.0
3014506,37.5
3014507,1.625
3014508,140.69575125
3014509,302.625
3014510,3.75
3014511,8.5
3014512,166.5107475
3014513,58.875
3014514,988.7624999999999
3014515,0.0
3014516,4.625
3014517,7.375
3014518,0.0
3014519,7.5
3014520,2473.75
3014521,0.0
3014522,468.44375249999996
3014523,7.875
3014524,1083.375
3014525,713.375
3014526,219.73112625
3014527,130.125
3014528,127.441
3014529,4031.875
3014530,31.0
3014531,1.375
3014532,23.375
3014533,43.5
3014534,0.25
3014535,236.375
3014536,12.375
3014537,25.5
3014538,8.0
3014539,129.625
3014540,8.75
3014541,194.9722525
3014542,499.75
3014543,12.875
3014544,6.875
3014545,193.96175
3014546,73.904125
3014547,2862.334
3014548,0.375
3014549,7.6235
3014550,2.625
3014551,0.0
3014552,4.375
3014553,2749.375
3014554,0.0
3014555,485.364875
3014556,10.75
3014557,789.125
3014558,820.125
3014559,159.594375
3014560,134.375
3014561,114.35737499999999
3014562,3217.25
3014563,33.75
3014564,0.375
3014565,16.875
3014566,22.375
3014567,0.5
3014568,216.75
3014569,15.125
3014570,42.5
3014571,5.625
3014572,56.125
3014573,8.0
3014574,229.70474875
3014575,213.125
3014576,9.5
3014577,9.125
3014578,253.35512500000002
3014579,59.99287525
3014580,3375.484
3014581,0.125
3014582,15.301374875
3014583,4.375
3014584,0.0
3014585,3.625
3014586,4328.75
3014587,0.0
3014588,510.25
3014589,9.5
3014590,1025.375
3014591,670.625
3014592,244.400125
3014593,157.875
3014594,45.7327495
3014595,4080.890625
3014596,9.125
3014597,0.25
3014598,10.625
3014599,17.25
3014600,0.0
3014601,226.875
3014602,0.0
3014603,8.125
3014604,0.75
3014605,54.75
3014606,4.75
3014607,198.06562375000001
3014608,249.5
3014609,3.625
3014610,1.125
3014611,245.8976275
3014612,126.551375
3014613,1044.37225
3014614,2.875
3014615,0.375
3014616,14.375
3014617,0.0
3014618,14.0
3014619,8569.625
3014620,0.0
3014621,1604.106375
3014622,33.0
3014623,2747.875
3014624,2389.125
3014625,492.5568725
3014626,572.0
3014627,408.311625
3014628,9288.75
3014629,108.875
3014630,4.5
3014631,103.5
3014632,128.125
3014633,0.75
3014634,669.875
3014635,29.125
3014636,23.875
3014637,17.625
3014638,253.875
3014639,19.125
3014640,768.649
3014641,501.75
3014642,38.375
3014643,35.5
3014644,1072.20812875
3014645,325.2948725
3014646,12699.44075
3014647,73.0
3014648,75.948
3014649,14.625
3014650,0.0
3014651,9.875
3014652,8008.75
3014653,0.0
3014654,1139.643
3014655,28.375
3014656,2440.75
3014657,2017.0
3014658,586.4594999999999
3014659,323.125
3014660,269.407625
3014661,10114.875
3014662,136.125
3014663,1.375
3014664,71.25
3014665,74.0
3014666,1.0
3014667,598.5
3014668,14.5
3014669,37.875
3014670,4.0
3014671,171.125
3014672,13.75
3014673,882.43975375
3014674,626.25
3014675,18.875
3014676,25.875
3014677,1052.4908625
3014678,258.86787125
3014679,8000.574625
3014680,152.25
3014681,77.687875625
3014682,9.375
3014683,0.0
3014684,13.625
3014685,4923.625
3014686,0.125
3014687,873.5
3014688,12.875
3014689,2211.5
3014690,1312.25
3014691,634.087125
3014692,120.875
3014693,194.318875
3014694,8317.0
3014695,39.75
3014696,1.625
3014697,34.125
3014698,27.5
3014699,0.25
3014700,546.875
3014701,21.625
3014702,25.125
3014703,8.375
3014704,86.625
3014705,7.875
3014706,961.682625
3014707,607.875
3014708,20.375
3014709,37.875
3014710,607.43325
3014711,139.15287625
3014712,3332.448375
3014713,73.625
3014714,36.582875
3014715,12.125
3014716,0.0
3014717,16.375
3014718,7217.375
3014719,0.0
3014720,1056.17275
3014721,22.875
3014722,2174.125
3014723,2032.125
3014724,558.008875
3014725,314.875
3014726,223.31725
3014727,9610.5
3014728,54.25
3014729,2.875
3014730,66.125
3014731,67.75
3014732,1.5
3014733,558.0
3014734,22.375
3014735,34.0
3014736,5.25
3014737,156.125
3014738,10.125
3014739,743.414
3014740,582.625
3014741,22.75
3014742,27.875
3014743,923.21325
3014744,197.50350375
3014745,7037.180625
3014746,118.0
3014747,55.645874750000004
3014748,10.5
3014749,0.0
3014750,15.5
3014751,3716.375
3014752,0.0
3014753,671.125
3014754,16.75
3014755,1845.625
3014756,1060.625
3014757,521.494875
3014758,97.5
3014759,152.01225
3014760,6711.125
3014761,42.25
3014762,0.125
3014763,24.75
3014764,34.5
3014765,0.625
3014766,509.75
3014767,15.375
3014768,10.75
3014769,2.25
3014770,86.125
3014771,3.125
3014772,713.19312125
3014773,741.25
3014774,15.125
3014775,20.625
3014776,606.88
3014777,81.996000625
3014778,2297.5545
3014779,97.125
3014780,16.757
3014781,10.125
3014782,0.0
3014783,12.125
3014784,6472.75
3014785,0.0
3014786,1281.89425
3014787,22.75
3014788,2021.875
3014789,2220.75
3014790,393.180125
3014791,468.375
3014792,361.758
3014793,8050.125
3014794,74.25
3014795,1.5
3014796,51.375
3014797,63.375
3014798,2.0
3014799,474.125
3014800,13.5
3014801,37.125
3014802,6.75
3014803,192.125
3014804,14.625
3014805,698.3515
3014806,468.875
3014807,17.25
3014808,28.25
3014809,953.29175
3014810,242.7845
3014811,10591.59175
3014812,84.75
3014813,78.541875375
3014814,4.5
3014815,0.25
3014816,5.375
3014817,1888.375
3014818,0.0
3014819,354.890625
3014820,18.375
3014821,970.0
3014822,562.75
3014823,214.154625
3014824,90.125
3014825,83.4853745
3014826,2985.875
3014827,43.5
3014828,1.5
3014829,33.75
3014830,20.875
3014831,0.625
3014832,213.5
3014833,13.75
3014834,10.125
3014835,11.375
3014836,45.75
3014837,5.625
3014838,235.76800125
3014839,228.0
3014840,3.625
3014841,8.375
3014842,222.4685025
3014843,52.18762475
3014844,2106.7635
3014845,1.25
3014846,11.2729999625
3014847,8.375
3014848,0.0
3014849,11.625
3014850,3944.5
3014851,0.0
3014852,587.8525
3014853,30.0
3014854,1585.5
3014855,1017.875
3014856,433.1617525
3014857,94.25
3014858,137.46224999999998
3014859,6173.375
3014860,94.25
3014861,2.5
3014862,44.25
3014863,35.25
3014864,0.625
3014865,398.75
3014866,14.0
3014867,9.375
3014868,2.5
3014869,113.5
3014870,6.375
3014871,605.0604999999999
3014872,451.375
3014873,9.875
3014874,20.75
3014875,365.4134975
3014876,78.29825062500001
3014877,2606.004875
3014878,113.875
3014879,16.721625125
3014880,7.375
3014881,0.0
3014882,5.25
3014883,4505.875
3014884,0.0
3014885,915.090375
3014886,10.375
3014887,1615.625
3014888,1707.75
3014889,233.37075
3014890,365.375
3014891,239.561375
3014892,5593.75
3014893,39.25
3014894,1.375
3014895,42.75
3014896,51.625
3014897,1.0
3014898,352.0
3014899,2.375
3014900,51.375
3014901,6.0
3014902,121.625
3014903,10.875
3014904,613.528375
3014905,287.125
3014906,20.5
3014907,12.375
3014908,733.618375
3014909,122.581374
3014910,8530.832999999999
3014911,5.5
3014912,44.89650025
3014913,12.5
3014914,0.0
3014915,7.125
3014916,4237.75
3014917,0.0
3014918,785.3636250000001
3014919,9.125
3014920,1688.625
3014921,1161.25
3014922,313.93825
3014923,217.5
3014924,286.652375
3014925,5682.75
3014926,44.25
3014927,3.25
3014928,43.0
3014929,41.25
3014930,0.5
3014931,334.25
3014932,5.875
3014933,55.875
3014934,10.0
3014935,197.75
3014936,6.75
3014937,436.85175
3014938,321.875
3014939,12.5
3014940,28.0
3014941,474.9055
3014942,138.066
3014943,7500.693
3014944,3.75
3014945,8.142
3014946,9.125
3014947,0.375
3014948,5.125
3014949,2304.125
3014950,0.0
3014951,464.796125
3014952,5.25
3014953,1089.625
3014954,538.125
3014955,211.46725
3014956,92.5
3014957,104.5715
3014958,3153.875
3014959,14.75
3014960,2.5
3014961,29.375
3014962,39.375
3014963,0.0
3014964,215.375
3014965,5.25
3014966,16.0
3014967,5.5
3014968,52.125
3014969,3.25
3014970,265.69237499999997
3014971,240.75
3014972,3.75
3014973,6.125
3014974,179.64450125
3014975,100.169
3014976,2948.0426125
3014977,0.375
3014978,3.125
3014979,5.375
3014980,0.0
3014981,1.375
3014982,2169.125
3014983,0.0
3014984,218.875
3014985,2.875
3014986,817.25
3014987,247.625
3014988,193.13075
3014989,63.125
3014990,23.5
3014991,2602.5
3014992,5.125
3014993,0.875
3014994,15.5
3014995,9.375
3014996,0.0
3014997,184.625
3014998,0.0
3014999,0.0
3015000,3.75
3015001,13.0
3015002,1.0
3015003,43.645000124999996
3015004,158.5
3015005,0.0
3015006,1.875
3015007,49.70925
3015008,85.625
3015009,538.7302500000001
3015010,0.0
3015011,2.875
3015012,5.5
3015013,0.0
3015014,8.125
3015015,3256.125
3015016,0.0
3015017,527.5875
3015018,13.625
3015019,1204.375
3015020,938.625
3015021,308.9145
3015022,172.875
3015023,130.206875
3015024,4584.375
3015025,35.25
3015026,0.75
3015027,22.5
3015028,43.0
3015029,0.125
3015030,303.875
3015031,20.375
3015032,18.375
3015033,8.875
3015034,55.5
3015035,5.5
3015036,415.5763775
3015037,291.125
3015038,9.375
3015039,13.375
3015040,467.78999749999997
3015041,81.618375
3015042,3578.3855
3015043,0.0
3015044,34.014125375
3015045,8.75
3015046,0.0
3015047,5.875
3015048,4384.75
3015049,0.25
3015050,727.8797500000001
3015051,16.75
3015052,1268.25
3015053,1442.125
3015054,197.85225
3015055,302.0
3015056,213.143625
3015057,4514.5
3015058,49.875
3015059,4.75
3015060,31.375
3015061,27.75
3015062,1.375
3015063,293.0
3015064,12.5
3015065,45.25
3015066,6.875
3015067,122.5
3015068,10.5
3015069,480.4508725
3015070,275.375
3015071,7.375
3015072,14.625
3015073,705.15674875
3015074,148.915
3015075,7253.04775
3015076,0.125
3015077,50.22549975
3015078,5.75
3015079,0.25
3015080,10.375
3015081,4393.5
3015082,0.0
3015083,846.654125
3015084,21.0
3015085,1350.25
3015086,1437.75
3015087,248.1539975
3015088,308.75
3015089,165.000625
3015090,4891.75
3015091,34.5
3015092,4.875
3015093,45.5
3015094,83.0
3015095,0.625
3015096,351.625
3015097,31.375
3015098,47.125
3015099,14.5
3015100,122.0
3015101,14.375
3015102,390.602625
3015103,287.375
3015104,17.875
3015105,21.25
3015106,533.6584975
3015107,145.80537375
3015108,6563.556537500001
3015109,0.625
3015110,40.38949975
3015111,8.0
3015112,0.25
3015113,5.25
3015114,2752.125
3015115,0.0
3015116,449.75
3015117,15.375
3015118,1398.0
3015119,788.875
3015120,452.237625
3015121,149.125
3015122,82.921875
3015123,5553.436625
3015124,8.25
3015125,1.0
3015126,39.875
3015127,36.375
3015128,0.25
3015129,395.125
3015130,8.625
3015131,5.5
3015132,7.25
3015133,38.375
3015134,2.625
3015135,312.3345
3015136,382.5
3015137,8.375
3015138,6.75
3015139,343.53625
3015140,95.714
3015141,1255.944625
3015142,31.0
3015143,16.0645
3015144,4.625
3015145,0.0
3015146,4.375
3015147,2096.625
3015148,0.0
3015149,348.63937500000003
3015150,16.0
3015151,701.125
3015152,694.25
3015153,121.6353745
3015154,125.125
3015155,136.231249375
3015156,2506.125
3015157,24.875
3015158,2.625
3015159,24.125
3015160,27.5
3015161,1.125
3015162,167.25
3015163,12.75
3015164,16.5
3015165,5.875
3015166,93.0
3015167,6.625
3015168,265.98200125
3015169,137.5
3015170,5.875
3015171,8.0
3015172,293.133625
3015173,72.18312449999999
3015174,2221.7868625
3015175,0.0
3015176,24.966625
3015177,1.875
3015178,0.0
3015179,1.75
3015180,1162.5
3015181,0.0
3015182,83.875
3015183,3.5
3015184,801.875
3015185,236.375
3015186,207.5
3015187,18.375
3015188,24.214875
3015189,2293.625
3015190,3.25
3015191,0.125
3015192,10.25
3015193,4.375
3015194,0.0
3015195,139.75
3015196,2.75
3015197,0.0
3015198,1.125
3015199,9.375
3015200,0.375
3015201,227.54212625
3015202,148.0
3015203,0.375
3015204,3.125
3015205,109.105999375
3015206,28.75
3015207,212.84599875
3015208,0.0
3015209,0.625
3015210,8.375
3015211,0.25
3015212,5.25
3015213,3928.375
3015214,0.0
3015215,679.125
3015216,14.375
3015217,1519.25
3015218,569.375
3015219,437.03024999999997
3015220,158.125
3015221,70.10062500000001
3015222,6178.565375
3015223,33.0
3015224,0.625
3015225,18.125
3015226,18.0
3015227,0.125
3015228,412.25
3015229,14.625
3015230,2.5
3015231,10.75
3015232,49.125
3015233,1.75
3015234,913.46561
3015235,324.75
3015236,2.75
3015237,12.375
3015238,279.04074625
3015239,117.29287500000001
3015240,1194.18575
3015241,9.125
3015242,7.25
3015243,5.5
3015244,0.0
3015245,1.125
3015246,1376.125
3015247,0.0
3015248,166.0
3015249,6.75
3015250,856.625
3015251,373.125
3015252,202.875
3015253,82.5
3015254,42.6905
3015255,2736.0
3015256,8.875
3015257,0.75
3015258,17.125
3015259,18.0
3015260,0.125
3015261,165.625
3015262,6.125
3015263,0.0
3015264,4.25
3015265,43.875
3015266,1.625
3015267,209.472
3015268,158.25
3015269,2.0
3015270,6.125
3015271,169.09424875
3015272,37.125
3015273,342.0761275
3015274,1.0
3015275,3.5
3015276,4.25
3015277,0.0
3015278,3.0
3015279,1288.125
3015280,0.0
3015281,100.625
3015282,7.875
3015283,992.875
3015284,228.0
3015285,119.875
3015286,34.625
3015287,26.625
3015288,2395.625
3015289,11.5
3015290,0.0
3015291,15.5
3015292,10.875
3015293,0.0
3015294,116.875
3015295,1.875
3015296,0.0
3015297,2.75
3015298,28.625
3015299,1.0
3015300,179.71400125
3015301,159.125
3015302,0.5
3015303,6.125
3015304,94.294498625
3015305,25.5
3015306,165.868375
3015307,0.5
3015308,2.125
3015309,3.5
3015310,0.0
3015311,2.875
3015312,1272.875
3015313,0.0
3015314,154.75
3015315,6.375
3015316,1652.0
3015317,357.625
3015318,255.0
3015319,31.5
3015320,38.928125
3015321,2570.5
3015322,13.875
3015323,0.5
3015324,16.75
3015325,18.625
3015326,0.0
3015327,197.375
3015328,1.75
3015329,0.0
3015330,4.375
3015331,16.5
3015332,1.75
3015333,424.55600125
3015334,211.25
3015335,0.5
3015336,4.5
3015337,89.81224999999999
3015338,101.875
3015339,367.580625
3015340,1.625
3015341,6.5
3015342,3.0
3015343,1.0
3015344,4.0
3015345,1735.125
3015346,0.0
3015347,154.625
3015348,2.125
3015349,890.25
3015350,334.875
3015351,262.375
3015352,84.125
3015353,73.148625
3015354,2744.5
3015355,5.375
3015356,0.875
3015357,12.0
3015358,21.25
3015359,0.0
3015360,211.0
3015361,8.875
3015362,0.0
3015363,4.25
3015364,23.375
3015365,0.75
3015366,157.24912375
3015367,186.625
3015368,1.25
3015369,4.75
3015370,119.3609995
3015371,45.5
3015372,582.367375
3015373,0.375
3015374,5.875
3015375,4.25
3015376,0.25
3015377,0.625
3015378,1154.375
3015379,0.0
3015380,119.375
3015381,4.625
3015382,895.375
3015383,198.0
3015384,129.75
3015385,116.125
3015386,25.6615
3015387,1664.5
3015388,6.375
3015389,0.375
3015390,8.5
3015391,11.25
3015392,0.0
3015393,181.75
3015394,0.0
3015395,0.0
3015396,2.125
3015397,82.0
3015398,1.0
3015399,54.217
3015400,108.625
3015401,0.25
3015402,2.5
3015403,65.51287525
3015404,30.625
3015405,404.8429975
3015406,0.0
3015407,0.75
3015408,7.375
3015409,0.125
3015410,2.75
3015411,2610.5
3015412,0.0
3015413,274.0
3015414,8.625
3015415,854.125
3015416,546.875
3015417,411.5
3015418,158.5
3015419,81.040625
3015420,3648.25
3015421,14.75
3015422,0.875
3015423,19.0
3015424,21.625
3015425,0.125
3015426,230.0
3015427,0.5
3015428,0.0
3015429,8.75
3015430,32.5
3015431,3.0
3015432,295.9406275
3015433,212.625
3015434,2.0
3015435,6.25
3015436,273.195125
3015437,58.125
3015438,1080.70325
3015439,0.625
3015440,9.875
3015441,5.0
3015442,0.25
3015443,4.75
3015444,1847.125
3015445,0.0
3015446,540.25
3015447,8.75
3015448,505.75
3015449,560.0
3015450,172.37075
3015451,139.25
3015452,53.37125
3015453,2431.78125
3015454,9.375
3015455,1.25
3015456,18.125
3015457,11.0
3015458,0.625
3015459,161.5
3015460,9.375
3015461,7.375
3015462,4.125
3015463,54.125
3015464,2.25
3015465,260.739375
3015466,127.125
3015467,4.75
3015468,5.75
3015469,145.96325000000002
3015470,59.014375
3015471,1278.6735
3015472,12.25
3015473,7.99925
3015474,4.25
3015475,0.5
3015476,2.375
3015477,1850.875
3015478,0.0
3015479,137.125
3015480,6.375
3015481,726.875
3015482,278.125
3015483,232.875
3015484,46.0
3015485,44.25
3015486,2604.0
3015487,25.0
3015488,1.75
3015489,16.875
3015490,8.0
3015491,0.125
3015492,146.125
3015493,5.375
3015494,0.0
3015495,4.375
3015496,37.625
3015497,1.625
3015498,125.3339975
3015499,153.0
3015500,0.5
3015501,5.625
3015502,186.10487375
3015503,25.5
3015504,392.0381225
3015505,1.0
3015506,4.75
3015507,5.75
3015508,0.0
3015509,5.875
3015510,2548.0
3015511,0.0
3015512,540.022
3015513,12.375
3015514,823.5
3015515,690.875
3015516,175.71775
3015517,134.5
3015518,89.169625
3015519,3244.375
3015520,36.0
3015521,1.75
3015522,13.5
3015523,24.375
3015524,0.375
3015525,222.75
3015526,21.75
3015527,11.875
3015528,9.625
3015529,69.75
3015530,5.875
3015531,436.3795
3015532,187.625
3015533,7.875
3015534,5.125
3015535,369.52625
3015536,98.6008755
3015537,1847.587625
3015538,0.0
3015539,26.920375
3015540,4.875
3015541,0.125
3015542,4.5
3015543,3084.125
3015544,0.0
3015545,405.75
3015546,6.5
3015547,1171.0
3015548,586.5
3015549,505.4975
3015550,84.375
3015551,67.365375
3015552,4641.38975
3015553,14.25
3015554,0.625
3015555,15.125
3015556,11.0
3015557,0.0
3015558,285.125
3015559,3.25
3015560,4.875
3015561,3.0
3015562,48.0
3015563,0.875
3015564,747.071375
3015565,296.0
3015566,3.875
3015567,3.625
3015568,217.06225375
3015569,52.492249375
3015570,789.9955
3015571,8.625
3015572,9.0537500375
3015573,10.125
3015574,0.375
3015575,3.25
3015576,2120.625
3015577,0.0
3015578,321.25
3015579,7.625
3015580,1710.125
3015581,419.5
3015582,217.949
3015583,192.0
3015584,66.945875
3015585,3087.1875
3015586,10.0
3015587,1.25
3015588,26.75
3015589,20.375
3015590,0.125
3015591,245.75
3015592,2.875
3015593,1.5
3015594,8.25
3015595,70.75
3015596,0.75
3015597,111.072625
3015598,201.625
3015599,2.625
3015600,3.875
3015601,131.1852495
3015602,130.791875
3015603,861.42075
3015604,0.375
3015605,3.75
3015606,3.875
3015607,0.0
3015608,2.5
3015609,1549.25
3015610,0.0
3015611,137.125
3015612,8.0
3015613,675.625
3015614,296.625
3015615,137.375
3015616,48.75
3015617,54.8808755
3015618,2626.5
3015619,13.0
3015620,0.25
3015621,20.25
3015622,17.125
3015623,0.25
3015624,149.5
3015625,0.625
3015626,0.0
3015627,3.5
3015628,91.375
3015629,1.375
3015630,114.320375
3015631,137.125
3015632,1.5
3015633,6.25
3015634,124.04837625
3015635,38.875
3015636,455.17875000000004
3015637,1.5
3015638,4.375
3015639,2.75
3015640,0.0
3015641,2.0
3015642,1307.875
3015643,0.0
3015644,260.34574875
3015645,19.0
3015646,511.75
3015647,452.0
3015648,110.4261245
3015649,44.875
3015650,61.034625
3015651,1915.875
3015652,31.5
3015653,0.625
3015654,17.875
3015655,7.875
3015656,0.125
3015657,118.125
3015658,7.375
3015659,2.625
3015660,2.625
3015661,47.0
3015662,3.125
3015663,806.75274625
3015664,133.5
3015665,3.0
3015666,6.75
3015667,257.355
3015668,31.327125
3015669,996.658375
3015670,0.0
3015671,7.066375
3015672,4.0
3015673,0.125
3015674,3.75
3015675,2936.875
3015676,0.125
3015677,658.163375
3015678,19.375
3015679,1059.875
3015680,1101.5
3015681,223.56925
3015682,173.0
3015683,151.651625
3015684,3529.125
3015685,44.0
3015686,0.5
3015687,18.875
3015688,35.0
3015689,0.25
3015690,226.5
3015691,8.875
3015692,40.5
3015693,10.125
3015694,75.875
3015695,13.125
3015696,315.6892525
3015697,230.5
3015698,16.625
3015699,9.875
3015700,442.603875
3015701,105.608624
3015702,3027.9105
3015703,0.0
3015704,18.4598750625
3015705,4.125
3015706,0.0
3015707,1.875
3015708,1842.25
3015709,0.0
3015710,286.88537625000004
3015711,7.0
3015712,378.25
3015713,463.5
3015714,108.96362500000001
3015715,97.5
3015716,63.072500000000005
3015717,1529.0
3015718,16.75
3015719,0.125
3015720,11.5
3015721,16.0
3015722,0.125
3015723,88.0
3015724,0.0
3015725,22.625
3015726,2.875
3015727,163.25
3015728,4.5
3015729,161.99599750000002
3015730,84.375
3015731,5.0
3015732,6.375
3015733,140.2225
3015734,30.733625
3015735,1159.179875
3015736,0.375
3015737,1.625
3015738,2.75
3015739,0.0
3015740,0.25
3015741,588.125
3015742,0.0
3015743,150.375
3015744,4.5
3015745,280.125
3015746,173.25
3015747,50.405625
3015748,23.0
3015749,32.71162525
3015750,1036.125
3015751,9.625
3015752,0.5
3015753,8.125
3015754,7.0
3015755,0.375
3015756,60.75
3015757,0.0
3015758,6.0
3015759,0.875
3015760,22.125
3015761,0.0
3015762,187.47275
3015763,81.25
3015764,1.75
3015765,1.25
3015766,91.83387450000001
3015767,12.625
3015768,350.2914975
3015769,0.625
3015770,2.5
3015771,5.5
3015772,0.125
3015773,1.5
3015774,2189.375
3015775,0.125
3015776,463.96862500000003
3015777,13.375
3015778,639.875
3015779,721.625
3015780,205.460375
3015781,171.375
3015782,89.6148755
3015783,2789.125
3015784,20.125
3015785,2.125
3015786,37.625
3015787,20.75
3015788,0.5
3015789,176.0
3015790,4.125
3015791,25.75
3015792,6.25
3015793,93.0
3015794,4.125
3015795,212.0095
3015796,159.0
3015797,8.25
3015798,5.375
3015799,265.547875
3015800,60.3252495
3015801,1881.958375
3015802,1.625
3015803,9.139125
3015804,7.25
3015805,0.0
3015806,2.375
3015807,2492.0
3015808,0.0
3015809,463.5
3015810,8.375
3015811,1029.375
3015812,634.0
3015813,305.62375
3015814,178.5
3015815,56.489750625
3015816,3607.6396250000003
3015817,8.875
3015818,0.5
3015819,31.25
3015820,15.5
3015821,0.875
3015822,238.75
3015823,0.0
3015824,6.125
3015825,3.125
3015826,40.5
3015827,1.0
3015828,298.5916225
3015829,238.5
3015830,3.25
3015831,3.375
3015832,164.11174875
3015833,70.3455
3015834,1178.1466249999999
3015835,2.875
3015836,1.875
3015837,6.125
3015838,0.375
3015839,2.125
3015840,2446.625
3015841,0.0
3015842,478.25
3015843,12.75
3015844,790.0
3015845,511.75
3015846,216.6135
3015847,152.0
3015848,48.860625
3015849,3135.48725
3015850,10.25
3015851,0.5
3015852,21.5
3015853,19.25
3015854,0.5
3015855,213.625
3015856,0.0
3015857,5.0
3015858,5.25
3015859,76.5
3015860,1.0
3015861,137.49824825
3015862,182.875
3015863,4.625
3015864,3.75
3015865,154.56312624999998
3015866,47.607374750000005
3015867,889.6524999999999
3015868,1.75
3015869,4.0
3015870,7.75
3015871,1.5
3015872,9.75
3015873,6980.625
3015874,0.0
3015875,1013.2637500000001
3015876,109.75
3015877,1685.125
3015878,1654.125
3015879,287.60425
3015880,381.75
3015881,271.74525
3015882,6330.0
3015883,67.625
3015884,2.0
3015885,56.5
3015886,44.25
3015887,1.0
3015888,388.875
3015889,30.625
3015890,38.125
3015891,19.5
3015892,197.875
3015893,21.25
3015894,583.247625
3015895,378.0
3015896,15.0
3015897,18.625
3015898,876.135
3015899,239.79299875
3015900,6001.12925
3015901,1.375
3015902,60.314875
3015903,4.25
3015904,0.5
3015905,0.625
3015906,1369.0
3015907,0.0
3015908,149.125
3015909,5.75
3015910,1018.625
3015911,236.125
3015912,103.375
3015913,138.25
3015914,42.6215
3015915,2827.0
3015916,5.125
3015917,0.625
3015918,12.0
3015919,9.5
3015920,0.0
3015921,202.25
3015922,0.375
3015923,0.0
3015924,2.75
3015925,93.0
3015926,0.75
3015927,163.197375
3015928,99.625
3015929,2.0
3015930,6.125
3015931,114.22825
3015932,23.125
3015933,504.486375
3015934,0.125
3015935,5.0
3015936,6.375
3015937,0.125
3015938,1.75
3015939,2321.875
3015940,0.0
3015941,442.0
3015942,11.625
3015943,1375.0
3015944,495.25
3015945,195.3005
3015946,227.5
3015947,85.9385005
3015948,3692.520625
3015949,13.0
3015950,0.375
3015951,19.0
3015952,16.75
3015953,0.25
3015954,259.25
3015955,0.875
3015956,5.625
3015957,10.75
3015958,14.75
3015959,1.875
3015960,668.71825
3015961,213.5
3015962,2.75
3015963,4.625
3015964,145.8978725
3015965,48.67062475
3015966,1038.10874625
3015967,1.25
3015968,4.625
3015969,1.625
3015970,0.0
3015971,0.375
3015972,860.125
3015973,0.0
3015974,128.125
3015975,3.625
3015976,1437.75
3015977,139.375
3015978,86.625
3015979,175.125
3015980,17.369
3015981,1412.875
3015982,0.875
3015983,0.25
3015984,12.875
3015985,3.75
3015986,0.125
3015987,77.25
3015988,0.0
3015989,0.0
3015990,0.5
3015991,55.125
3015992,0.125
3015993,116.72312450000001
3015994,63.0
3015995,0.25
3015996,0.5
3015997,44.60425
3015998,11.25
3015999,157.371375
3016000,0.0
3016001,1.625
3016002,7.125
3016003,0.0
3016004,2.375
3016005,1987.0
3016006,0.0
3016007,199.25
3016008,20.75
3016009,931.0
3016010,324.125
3016011,160.125
3016012,118.375
3016013,53.28075
3016014,2709.875
3016015,3.375
3016016,0.875
3016017,26.0
3016018,15.0
3016019,0.375
3016020,201.25
3016021,0.0
3016022,0.0
3016023,12.625
3016024,32.75
3016025,1.5
3016026,395.2437525
3016027,184.375
3016028,2.25
3016029,3.25
3016030,198.75699875
3016031,22.5
3016032,1074.153
3016033,0.0
3016034,1.625
3016035,2.25
3016036,0.125
3016037,2.25
3016038,2104.125
3016039,0.0
3016040,574.25
3016041,8.375
3016042,760.25
3016043,525.375
3016044,200.505625
3016045,87.625
3016046,76.8095
3016047,3417.305625
3016048,7.5
3016049,4.0
3016050,23.375
3016051,35.125
3016052,0.0
3016053,189.375
3016054,2.0
3016055,7.125
3016056,4.0
3016057,39.625
3016058,1.75
3016059,240.83762625
3016060,214.5
3016061,3.5
3016062,7.75
3016063,128.09062625
3016064,32.414500000000004
3016065,583.6125
3016066,2.875
3016067,3.75
3016068,4.625
3016069,0.125
3016070,0.375
3016071,1134.125
3016072,0.0
3016073,83.125
3016074,2.0
3016075,393.125
3016076,150.625
3016077,69.0
3016078,76.75
3016079,35.114625000000004
3016080,1532.5
3016081,2.75
3016082,0.375
3016083,12.25
3016084,6.75
3016085,0.125
3016086,83.375
3016087,0.0
3016088,0.0
3016089,0.375
3016090,21.75
3016091,0.375
3016092,319.7751225
3016093,63.875
3016094,1.25
3016095,0.75
3016096,66.667875
3016097,12.625
3016098,323.026
3016099,0.125
3016100,0.5
3016101,5.0
3016102,0.0
3016103,0.875
3016104,2654.625
3016105,0.0
3016106,401.125
3016107,11.375
3016108,727.625
3016109,477.875
3016110,171.78025
3016111,165.875
3016112,63.493125
3016113,3133.5945
3016114,5.0
3016115,0.125
3016116,14.0
3016117,7.25
3016118,0.125
3016119,170.375
3016120,0.0
3016121,29.75
3016122,3.875
3016123,37.125
3016124,0.875
3016125,410.543375
3016126,165.625
3016127,1.375
3016128,2.875
3016129,117.635749375
3016130,40.403875
3016131,1065.2933625
3016132,1.0
3016133,0.375
3016134,3.25
3016135,0.0
3016136,4.375
3016137,2519.875
3016138,0.0
3016139,537.2715
3016140,9.5
3016141,912.875
3016142,815.75
3016143,150.2915
3016144,110.25
3016145,116.07900000000001
3016146,3481.0
3016147,60.75
3016148,1.25
3016149,30.125
3016150,36.75
3016151,0.0
3016152,223.25
3016153,19.75
3016154,28.25
3016155,1.75
3016156,103.625
3016157,7.25
3016158,216.27674875
3016159,215.75
3016160,13.125
3016161,11.875
3016162,249.84137
3016163,81.7033755
3016164,2383.390625
3016165,0.125
3016166,11.909874875
3016167,5.25
3016168,0.0
3016169,5.875
3016170,2217.0
3016171,0.0
3016172,367.292375
3016173,14.625
3016174,858.75
3016175,599.25
3016176,120.363375
3016177,64.625
3016178,96.515
3016179,2941.0
3016180,24.0
3016181,0.875
3016182,26.375
3016183,53.75
3016184,0.375
3016185,252.875
3016186,14.5
3016187,17.0
3016188,9.375
3016189,78.5
3016190,9.375
3016191,156.214375
3016192,263.125
3016193,5.875
3016194,11.0
3016195,111.17625
3016196,73.4848745
3016197,1632.563375
3016198,0.0
3016199,15.223874875
3016200,7.0
3016201,0.25
3016202,2.0
3016203,3189.625
3016204,0.0
3016205,663.625
3016206,9.25
3016207,2113.875
3016208,571.375
3016209,168.896625
3016210,239.375
3016211,62.860125
3016212,4882.26375
3016213,31.25
3016214,1.75
3016215,28.75
3016216,13.5
3016217,0.125
3016218,301.875
3016219,4.75
3016220,13.0
3016221,6.125
3016222,62.25
3016223,3.0
3016224,242.2575
3016225,283.25
3016226,7.75
3016227,9.5
3016228,230.958125
3016229,54.124875
3016230,1392.140875
3016231,3.875
3016232,13.635
3016233,3.375
3016234,0.25
3016235,2.625
3016236,1920.125
3016237,0.0
3016238,314.977125
3016239,7.625
3016240,643.125
3016241,597.75
3016242,160.517
3016243,101.125
3016244,66.52875
3016245,2619.5
3016246,19.0
3016247,1.375
3016248,8.5
3016249,13.25
3016250,0.375
3016251,192.625
3016252,14.875
3016253,14.75
3016254,0.625
3016255,60.625
3016256,5.375
3016257,274.90762625
3016258,172.375
3016259,4.5
3016260,8.125
3016261,263.43325
3016262,33.843249875
3016263,1607.404
3016264,0.0
3016265,18.8035
3016266,3.0
3016267,0.125
3016268,3.5
3016269,3762.75
3016270,0.0
3016271,330.25
3016272,6.25
3016273,1596.875
3016274,493.0
3016275,223.25
3016276,129.875
3016277,64.6125
3016278,4578.375
3016279,10.75
3016280,1.75
3016281,29.5
3016282,19.625
3016283,0.125
3016284,351.0
3016285,0.0
3016286,0.125
3016287,8.0
3016288,37.375
3016289,1.375
3016290,156.5761225
3016291,262.875
3016292,2.5
3016293,10.375
3016294,149.91325125
3016295,44.875
3016296,933.89075
3016297,0.0
3016298,5.625
3016299,4.625
3016300,0.0
3016301,6.5
3016302,1968.0
3016303,0.0
3016304,371.050125
3016305,14.75
3016306,1223.75
3016307,548.625
3016308,176.599125
3016309,93.75
3016310,141.0675
3016311,2877.875
3016312,26.25
3016313,1.125
3016314,24.125
3016315,24.0
3016316,0.25
3016317,179.0
3016318,14.125
3016319,16.0
3016320,9.875
3016321,112.875
3016322,8.125
3016323,163.02824875
3016324,241.5
3016325,9.75
3016326,6.5
3016327,145.86075
3016328,49.02625
3016329,1619.793125
3016330,0.5
3016331,6.5794999999999995
3016332,2.375
3016333,0.0
3016334,3.5
3016335,2133.375
3016336,0.0
3016337,408.380625
3016338,10.5
3016339,649.875
3016340,717.125
3016341,142.13400000000001
3016342,112.75
3016343,97.324
3016344,2682.25
3016345,26.25
3016346,0.5
3016347,18.875
3016348,13.125
3016349,0.25
3016350,170.5
3016351,14.875
3016352,32.875
3016353,4.75
3016354,76.375
3016355,7.5
3016356,218.088875
3016357,163.375
3016358,7.625
3016359,9.375
3016360,197.76525
3016361,51.895124625
3016362,2021.4705
3016363,0.0
3016364,12.04912495
3016365,4.625
3016366,0.375
3016367,2.5
3016368,4138.25
3016369,0.0
3016370,483.25
3016371,14.25
3016372,1019.75
3016373,531.625
3016374,218.947875
3016375,136.0
3016376,51.684124999999995
3016377,3842.04775
3016378,7.75
3016379,0.25
3016380,10.125
3016381,17.0
3016382,0.25
3016383,191.75
3016384,0.0
3016385,9.375
3016386,1.125
3016387,71.25
3016388,3.0
3016389,233.005375
3016390,260.0
3016391,2.5
3016392,1.625
3016393,193.039875
3016394,127.19225
3016395,1055.62925
3016396,3.75
3016397,0.875
3016398,16.0
3016399,0.0
3016400,9.625
3016401,7462.5
3016402,0.0
3016403,1289.299625
3016404,40.375
3016405,2036.0
3016406,1907.125
3016407,390.735625
3016408,413.75
3016409,389.5221275
3016410,7562.625
3016411,83.625
3016412,5.375
3016413,172.125
3016414,91.0
3016415,0.375
3016416,524.0
3016417,21.875
3016418,21.875
3016419,16.875
3016420,311.125
3016421,21.0
3016422,661.125375
3016423,371.625
3016424,30.875
3016425,32.125
3016426,894.565125
3016427,321.80325
3016428,6728.210375
3016429,83.0
3016430,65.492
3016431,10.0
3016432,0.0
3016433,8.875
3016434,6872.625
3016435,0.0
3016436,942.02175
3016437,34.75
3016438,2056.125
3016439,1697.375
3016440,521.8675000000001
3016441,261.0
3016442,247.246625
3016443,8210.625
3016444,125.5
3016445,1.25
3016446,66.875
3016447,66.25
3016448,0.375
3016449,491.5
3016450,17.375
3016451,38.625
3016452,5.0
3016453,205.5
3016454,14.625
3016455,808.88837875
3016456,483.375
3016457,17.25
3016458,21.5
3016459,856.109
3016460,199.35675125
3016461,4558.789125
3016462,108.125
3016463,52.226875
3016464,10.75
3016465,0.0
3016466,14.25
3016467,4411.625
3016468,0.25
3016469,754.25
3016470,15.625
3016471,1870.875
3016472,1188.0
3016473,609.6793749999999
3016474,97.125
3016475,193.970625
3016476,7184.375
3016477,35.5
3016478,1.25
3016479,31.75
3016480,16.375
3016481,0.625
3016482,477.25
3016483,19.0
3016484,18.375
3016485,7.5
3016486,103.875
3016487,9.25
3016488,812.27899625
3016489,510.875
3016490,18.75
3016491,29.625
3016492,562.282625
3016493,115.80512625
3016494,2003.802125
3016495,69.75
3016496,35.402375375
3016497,16.125
3016498,0.0
3016499,14.25
3016500,6287.75
3016501,0.0
3016502,935.748875
3016503,27.25
3016504,2018.75
3016505,1689.0
3016506,495.01300000000003
3016507,257.25
3016508,205.7725
3016509,8249.125
3016510,50.375
3016511,1.625
3016512,55.5
3016513,71.0
3016514,0.375
3016515,542.25
3016516,23.375
3016517,34.0
3016518,4.0
3016519,167.0
3016520,12.25
3016521,696.893
3016522,530.25
3016523,23.125
3016524,24.25
3016525,847.359375
3016526,186.59425000000002
3016527,4337.317625
3016528,89.625
3016529,54.066625
3016530,11.0
3016531,0.0
3016532,15.0
3016533,3516.125
3016534,0.125
3016535,620.625
3016536,14.75
3016537,1676.625
3016538,948.75
3016539,475.12562499999996
3016540,74.125
3016541,148.534125
3016542,6212.25
3016543,42.5
3016544,0.0
3016545,25.25
3016546,23.625
3016547,0.5
3016548,434.0
3016549,14.75
3016550,8.5
3016551,2.125
3016552,109.5
3016553,2.875
3016554,622.03825375
3016555,521.125
3016556,15.0
3016557,16.75
3016558,585.52762875
3016559,75.125
3016560,1346.26825
3016561,114.125
3016562,16.646625
3016563,11.25
3016564,0.0
3016565,9.125
3016566,5605.75
3016567,0.0
3016568,944.34625
3016569,27.25
3016570,1535.375
3016571,1772.75
3016572,338.1015
3016573,365.5
3016574,285.609125
3016575,6201.875
3016576,63.75
3016577,2.0
3016578,93.625
3016579,43.375
3016580,0.625
3016581,370.625
3016582,11.75
3016583,26.0
3016584,10.375
3016585,243.875
3016586,11.125
3016587,626.28275
3016588,362.125
3016589,17.25
3016590,27.875
3016591,763.88550375
3016592,193.416875
3016593,5929.478875
3016594,61.25
3016595,63.3881255
3016596,5.875
3016597,0.125
3016598,5.125
3016599,1501.625
3016600,0.0
3016601,299.37975
3016602,22.25
3016603,1062.0
3016604,472.375
3016605,203.097875
3016606,62.125
3016607,85.06975
3016608,2531.5
3016609,35.5
3016610,0.75
3016611,26.125
3016612,25.25
3016613,0.375
3016614,201.375
3016615,8.875
3016616,8.875
3016617,10.5
3016618,55.625
3016619,5.125
3016620,222.6325
3016621,190.25
3016622,2.0
3016623,8.0
3016624,177.97225
3016625,58.842
3016626,1310.1196375
3016627,1.0
3016628,10.8123749625
3016629,8.0
3016630,0.0
3016631,11.625
3016632,3689.125
3016633,0.0
3016634,517.26075
3016635,32.5
3016636,1419.0
3016637,927.0
3016638,393.4055
3016639,80.5
3016640,175.09587375
3016641,5505.875
3016642,93.0
3016643,0.625
3016644,48.0
3016645,32.75
3016646,0.25
3016647,366.875
3016648,10.375
3016649,7.25
3016650,2.125
3016651,130.0
3016652,6.75
3016653,439.3237525
3016654,403.875
3016655,9.875
3016656,14.625
3016657,317.4278725
3016658,77.3840005
3016659,1813.2472500000001
3016660,80.625
3016661,15.6429999375
3016662,8.25
3016663,0.0
3016664,4.75
3016665,3356.625
3016666,0.0
3016667,675.5733749999999
3016668,9.125
3016669,1074.0
3016670,1199.75
3016671,189.779
3016672,247.375
3016673,208.05975
3016674,3830.875
3016675,29.25
3016676,1.375
3016677,31.5
3016678,33.875
3016679,0.5
3016680,252.375
3016681,3.0
3016682,46.625
3016683,7.625
3016684,112.0
3016685,9.25
3016686,461.9288725
3016687,178.25
3016688,16.5
3016689,9.0
3016690,492.349125
3016691,99.232
3016692,4071.086
3016693,3.0
3016694,29.78125
3016695,11.375
3016696,0.0
3016697,5.125
3016698,3446.125
3016699,0.0
3016700,616.35662875
3016701,11.125
3016702,1331.75
3016703,887.875
3016704,279.078
3016705,157.25
3016706,289.0695
3016707,4684.75
3016708,38.75
3016709,3.5
3016710,45.125
3016711,35.875
3016712,0.25
3016713,275.875
3016714,7.5
3016715,61.375
3016716,6.5
3016717,227.25
3016718,8.875
3016719,395.3444975
3016720,250.0
3016721,14.75
3016722,21.75
3016723,370.090125
3016724,103.56287549999999
3016725,3740.050625
3016726,3.0
3016727,7.4274999625
3016728,5.75
3016729,0.0
3016730,3.25
3016731,1667.75
3016732,0.0
3016733,378.8675
3016734,8.25
3016735,746.125
3016736,384.0
3016737,188.88949875
3016738,66.375
3016739,98.47800000000001
3016740,2423.25
3016741,13.0
3016742,0.875
3016743,33.5
3016744,22.125
3016745,0.0
3016746,159.0
3016747,4.25
3016748,7.875
3016749,9.125
3016750,63.125
3016751,3.25
3016752,202.714625
3016753,179.375
3016754,5.625
3016755,6.125
3016756,141.86812625
3016757,44.203125
3016758,1410.1771374999998
3016759,0.75
3016760,2.375
3016761,4.75
3016762,0.0
3016763,0.75
3016764,2478.0
3016765,0.0
3016766,170.875
3016767,2.875
3016768,828.5
3016769,185.875
3016770,175.00025
3016771,52.125
3016772,29.333875
3016773,2487.625
3016774,12.125
3016775,0.375
3016776,20.375
3016777,9.875
3016778,0.375
3016779,157.75
3016780,0.0
3016781,0.0
3016782,2.375
3016783,46.625
3016784,0.75
3016785,52.510000250000004
3016786,139.125
3016787,0.0
3016788,1.625
3016789,61.200500375000004
3016790,73.875
3016791,497.004625
3016792,0.0
3016793,1.875
3016794,4.75
3016795,0.25
3016796,4.625
3016797,2645.375
3016798,0.0
3016799,456.27437249999997
3016800,13.875
3016801,1087.5
3016802,780.125
3016803,260.747375
3016804,127.0
3016805,110.819875
3016806,3990.375
3016807,32.25
3016808,1.75
3016809,21.75
3016810,59.75
3016811,0.25
3016812,259.5
3016813,18.875
3016814,20.375
3016815,9.875
3016816,62.75
3016817,4.75
3016818,369.75675
3016819,254.75
3016820,7.375
3016821,13.0
3016822,405.8646225
3016823,79.6844995
3016824,1880.346625
3016825,0.0
3016826,22.446750125
3016827,5.875
3016828,0.125
3016829,4.375
3016830,3606.5
3016831,0.0
3016832,618.401875
3016833,15.375
3016834,1010.75
3016835,1140.25
3016836,164.483875
3016837,237.625
3016838,191.25662499999999
3016839,3605.375
3016840,42.5
3016841,2.625
3016842,37.375
3016843,25.75
3016844,1.125
3016845,215.125
3016846,11.625
3016847,37.25
3016848,9.0
3016849,143.375
3016850,9.25
3016851,396.51775
3016852,197.5
3016853,7.75
3016854,10.625
3016855,526.38125
3016856,121.68837625
3016857,4413.15425
3016858,0.125
3016859,31.752624875000002
3016860,4.375
3016861,0.25
3016862,6.5
3016863,3612.625
3016864,0.0
3016865,725.074125
3016866,22.875
3016867,1050.625
3016868,1156.25
3016869,214.402625
3016870,230.875
3016871,126.898625
3016872,4032.75
3016873,35.5
3016874,2.5
3016875,27.75
3016876,33.875
3016877,0.75
3016878,290.125
3016879,23.5
3016880,28.5
3016881,24.5
3016882,132.5
3016883,18.375
3016884,354.0446275
3016885,259.625
3016886,15.375
3016887,16.125
3016888,417.628375
3016889,137.41162500000002
3016890,3398.544375
3016891,0.5
3016892,30.430125
3016893,12.75
3016894,0.375
3016895,6.25
3016896,2821.125
3016897,0.0
3016898,451.875
3016899,11.375
3016900,1364.625
3016901,659.375
3016902,463.555875
3016903,143.125
3016904,88.16725
3016905,5424.982375
3016906,13.375
3016907,1.125
3016908,41.625
3016909,29.75
3016910,0.0
3016911,376.625
3016912,10.625
3016913,5.25
3016914,4.625
3016915,39.0
3016916,2.625
3016917,513.3975025
3016918,369.875
3016919,7.5
3016920,7.625
3016921,327.1364975
3016922,98.218875
3016923,1205.129875
3016924,38.875
3016925,14.163249875
3016926,6.875
3016927,0.0
3016928,2.375
3016929,2336.875
3016930,0.375
3016931,362.330875
3016932,23.25
3016933,733.125
3016934,711.5
3016935,157.183625
3016936,140.5
3016937,123.84212500000001
3016938,2641.0
3016939,26.125
3016940,1.625
3016941,32.125
3016942,24.625
3016943,0.5
3016944,170.125
3016945,9.875
3016946,23.375
3016947,7.875
3016948,121.875
3016949,4.875
3016950,615.3584975
3016951,127.75
3016952,5.5
3016953,7.625
3016954,492.0417525
3016955,76.020875125
3016956,2274.5285
3016957,0.0
3016958,33.91824975
3016959,1.5
3016960,0.0
3016961,1.75
3016962,1285.125
3016963,0.0
3016964,78.5
3016965,3.75
3016966,826.25
3016967,232.5
3016968,331.75
3016969,28.125
3016970,32.625
3016971,2192.5
3016972,10.25
3016973,0.125
3016974,7.375
3016975,6.75
3016976,0.125
3016977,137.5
3016978,1.5
3016979,0.0
3016980,1.125
3016981,17.75
3016982,0.5
3016983,133.129875
3016984,149.625
3016985,0.875
3016986,2.5
3016987,147.33600125
3016988,22.5
3016989,233.06787500000002
3016990,0.0
3016991,1.0
3016992,8.125
3016993,0.375
3016994,4.75
3016995,5628.625
3016996,0.0
3016997,699.5
3016998,16.125
3016999,1783.375
3017000,609.375
3017001,611.295125
3017002,324.5
3017003,98.58125
3017004,6698.11925
3017005,31.25
3017006,0.25
3017007,23.5
3017008,17.25
3017009,0.125
3017010,442.875
3017011,10.75
3017012,2.75
3017013,10.5
3017014,65.0
3017015,3.0
3017016,562.4292475
3017017,317.5
3017018,1.75
3017019,13.875
3017020,544.157375
3017021,113.85662625
3017022,1484.398625
3017023,8.0
3017024,5.875
3017025,4.625
3017026,0.0
3017027,0.625
3017028,1577.125
3017029,0.0
3017030,157.375
3017031,21.5
3017032,857.125
3017033,331.375
3017034,260.75
3017035,50.875
3017036,44.834625
3017037,2654.875
3017038,11.5
3017039,0.5
3017040,18.625
3017041,16.0
3017042,0.5
3017043,148.375
3017044,5.125
3017045,0.0
3017046,6.5
3017047,62.625
3017048,1.375
3017049,120.865126875
3017050,141.125
3017051,1.5
3017052,4.125
3017053,175.98224875
3017054,31.0
3017055,318.77025000000003
3017056,1.0
3017057,3.0
3017058,4.75
3017059,0.0
3017060,3.0
3017061,1658.625
3017062,0.0
3017063,104.0
3017064,5.125
3017065,702.0
3017066,236.625
3017067,173.25
3017068,39.5
3017069,32.022
3017070,2630.25
3017071,23.375
3017072,0.125
3017073,9.5
3017074,9.375
3017075,0.0
3017076,132.375
3017077,2.75
3017078,0.0
3017079,2.5
3017080,58.5
3017081,0.25
3017082,141.6352475
3017083,140.875
3017084,0.625
3017085,4.5
3017086,100.95162512499999
3017087,22.875
3017088,194.700875
3017089,0.625
3017090,4.375
3017091,2.625
3017092,0.0
3017093,1.875
3017094,1469.875
3017095,0.0
3017096,151.0
3017097,14.125
3017098,1031.75
3017099,351.625
3017100,347.875
3017101,42.25
3017102,55.44425
3017103,2844.125
3017104,13.25
3017105,0.0
3017106,16.25
3017107,22.375
3017108,0.125
3017109,164.875
3017110,0.875
3017111,0.0
3017112,3.25
3017113,26.875
3017114,1.25
3017115,205.26712625
3017116,255.625
3017117,1.0
3017118,4.25
3017119,67.9664995
3017120,90.5
3017121,354.457875
3017122,0.375
3017123,4.625
3017124,2.75
3017125,0.875
3017126,3.75
3017127,1598.375
3017128,0.0
3017129,149.0
3017130,1.375
3017131,924.875
3017132,311.625
3017133,313.25
3017134,80.5
3017135,68.75
3017136,2358.875
3017137,9.125
3017138,1.125
3017139,18.125
3017140,16.75
3017141,0.0
3017142,212.5
3017143,8.75
3017144,0.0
3017145,2.875
3017146,32.25
3017147,2.25
3017148,124.54962575
3017149,163.375
3017150,1.0
3017151,4.375
3017152,123.95875050000001
3017153,48.375
3017154,570.3745
3017155,1.125
3017156,3.875
3017157,3.125
3017158,0.0
3017159,1.25
3017160,1308.5
3017161,0.0
3017162,109.5
3017163,6.875
3017164,1195.5
3017165,205.75
3017166,165.375
3017167,77.75
3017168,37.584500125
3017169,1676.875
3017170,7.375
3017171,0.125
3017172,11.875
3017173,12.5
3017174,0.0
3017175,148.125
3017176,0.0
3017177,0.0
3017178,3.125
3017179,46.625
3017180,0.625
3017181,46.186875
3017182,105.375
3017183,0.875
3017184,1.25
3017185,69.8925
3017186,23.625
3017187,466.75475
3017188,0.0
3017189,1.125
3017190,9.5
3017191,0.5
3017192,3.0
3017193,2704.0
3017194,0.0
3017195,272.125
3017196,11.0
3017197,963.5
3017198,545.125
3017199,623.75
3017200,149.125
3017201,105.90825
3017202,3691.125
3017203,16.125
3017204,0.75
3017205,17.875
3017206,21.0
3017207,0.0
3017208,245.125
3017209,0.875
3017210,0.0
3017211,3.875
3017212,66.875
3017213,3.625
3017214,214.0403775
3017215,207.875
3017216,2.625
3017217,7.875
3017218,332.12075
3017219,57.0
3017220,1120.812625
3017221,2.625
3017222,13.375
3017223,4.25
3017224,0.0
3017225,1.5
3017226,1757.5
3017227,0.0
3017228,489.625
3017229,11.625
3017230,500.25
3017231,464.5
3017232,227.19412499999999
3017233,138.375
3017234,58.31425
3017235,2275.291875
3017236,12.125
3017237,1.375
3017238,20.625
3017239,13.125
3017240,0.125
3017241,158.5
3017242,5.75
3017243,4.75
3017244,4.5
3017245,93.125
3017246,1.75
3017247,76.04775000000001
3017248,135.25
3017249,2.75
3017250,4.25
3017251,212.09525000000002
3017252,57.3255
3017253,1226.8417375
3017254,10.125
3017255,8.118125
3017256,7.25
3017257,0.75
3017258,2.0
3017259,2626.5
3017260,0.0
3017261,135.75
3017262,6.25
3017263,842.375
3017264,308.5
3017265,281.5
3017266,45.375
3017267,46.64537525
3017268,3095.25
3017269,42.75
3017270,1.625
3017271,13.75
3017272,11.875
3017273,0.0
3017274,172.125
3017275,5.0
3017276,0.0
3017277,6.125
3017278,61.25
3017279,2.75
3017280,127.108375
3017281,207.875
3017282,1.5
3017283,4.75
3017284,121.152624375
3017285,18.875
3017286,396.825875
3017287,1.125
3017288,2.75
3017289,7.25
3017290,0.0
3017291,5.125
3017292,3052.25
3017293,0.0
3017294,636.0355
3017295,15.75
3017296,964.75
3017297,861.625
3017298,253.10025000000002
3017299,171.25
3017300,138.32262500000002
3017301,3926.75
3017302,39.5
3017303,2.875
3017304,26.25
3017305,19.125
3017306,0.25
3017307,243.75
3017308,20.625
3017309,15.375
3017310,6.875
3017311,131.75
3017312,9.125
3017313,1354.3495
3017314,235.875
3017315,10.5
3017316,9.625
3017317,632.0585
3017318,98.0435
3017319,2194.6356375
3017320,0.0
3017321,38.199250125
3017322,6.25
3017323,0.125
3017324,3.0
3017325,3203.75
3017326,0.0
3017327,372.625
3017328,8.75
3017329,1454.25
3017330,562.0
3017331,1078.716875
3017332,84.25
3017333,89.624375
3017334,5043.746
3017335,15.75
3017336,0.375
3017337,20.375
3017338,12.25
3017339,0.0
3017340,272.875
3017341,4.625
3017342,5.625
3017343,3.5
3017344,70.625
3017345,0.875
3017346,246.58562375
3017347,271.375
3017348,3.625
3017349,3.375
3017350,611.050625
3017351,63.636250000000004
3017352,785.5706250000001
3017353,11.75
3017354,11.1532499625
3017355,8.75
3017356,0.25
3017357,3.125
3017358,2574.0
3017359,0.0
3017360,341.25
3017361,6.5
3017362,1500.5
3017363,440.0
3017364,310.38875
3017365,140.125
3017366,99.375
3017367,3359.901375
3017368,12.625
3017369,0.5
3017370,37.75
3017371,25.875
3017372,0.0
3017373,238.125
3017374,2.375
3017375,2.5
3017376,11.75
3017377,142.75
3017378,2.375
3017379,93.078375625
3017380,212.0
3017381,2.25
3017382,4.0
3017383,153.43
3017384,145.454125
3017385,1013.07625375
3017386,0.875
3017387,5.0
3017388,3.75
3017389,0.125
3017390,1.75
3017391,1669.5
3017392,0.0
3017393,182.5
3017394,7.875
3017395,629.75
3017396,293.875
3017397,148.625
3017398,70.125
3017399,60.625
3017400,2357.125
3017401,14.0
3017402,1.0
3017403,25.0
3017404,19.125
3017405,0.25
3017406,167.875
3017407,0.625
3017408,0.0
3017409,4.625
3017410,179.375
3017411,2.125
3017412,108.3365
3017413,135.375
3017414,0.625
3017415,5.25
3017416,284.92425
3017417,31.5
3017418,629.59275
3017419,2.5
3017420,0.75
3017421,1.75
3017422,0.0
3017423,0.875
3017424,1382.5
3017425,0.0
3017426,258.522375
3017427,13.875
3017428,560.75
3017429,509.125
3017430,148.454375
3017431,52.75
3017432,91.266375
3017433,2001.625
3017434,31.875
3017435,0.625
3017436,10.875
3017437,27.875
3017438,0.0
3017439,112.5
3017440,8.375
3017441,3.875
3017442,4.0
3017443,74.375
3017444,5.5
3017445,523.7425025
3017446,121.0
3017447,3.125
3017448,5.5
3017449,416.68262749999997
3017450,36.04175025
3017451,1269.70275
3017452,0.0
3017453,8.502
3017454,4.375
3017455,0.375
3017456,4.875
3017457,3688.375
3017458,0.25
3017459,797.9905
3017460,23.625
3017461,1253.5
3017462,1307.875
3017463,312.336375
3017464,254.25
3017465,223.189625
3017466,4430.375
3017467,37.0
3017468,1.5
3017469,23.0
3017470,33.375
3017471,0.125
3017472,278.125
3017473,13.5
3017474,47.5
3017475,11.0
3017476,145.0
3017477,14.625
3017478,730.252
3017479,258.125
3017480,14.125
3017481,9.5
3017482,827.538
3017483,133.2748755
3017484,3712.3244999999997
3017485,0.0
3017486,43.81900025
3017487,3.625
3017488,0.25
3017489,4.625
3017490,2694.75
3017491,0.0
3017492,440.4145
3017493,10.75
3017494,523.375
3017495,686.875
3017496,179.92112500000002
3017497,151.375
3017498,131.4086255
3017499,2180.25
3017500,27.875
3017501,1.375
3017502,23.875
3017503,15.625
3017504,0.25
3017505,118.875
3017506,0.0
3017507,39.875
3017508,4.375
3017509,324.125
3017510,12.25
3017511,402.2897525
3017512,115.5
3017513,7.25
3017514,7.75
3017515,293.13987625
3017516,46.773125
3017517,1912.266625
3017518,0.5
3017519,9.5
3017520,4.125
3017521,0.0
3017522,0.75
3017523,788.375
3017524,0.0
3017525,221.5
3017526,7.125
3017527,401.0
3017528,229.875
3017529,103.6085
3017530,32.75
3017531,33.013125125
3017532,1477.25
3017533,13.25
3017534,1.25
3017535,15.75
3017536,10.0
3017537,0.375
3017538,70.5
3017539,0.125
3017540,13.5
3017541,0.75
3017542,28.5
3017543,0.25
3017544,430.869125
3017545,127.375
3017546,2.25
3017547,1.25
3017548,211.161
3017549,19.625
3017550,482.27437499999996
3017551,0.75
3017552,2.25
3017553,3.75
3017554,0.0
3017555,1.375
3017556,2698.25
3017557,0.125
3017558,493.0441275
3017559,20.0
3017560,762.0
3017561,830.5
3017562,299.02175
3017563,214.625
3017564,163.706125
3017565,3287.125
3017566,25.625
3017567,1.875
3017568,32.5
3017569,23.375
3017570,0.125
3017571,194.375
3017572,3.125
3017573,41.0
3017574,9.125
3017575,238.5
3017576,3.75
3017577,420.52325
3017578,179.25
3017579,10.25
3017580,9.75
3017581,458.7036275
3017582,68.53875025
3017583,2257.355375
3017584,1.0
3017585,23.534749875
3017586,6.0
3017587,0.0
3017588,2.0
3017589,2822.5
3017590,0.0
3017591,473.875
3017592,16.25
3017593,1176.5
3017594,649.625
3017595,460.827875
3017596,168.5
3017597,72.17550025
3017598,3795.292
3017599,9.625
3017600,1.5
3017601,28.625
3017602,19.0
3017603,0.5
3017604,220.125
3017605,0.0
3017606,5.25
3017607,5.875
3017608,88.75
3017609,0.75
3017610,162.08150125
3017611,260.25
3017612,6.0
3017613,4.0
3017614,252.0530025
3017615,69.228125
3017616,1037.39825
3017617,1.75
3017618,1.375
3017619,4.875
3017620,0.0
3017621,1.875
3017622,2448.125
3017623,0.0
3017624,475.0
3017625,15.25
3017626,809.625
3017627,527.625
3017628,265.56
3017629,135.0
3017630,79.0485
3017631,3029.426625
3017632,10.25
3017633,1.5
3017634,24.375
3017635,20.125
3017636,0.0
3017637,189.375
3017638,0.0
3017639,5.625
3017640,2.25
3017641,130.75
3017642,1.25
3017643,94.26275
3017644,171.25
3017645,4.0
3017646,3.875
3017647,229.749875
3017648,53.341875
3017649,775.420125
3017650,1.25
3017651,3.875
3017652,9.0
3017653,1.875
3017654,11.125
3017655,7980.625
3017656,0.0
3017657,1204.0725
3017658,50.875
3017659,2026.0
3017660,2149.25
3017661,428.59425
3017662,521.375
3017663,412.27662499999997
3017664,8211.5
3017665,74.5
3017666,4.125
3017667,53.5
3017668,50.75
3017669,1.625
3017670,505.25
3017671,42.125
3017672,69.25
3017673,22.625
3017674,357.125
3017675,32.125
3017676,1353.236625
3017677,466.75
3017678,19.125
3017679,23.875
3017680,1575.627375
3017681,271.530125
3017682,7381.5467499999995
3017683,1.375
3017684,116.14925012500001
3017685,3.625
3017686,0.625
3017687,1.75
3017688,1154.375
3017689,0.0
3017690,119.25
3017691,4.25
3017692,1147.125
3017693,221.125
3017694,133.25
3017695,132.25
3017696,48.08125
3017697,1622.625
3017698,5.75
3017699,0.625
3017700,12.5
3017701,9.0
3017702,0.25
3017703,132.875
3017704,0.25
3017705,0.0
3017706,3.625
3017707,77.375
3017708,0.875
3017709,44.70862475
3017710,82.375
3017711,2.75
3017712,4.0
3017713,131.875
3017714,19.0
3017715,427.440625
3017716,0.0
3017717,4.875
3017718,9.0
3017719,0.25
3017720,3.5
3017721,2801.25
3017722,0.0
3017723,478.625
3017724,14.75
3017725,1287.625
3017726,555.875
3017727,305.19237499999997
3017728,288.75
3017729,101.16337375
3017730,3999.96875
3017731,9.5
3017732,0.5
3017733,25.875
3017734,20.125
3017735,0.25
3017736,244.75
3017737,0.375
3017738,4.5
3017739,8.875
3017740,21.75
3017741,1.375
3017742,323.2934975
3017743,217.375
3017744,4.125
3017745,5.0
3017746,145.76137375
3017747,57.89425
3017748,1120.911125
3017749,1.25
3017750,5.125
3017751,1.75
3017752,0.0
3017753,1.125
3017754,911.125
3017755,0.0
3017756,87.25
3017757,4.625
3017758,540.875
3017759,132.0
3017760,121.75
3017761,144.625
3017762,18.125
3017763,1383.125
3017764,1.75
3017765,0.125
3017766,8.875
3017767,2.375
3017768,0.0
3017769,71.125
3017770,0.0
3017771,0.0
3017772,0.375
3017773,75.0
3017774,0.125
3017775,60.527875
3017776,62.0
3017777,0.875
3017778,1.5
3017779,70.41212525
3017780,8.75
3017781,183.768125
3017782,0.0
3017783,2.25
3017784,6.375
3017785,0.0
3017786,1.875
3017787,2239.0
3017788,0.0
3017789,175.0
3017790,7.0
3017791,909.375
3017792,315.875
3017793,209.75
3017794,88.0
3017795,81.3495
3017796,2577.375
3017797,2.5
3017798,0.625
3017799,26.5
3017800,16.625
3017801,0.125
3017802,171.375
3017803,0.0
3017804,0.0
3017805,13.25
3017806,40.75
3017807,1.125
3017808,197.88949875
3017809,170.75
3017810,2.375
3017811,3.0
3017812,272.395875
3017813,31.625
3017814,1048.23175
3017815,0.0
3017816,0.625
3017817,3.25
3017818,0.375
3017819,1.125
3017820,2460.125
3017821,0.0
3017822,644.5
3017823,10.625
3017824,928.5
3017825,623.375
3017826,254.602125
3017827,135.5
3017828,88.390125
3017829,4047.422875
3017830,6.75
3017831,4.375
3017832,31.5
3017833,40.625
3017834,0.25
3017835,224.875
3017836,2.625
3017837,8.0
3017838,2.625
3017839,46.625
3017840,2.625
3017841,175.45225
3017842,254.25
3017843,4.75
3017844,7.0
3017845,182.60925125
3017846,37.046499999999995
3017847,631.22975
3017848,1.75
3017849,2.375
3017850,4.5
3017851,0.375
3017852,0.375
3017853,1378.375
3017854,0.0
3017855,89.375
3017856,5.625
3017857,433.25
3017858,145.375
3017859,118.25
3017860,145.875
3017861,63.993875
3017862,1636.25
3017863,4.625
3017864,0.5
3017865,12.0
3017866,7.875
3017867,0.0
3017868,99.5
3017869,0.0
3017870,0.0
3017871,0.25
3017872,39.0
3017873,1.125
3017874,162.5653725
3017875,67.5
3017876,0.5
3017877,1.0
3017878,62.97925
3017879,15.125
3017880,324.809875
3017881,0.125
3017882,0.5
3017883,5.5
3017884,0.0
3017885,1.125
3017886,2916.625
3017887,0.0
3017888,436.875
3017889,9.0
3017890,800.375
3017891,493.0
3017892,234.292625
3017893,132.875
3017894,109.06349975
3017895,3280.61625
3017896,7.5
3017897,1.25
3017898,28.125
3017899,8.25
3017900,0.125
3017901,201.125
3017902,0.0
3017903,46.75
3017904,3.25
3017905,68.0
3017906,1.25
3017907,189.013125
3017908,178.25
3017909,3.25
3017910,4.375
3017911,120.1795
3017912,43.00275
3017913,1033.479875
3017914,0.125
3017915,1.75
3017916,3.5
3017917,0.0
3017918,3.625
3017919,3036.0
3017920,0.0
3017921,508.1031225
3017922,13.0
3017923,1025.125
3017924,892.625
3017925,175.2306255
3017926,135.75
3017927,160.553125
3017928,3471.375
3017929,63.5
3017930,2.125
3017931,44.125
3017932,20.0
3017933,0.0
3017934,220.875
3017935,17.5
3017936,29.625
3017937,2.375
3017938,157.0
3017939,9.75
3017940,348.0833775
3017941,249.125
3017942,11.5
3017943,14.5
3017944,305.336625
3017945,80.71125
3017946,2575.102875
3017947,0.0
3017948,14.944125037500001
3017949,7.5
3017950,0.0
3017951,4.75
3017952,3040.25
3017953,0.0
3017954,398.486625
3017955,15.125
3017956,978.75
3017957,813.25
3017958,167.91425
3017959,77.75
3017960,118.683125
3017961,3416.875
3017962,18.875
3017963,1.125
3017964,29.625
3017965,54.75
3017966,0.125
3017967,306.875
3017968,16.5
3017969,21.75
3017970,9.5
3017971,132.5
3017972,11.75
3017973,232.17637625
3017974,309.875
3017975,8.75
3017976,7.0
3017977,193.11350000000002
3017978,87.5885015
3017979,1941.66675
3017980,0.125
3017981,17.89675
3017982,9.5
3017983,0.25
3017984,2.75
3017985,3130.125
3017986,0.0
3017987,679.75
3017988,9.375
3017989,1677.875
3017990,616.0
3017991,213.84175
3017992,226.125
3017993,82.183125
3017994,4769.49125
3017995,35.625
3017996,1.25
3017997,18.875
3017998,18.625
3017999,0.0
3018000,280.75
3018001,3.75
3018002,18.625
3018003,14.125
3018004,96.5
3018005,5.0
3018006,143.72875
3018007,261.375
3018008,5.75
3018009,11.375
3018010,306.0308775
3018011,66.7291245
3018012,1548.278625
3018013,3.0
3018014,16.38325
3018015,3.75
3018016,0.375
3018017,4.5
3018018,2515.25
3018019,0.0
3018020,357.35025
3018021,10.625
3018022,838.0
3018023,728.125
3018024,221.091625
3018025,136.0
3018026,108.0362505
3018027,3385.25
3018028,24.75
3018029,2.0
3018030,14.875
3018031,11.5
3018032,0.625
3018033,211.5
3018034,15.625
3018035,28.125
3018036,1.25
3018037,146.375
3018038,7.25
3018039,663.499875
3018040,201.125
3018041,5.625
3018042,8.75
3018043,496.65312875
3018044,48.165375749999995
3018045,2040.8435
3018046,0.125
3018047,30.533875125
3018048,5.0
3018049,0.5
3018050,2.875
3018051,4827.25
3018052,0.0
3018053,346.0
3018054,10.25
3018055,1866.875
3018056,491.125
3018057,360.0
3018058,149.875
3018059,81.49349975
3018060,5004.0
3018061,16.75
3018062,1.5
3018063,27.375
3018064,22.125
3018065,0.125
3018066,330.5
3018067,0.0
3018068,0.5
3018069,7.125
3018070,56.0
3018071,2.75
3018072,133.65025125
3018073,275.625
3018074,5.0
3018075,9.625
3018076,281.1422525
3018077,51.25
3018078,990.52575
3018079,0.0
3018080,5.0
3018081,7.0
3018082,0.125
3018083,6.0
3018084,2185.375
3018085,0.0
3018086,416.967625
3018087,16.625
3018088,1577.75
3018089,653.125
3018090,222.77125
3018091,113.75
3018092,196.486
3018093,3410.25
3018094,36.625
3018095,1.0
3018096,20.25
3018097,24.375
3018098,0.375
3018099,216.75
3018100,13.25
3018101,28.875
3018102,7.875
3018103,180.0
3018104,9.625
3018105,354.816375
3018106,302.25
3018107,14.75
3018108,7.5
3018109,221.06762625
3018110,57.29
3018111,1946.756375
3018112,0.625
3018113,7.16125
3018114,3.25
3018115,0.0
3018116,3.5
3018117,2618.5
3018118,0.0
3018119,446.34
3018120,10.125
3018121,705.625
3018122,842.0
3018123,195.99687500000002
3018124,138.75
3018125,140.941
3018126,2910.25
3018127,29.625
3018128,1.0
3018129,16.75
3018130,15.375
3018131,0.25
3018132,184.5
3018133,13.875
3018134,46.375
3018135,7.125
3018136,99.375
3018137,9.25
3018138,314.46875
3018139,209.0
3018140,9.0
3018141,9.25
3018142,274.9297525
3018143,50.81812525
3018144,2409.9549875000002
3018145,0.0
3018146,14.840375
3018147,6.125
3018148,0.25
3018149,4.0
3018150,5098.625
3018151,0.0
3018152,507.25
3018153,23.25
3018154,1188.25
3018155,583.5
3018156,311.2195
3018157,183.375
3018158,81.308125
3018159,4356.2276249999995
3018160,10.625
3018161,0.0
3018162,13.625
3018163,21.0
3018164,0.0
3018165,224.25
3018166,0.0
3018167,11.75
3018168,1.0
3018169,121.75
3018170,3.5
3018171,200.58562625
3018172,269.25
3018173,3.25
3018174,1.5
3018175,361.126875
3018176,139.34525000000002
3018177,1208.11275
3018178,2.625
3018179,1.0
3018180,16.625
3018181,0.0
3018182,15.125
3018183,9199.75
3018184,0.125
3018185,1687.931125
3018186,39.125
3018187,2504.5
3018188,2529.375
3018189,644.2407499999999
3018190,638.375
3018191,535.796
3018192,9848.625
3018193,100.875
3018194,5.875
3018195,124.375
3018196,99.125
3018197,0.625
3018198,666.75
3018199,28.375
3018200,33.375
3018201,17.625
3018202,515.75
3018203,27.25
3018204,1556.00875
3018205,515.625
3018206,36.125
3018207,36.625
3018208,1745.148
3018209,286.9217475
3018210,8678.917875
3018211,110.375
3018212,127.207
3018213,15.625
3018214,0.0
3018215,10.5
3018216,9382.125
3018217,0.0
3018218,1308.1197625
3018219,41.875
3018220,2670.125
3018221,2330.75
3018222,819.631125
3018223,396.75
3018224,431.702
3018225,11145.625
3018226,148.0
3018227,1.625
3018228,87.0
3018229,90.375
3018230,0.5
3018231,649.0
3018232,21.875
3018233,59.0
3018234,5.5
3018235,356.75
3018236,21.0
3018237,2024.7082625
3018238,624.375
3018239,25.75
3018240,28.5
3018241,1809.6511375
3018242,284.431375
3018243,6269.9942875
3018244,228.125
3018245,121.99925
3018246,10.5
3018247,0.0
3018248,17.125
3018249,5764.125
3018250,0.125
3018251,876.625
3018252,20.75
3018253,2254.75
3018254,1424.0
3018255,835.137625
3018256,129.5
3018257,277.42812375
3018258,8868.5
3018259,52.875
3018260,2.625
3018261,49.625
3018262,27.0
3018263,0.25
3018264,594.75
3018265,19.375
3018266,30.875
3018267,6.625
3018268,172.5
3018269,8.5
3018270,1887.4397625
3018271,635.5
3018272,21.625
3018273,36.875
3018274,975.22763
3018275,149.12937499999998
3018276,2581.280125
3018277,89.0
3018278,51.74487525
3018279,17.375
3018280,0.0
3018281,18.125
3018282,8521.25
3018283,0.125
3018284,1173.850875
3018285,29.0
3018286,2457.0
3018287,2106.875
3018288,775.38225
3018289,362.375
3018290,308.4193775
3018291,9766.375
3018292,70.875
3018293,2.0
3018294,55.5
3018295,75.25
3018296,1.5
3018297,626.75
3018298,24.5
3018299,41.875
3018300,3.75
3018301,318.0
3018302,17.25
3018303,1859.955625
3018304,618.0
3018305,22.25
3018306,21.875
3018307,1469.896
3018308,223.12825375
3018309,5224.1075
3018310,138.75
3018311,89.13375
3018312,9.375
3018313,0.0
3018314,14.375
3018315,4504.75
3018316,0.0
3018317,752.125
3018318,17.75
3018319,1939.625
3018320,1162.625
3018321,669.154125
3018322,101.5
3018323,204.87250125
3018324,7525.375
3018325,48.75
3018326,0.625
3018327,37.125
3018328,29.375
3018329,0.25
3018330,519.0
3018331,12.25
3018332,13.875
3018333,1.625
3018334,171.25
3018335,5.0
3018336,1616.0641375
3018337,702.0
3018338,15.875
3018339,22.375
3018340,1091.1255
3018341,87.509625
3018342,1710.543125
3018343,117.75
3018344,28.23975
3018345,13.875
3018346,0.0
3018347,8.5
3018348,7173.25
3018349,0.0
3018350,1311.5727375000001
3018351,37.125
3018352,1914.25
3018353,2321.75
3018354,543.4198749999999
3018355,507.0
3018356,447.69350000000003
3018357,7924.0
3018358,80.25
3018359,1.875
3018360,62.375
3018361,79.375
3018362,0.25
3018363,456.5
3018364,14.5
3018365,52.25
3018366,15.0
3018367,404.875
3018368,18.25
3018369,1483.3221375
3018370,454.25
3018371,23.625
3018372,30.875
3018373,1432.210125
3018374,263.043875
3018375,7536.082625
3018376,104.5
3018377,112.91212575
3018378,6.25
3018379,0.125
3018380,4.875
3018381,1733.5
3018382,0.0
3018383,320.634375
3018384,27.25
3018385,884.0
3018386,504.5
3018387,251.41112500000003
3018388,82.375
3018389,135.65125
3018390,2849.0
3018391,44.875
3018392,1.125
3018393,27.875
3018394,20.875
3018395,0.5
3018396,223.5
3018397,10.625
3018398,10.75
3018399,9.875
3018400,82.75
3018401,8.25
3018402,317.259625
3018403,196.75
3018404,4.375
3018405,7.25
3018406,312.31925
3018407,56.356375
3018408,1567.990875
3018409,0.75
3018410,10.5554999625
3018411,11.5
3018412,0.0
3018413,10.25
3018414,4294.0
3018415,0.125
3018416,629.34175
3018417,30.875
3018418,1716.625
3018419,1067.375
3018420,530.0037500000001
3018421,100.625
3018422,206.326125
3018423,6392.75
3018424,144.25
3018425,1.25
3018426,60.875
3018427,37.75
3018428,0.5
3018429,435.0
3018430,15.125
3018431,7.75
3018432,4.5
3018433,198.5
3018434,7.5
3018435,857.38275
3018436,463.25
3018437,12.125
3018438,20.75
3018439,510.3389975
3018440,88.886500875
3018441,2120.5144999999998
3018442,107.75
3018443,23.8611249375
3018444,8.0
3018445,0.0
3018446,6.625
3018447,4848.625
3018448,0.125
3018449,898.42899625
3018450,14.625
3018451,1514.25
3018452,1699.625
3018453,350.05675
3018454,408.0
3018455,357.256125
3018456,5373.875
3018457,42.25
3018458,1.75
3018459,36.625
3018460,37.625
3018461,1.125
3018462,340.875
3018463,1.875
3018464,59.125
3018465,7.0
3018466,244.5
3018467,13.25
3018468,1201.9323875
3018469,274.125
3018470,24.125
3018471,8.375
3018472,3297.40175
3018473,133.8711245
3018474,5509.577525
3018475,3.625
3018476,72.341499375
3018477,9.625
3018478,0.0
3018479,8.375
3018480,4653.25
3018481,0.0
3018482,919.1031174999999
3018483,13.25
3018484,1707.375
3018485,1182.375
3018486,408.33625
3018487,222.625
3018488,515.423875
3018489,6224.375
3018490,59.0
3018491,2.375
3018492,69.125
3018493,46.875
3018494,0.75
3018495,361.5
3018496,5.375
3018497,69.125
3018498,8.625
3018499,354.625
3018500,9.25
3018501,903.92575
3018502,343.125
3018503,20.25
3018504,28.375
3018505,672.06475
3018506,150.566875
3018507,4957.78225
3018508,2.75
3018509,11.49175
3018510,11.25
3018511,0.125
3018512,2.625
3018513,2288.25
3018514,0.0
3018515,451.44525250000004
3018516,9.875
3018517,1081.625
3018518,495.5
3018519,259.29525
3018520,88.875
3018521,178.47225
3018522,3226.375
3018523,13.5
3018524,1.5
3018525,24.875
3018526,19.25
3018527,0.0
3018528,199.0
3018529,5.625
3018530,13.875
3018531,5.75
3018532,152.0
3018533,2.625
3018534,482.025125
3018535,200.125
3018536,5.875
3018537,6.5
3018538,252.89737125
3018539,63.784499999999994
3018540,2090.2055
3018541,0.625
3018542,5.75
3018543,5.875
3018544,0.0
3018545,1.5
3018546,3766.25
3018547,0.0
3018548,162.375
3018549,5.125
3018550,1015.625
3018551,202.75
3018552,278.020875
3018553,73.5
3018554,35.375
3018555,2629.625
3018556,5.75
3018557,0.625
3018558,19.25
3018559,9.875
3018560,0.25
3018561,184.375
3018562,0.0
3018563,0.0
3018564,3.25
3018565,34.5
3018566,0.625
3018567,50.0577495
3018568,148.25
3018569,0.375
3018570,3.375
3018571,67.1108745
3018572,65.25
3018573,568.9590000000001
3018574,0.0
3018575,0.875
3018576,4.75
3018577,0.0
3018578,4.5
3018579,3237.375
3018580,0.0
3018581,519.786625
3018582,16.75
3018583,1309.625
3018584,933.75
3018585,378.748125
3018586,161.25
3018587,163.38425
3018588,4462.125
3018589,37.125
3018590,0.75
3018591,31.5
3018592,56.125
3018593,0.25
3018594,300.25
3018595,19.125
3018596,18.125
3018597,11.0
3018598,130.125
3018599,8.125
3018600,676.64024625
3018601,267.625
3018602,9.0
3018603,15.25
3018604,698.68875
3018605,103.346625625
3018606,2296.316125
3018607,0.0
3018608,49.59925
3018609,5.125
3018610,0.0
3018611,4.5
3018612,4333.25
3018613,0.125
3018614,733.463
3018615,26.0
3018616,1099.125
3018617,1388.375
3018618,224.168375
3018619,299.75
3018620,302.512
3018621,4070.625
3018622,43.25
3018623,2.375
3018624,34.25
3018625,24.125
3018626,0.625
3018627,241.375
3018628,12.625
3018629,46.625
3018630,7.5
3018631,259.625
3018632,15.875
3018633,796.2203825
3018634,216.375
3018635,6.875
3018636,14.0
3018637,846.1738712499999
3018638,143.31287550000002
3018639,4959.555025
3018640,0.125
3018641,60.1955005
3018642,3.875
3018643,0.75
3018644,9.0
3018645,4579.25
3018646,0.0
3018647,844.681875
3018648,27.0
3018649,1276.25
3018650,1453.5
3018651,326.675625
3018652,331.25
3018653,197.27375
3018654,4951.875
3018655,47.0
3018656,2.0
3018657,44.625
3018658,36.25
3018659,0.625
3018660,346.25
3018661,24.875
3018662,39.0
3018663,25.875
3018664,229.125
3018665,17.75
3018666,826.138375
3018667,317.125
3018668,15.625
3018669,20.25
3018670,884.431375
3018671,150.66275125
3018672,4138.494
3018673,0.75
3018674,61.444
3018675,10.75
3018676,0.5
3018677,5.125
3018678,2840.0
3018679,0.0
3018680,465.875
3018681,18.375
3018682,1492.25
3018683,697.0
3018684,638.642375
3018685,144.375
3018686,99.060001
3018687,5664.472625
3018688,13.375
3018689,0.875
3018690,52.75
3018691,27.0
3018692,0.0
3018693,365.625
3018694,12.125
3018695,3.0
3018696,4.375
3018697,68.125
3018698,3.0
3018699,315.437625
3018700,344.625
3018701,7.125
3018702,5.75
3018703,496.8518725
3018704,104.5978755
3018705,1298.265625
3018706,35.75
3018707,16.785
3018708,6.75
3018709,0.0
3018710,4.25
3018711,2246.875
3018712,0.125
3018713,339.36725
3018714,11.25
3018715,623.5
3018716,686.5
3018717,128.381
3018718,152.625
3018719,138.815625
3018720,2411.5
3018721,17.75
3018722,1.125
3018723,24.0
3018724,25.625
3018725,0.625
3018726,177.5
3018727,13.625
3018728,15.5
3018729,5.75
3018730,120.5
3018731,8.0
3018732,311.214875
3018733,159.5
3018734,5.625
3018735,7.625
3018736,271.0405
3018737,65.953875
3018738,2324.1751249999998
3018739,0.0
3018740,26.766750000000002
3018741,1.75
3018742,0.0
3018743,2.25
3018744,1583.125
3018745,0.0
3018746,113.375
3018747,7.375
3018748,946.25
3018749,333.375
3018750,254.125
3018751,44.375
3018752,47.79812525
3018753,3045.625
3018754,9.0
3018755,0.375
3018756,17.125
3018757,11.375
3018758,0.0
3018759,217.0
3018760,5.0
3018761,0.0
3018762,2.25
3018763,31.125
3018764,0.875
3018765,159.15549875
3018766,216.875
3018767,1.375
3018768,6.375
3018769,158.497626875
3018770,31.375
3018771,247.055875
3018772,1.125
3018773,1.625
3018774,9.5
3018775,0.375
3018776,5.875
3018777,4921.125
3018778,0.0
3018779,640.125
3018780,34.125
3018781,2002.375
3018782,666.25
3018783,466.600875
3018784,172.0
3018785,137.156375
3018786,7589.491375
3018787,38.5
3018788,1.5
3018789,40.625
3018790,23.625
3018791,0.0
3018792,506.0
3018793,15.25
3018794,3.5
3018795,10.875
3018796,90.125
3018797,4.125
3018798,605.3496275
3018799,434.5
3018800,3.375
3018801,21.75
3018802,384.81487500000003
3018803,108.81899975
3018804,1404.651625
3018805,10.5
3018806,14.75
3018807,7.75
3018808,0.0
3018809,0.875
3018810,1906.25
3018811,0.0
3018812,183.25
3018813,11.125
3018814,1100.125
3018815,479.125
3018816,230.375
3018817,55.375
3018818,62.548500000000004
3018819,3173.5
3018820,14.0
3018821,1.375
3018822,20.875
3018823,22.875
3018824,0.25
3018825,199.375
3018826,10.0
3018827,0.0
3018828,5.625
3018829,91.375
3018830,2.375
3018831,138.591750625
3018832,217.5
3018833,1.75
3018834,7.625
3018835,150.83812375
3018836,33.125
3018837,408.9576225
3018838,2.25
3018839,7.375
3018840,7.375
3018841,0.0
3018842,6.375
3018843,2076.25
3018844,0.0
3018845,141.375
3018846,12.0
3018847,970.625
3018848,386.0
3018849,217.375
3018850,54.625
3018851,53.375
3018852,3601.0
3018853,21.0
3018854,0.0
3018855,20.5
3018856,12.25
3018857,0.0
3018858,217.75
3018859,4.25
3018860,0.0
3018861,2.875
3018862,74.625
3018863,0.875
3018864,194.9457525
3018865,258.625
3018866,1.0
3018867,4.625
3018868,169.71262375
3018869,25.0
3018870,232.33
3018871,1.5
3018872,2.75
3018873,8.75
3018874,0.0
3018875,4.125
3018876,1694.875
3018877,0.0
3018878,192.75
3018879,15.5
3018880,1676.75
3018881,520.125
3018882,329.75
3018883,37.0
3018884,77.3562505
3018885,3885.875
3018886,17.125
3018887,1.0
3018888,12.375
3018889,32.625
3018890,0.0
3018891,324.25
3018892,1.875
3018893,0.0
3018894,2.5
3018895,38.625
3018896,2.125
3018897,400.1342475
3018898,366.0
3018899,2.5
3018900,6.375
3018901,187.26975
3018902,107.625
3018903,507.5487475
3018904,1.25
3018905,9.875
3018906,4.625
3018907,2.0
3018908,4.25
3018909,1747.375
3018910,0.0
3018911,168.0
3018912,4.0
3018913,961.125
3018914,345.625
3018915,263.375
3018916,82.75
3018917,86.375
3018918,2756.875
3018919,11.125
3018920,1.25
3018921,14.25
3018922,18.625
3018923,0.0
3018924,240.375
3018925,11.125
3018926,0.0
3018927,6.25
3018928,42.0
3018929,3.25
3018930,117.088875
3018931,208.5
3018932,2.25
3018933,5.625
3018934,92.629001
3018935,40.25
3018936,610.46175
3018937,0.5
3018938,5.375
3018939,6.5
3018940,0.25
3018941,2.0
3018942,1318.75
3018943,0.0
3018944,150.5
3018945,9.75
3018946,974.875
3018947,277.875
3018948,155.0
3018949,131.875
3018950,77.38075
3018951,2132.375
3018952,5.5
3018953,0.375
3018954,16.875
3018955,14.75
3018956,0.25
3018957,171.375
3018958,0.0
3018959,0.0
3018960,2.375
3018961,80.5
3018962,1.875
3018963,52.24562475
3018964,148.625
3018965,1.125
3018966,3.75
3018967,66.913250625
3018968,36.125
3018969,496.699875
3018970,0.0
3018971,0.5
3018972,13.875
3018973,0.5
3018974,3.75
3018975,3673.5
3018976,0.0
3018977,367.25
3018978,11.0
3018979,1346.625
3018980,744.0
3018981,593.25
3018982,176.375
3018983,190.58350000000002
3018984,5152.125
3018985,23.75
3018986,1.625
3018987,23.5
3018988,26.625
3018989,0.5
3018990,362.125
3018991,1.75
3018992,0.0
3018993,8.625
3018994,102.875
3018995,5.0
3018996,233.9325
3018997,335.0
3018998,2.625
3018999,12.0
3019000,442.98125
3019001,72.125
3019002,1437.27275
3019003,6.25
3019004,20.875
3019005,5.75
3019006,0.75
3019007,4.75
3019008,2953.625
3019009,0.0
3019010,641.125
3019011,11.375
3019012,788.625
3019013,776.875
3019014,289.664375
3019015,212.625
3019016,107.763625
3019017,3396.81925
3019018,16.5
3019019,0.125
3019020,48.5
3019021,23.0
3019022,0.125
3019023,262.25
3019024,12.125
3019025,4.625
3019026,6.625
3019027,85.375
3019028,3.125
3019029,119.34812500000001
3019030,220.625
3019031,4.875
3019032,10.875
3019033,232.80825125
3019034,65.362
3019035,1905.74025
3019036,23.125
3019037,22.402375125
3019038,9.0
3019039,0.875
3019040,5.5
3019041,3855.5
3019042,0.0
3019043,232.5
3019044,10.75
3019045,1660.0
3019046,518.0
3019047,434.0
3019048,63.25
3019049,67.076375
3019050,5124.75
3019051,52.0
3019052,2.875
3019053,22.5
3019054,19.375
3019055,0.375
3019056,312.375
3019057,15.25
3019058,0.0
3019059,6.25
3019060,75.0
3019061,3.0
3019062,221.9275
3019063,307.75
3019064,1.625
3019065,9.0
3019066,338.748875
3019067,36.75
3019068,602.9945
3019069,1.5
3019070,7.25
3019071,8.75
3019072,0.0
3019073,7.875
3019074,3838.625
3019075,0.0
3019076,748.625
3019077,18.875
3019078,1064.75
3019079,1004.75
3019080,289.306
3019081,208.0
3019082,165.696125
3019083,4666.125
3019084,64.0
3019085,1.625
3019086,19.875
3019087,27.0
3019088,0.5
3019089,326.125
3019090,34.25
3019091,24.75
3019092,8.5
3019093,182.25
3019094,10.625
3019095,445.720375
3019096,310.875
3019097,11.125
3019098,10.5
3019099,518.43625
3019100,128.767125
3019101,2663.20175
3019102,0.0
3019103,40.06662475
3019104,12.875
3019105,0.5
3019106,6.75
3019107,4942.0
3019108,0.0
3019109,570.125
3019110,16.25
3019111,2188.625
3019112,947.625
3019113,794.454875
3019114,120.0
3019115,150.717375
3019116,7031.03225
3019117,24.75
3019118,1.0
3019119,34.375
3019120,19.125
3019121,0.375
3019122,468.375
3019123,8.875
3019124,8.0
3019125,5.125
3019126,104.125
3019127,1.375
3019128,370.8210025
3019129,471.75
3019130,8.125
3019131,6.75
3019132,379.420875
3019133,92.96475050000001
3019134,1304.8877499999999
3019135,10.625
3019136,28.28387475
3019137,14.5
3019138,0.375
3019139,7.25
3019140,3400.875
3019141,0.0
3019142,482.25
3019143,11.125
3019144,1586.875
3019145,738.125
3019146,384.526
3019147,255.375
3019148,280.03675
3019149,4850.82125
3019150,16.5
3019151,0.625
3019152,53.625
3019153,39.75
3019154,0.75
3019155,395.0
3019156,6.125
3019157,7.25
3019158,11.375
3019159,151.625
3019160,2.75
3019161,130.63075
3019162,360.625
3019163,4.875
3019164,7.25
3019165,212.03125
3019166,169.961375
3019167,1513.982
3019168,0.75
3019169,14.125
3019170,6.25
3019171,0.0
3019172,3.0
3019173,1946.625
3019174,0.0
3019175,139.5
3019176,13.625
3019177,783.0
3019178,361.375
3019179,172.75
3019180,38.75
3019181,111.687625
3019182,2677.25
3019183,13.75
3019184,0.625
3019185,24.625
3019186,21.0
3019187,0.125
3019188,202.5
3019189,2.375
3019190,0.0
3019191,6.125
3019192,200.375
3019193,3.125
3019194,86.97149937500001
3019195,172.125
3019196,1.5
3019197,6.5
3019198,143.346375625
3019199,31.0
3019200,431.27450250000004
3019201,1.75
3019202,3.5
3019203,1.125
3019204,0.0
3019205,2.375
3019206,1719.5
3019207,0.0
3019208,258.813875
3019209,17.875
3019210,577.0
3019211,518.625
3019212,153.37975
3019213,52.5
3019214,108.346375
3019215,2299.0
3019216,29.625
3019217,0.375
3019218,23.25
3019219,11.0
3019220,0.5
3019221,135.875
3019222,16.875
3019223,3.0
3019224,4.0
3019225,105.875
3019226,6.625
3019227,307.047625
3019228,161.375
3019229,5.25
3019230,6.75
3019231,247.75649875
3019232,40.91175
3019233,1157.26075
3019234,0.0
3019235,8.875
3019236,4.25
3019237,0.0
3019238,7.25
3019239,4369.5
3019240,0.375
3019241,855.250375
3019242,22.25
3019243,1311.125
3019244,1500.375
3019245,333.631625
3019246,260.0
3019247,218.116625
3019248,4835.875
3019249,37.625
3019250,0.875
3019251,28.25
3019252,37.625
3019253,0.0
3019254,316.875
3019255,16.5
3019256,51.0
3019257,13.125
3019258,161.0
3019259,15.125
3019260,439.38149999999996
3019261,341.0
3019262,20.875
3019263,11.5
3019264,590.328625
3019265,143.04037625
3019266,3807.8218500000003
3019267,0.0
3019268,27.632749875000002
3019269,4.25
3019270,0.0
3019271,2.75
3019272,2808.0
3019273,0.0
3019274,443.727625
3019275,13.375
3019276,601.75
3019277,730.0
3019278,173.110625
3019279,148.875
3019280,261.00125
3019281,2286.75
3019282,29.875
3019283,1.75
3019284,27.375
3019285,21.875
3019286,0.0
3019287,141.5
3019288,0.0
3019289,35.875
3019290,6.25
3019291,480.625
3019292,13.125
3019293,228.84837249999998
3019294,136.75
3019295,6.625
3019296,9.0
3019297,189.53787499999999
3019298,44.93412575
3019299,1786.232125
3019300,1.625
3019301,6.625
3019302,7.0
3019303,0.0
3019304,0.25
3019305,1186.75
3019306,0.0
3019307,239.625
3019308,9.375
3019309,525.25
3019310,294.625
3019311,108.048125
3019312,43.125
3019313,46.71075
3019314,1925.0
3019315,13.875
3019316,0.375
3019317,13.0
3019318,10.5
3019319,0.625
3019320,104.625
3019321,0.25
3019322,9.375
3019323,2.25
3019324,52.375
3019325,0.375
3019326,306.255125
3019327,150.75
3019328,4.875
3019329,2.0
3019330,197.30437625
3019331,26.25
3019332,573.44174625
3019333,1.625
3019334,3.375
3019335,9.625
3019336,0.25
3019337,1.625
3019338,3707.25
3019339,0.125
3019340,659.367375
3019341,32.875
3019342,1062.625
3019343,1086.625
3019344,324.11625
3019345,259.375
3019346,259.7622475
3019347,4278.75
3019348,28.5
3019349,2.375
3019350,34.875
3019351,36.75
3019352,0.375
3019353,270.75
3019354,15.375
3019355,52.125
3019356,11.5
3019357,393.875
3019358,5.25
3019359,317.66125
3019360,278.75
3019361,12.375
3019362,11.0
3019363,411.55037500000003
3019364,95.94175
3019365,2791.576
3019366,2.125
3019367,18.5916249375
3019368,7.875
3019369,0.0
3019370,3.375
3019371,4002.875
3019372,0.0
3019373,732.0
3019374,27.875
3019375,1528.5
3019376,1000.0
3019377,409.814375
3019378,270.125
3019379,136.207625
3019380,6012.835
3019381,17.25
3019382,1.625
3019383,46.0
3019384,27.375
3019385,0.75
3019386,349.375
3019387,0.0
3019388,9.625
3019389,7.5
3019390,129.125
3019391,1.875
3019392,216.64212375
3019393,338.875
3019394,7.25
3019395,6.875
3019396,278.61812499999996
3019397,91.297
3019398,1784.448125
3019399,3.875
3019400,7.875
3019401,9.0
3019402,1.0
3019403,3.875
3019404,3348.625
3019405,0.0
3019406,662.25
3019407,22.5
3019408,1219.0
3019409,816.125
3019410,302.36475
3019411,213.875
3019412,176.1925
3019413,4432.61825
3019414,23.125
3019415,2.25
3019416,31.0
3019417,28.625
3019418,0.125
3019419,306.25
3019420,0.0
3019421,8.0
3019422,10.125
3019423,241.375
3019424,1.875
3019425,119.342876125
3019426,282.75
3019427,5.5
3019428,7.5
3019429,210.182625
3019430,73.21875
3019431,1309.797625
3019432,2.5
3019433,11.375
3019434,15.25
3019435,1.625
3019436,15.875
3019437,10999.125
3019438,0.0
3019439,1370.7272500000001
3019440,63.125
3019441,2414.5
3019442,2540.625
3019443,466.49775
3019444,583.0
3019445,492.85474999999997
3019446,9577.5
3019447,93.375
3019448,2.625
3019449,77.75
3019450,68.875
3019451,1.375
3019452,696.25
3019453,62.75
3019454,70.75
3019455,27.75
3019456,407.0
3019457,32.625
3019458,867.44575
3019459,723.25
3019460,27.25
3019461,32.75
3019462,1312.49375
3019463,293.78999875
3019464,8759.1739375
3019465,1.5
3019466,94.290625
3019467,3.0
3019468,0.0
3019469,1.125
3019470,1693.125
3019471,0.0
3019472,167.125
3019473,4.5
3019474,951.5
3019475,291.75
3019476,128.25
3019477,137.5
3019478,85.919375
3019479,2207.0
3019480,5.25
3019481,0.375
3019482,13.0
3019483,8.5
3019484,0.375
3019485,197.75
3019486,1.0
3019487,0.0
3019488,3.75
3019489,75.375
3019490,1.25
3019491,61.68625
3019492,104.75
3019493,3.125
3019494,5.625
3019495,116.86437325
3019496,21.0
3019497,511.100125
3019498,0.0
3019499,7.375
3019500,13.125
3019501,0.125
3019502,4.875
3019503,3192.125
3019504,0.0
3019505,588.5
3019506,16.5
3019507,1821.0
3019508,826.375
3019509,311.74525
3019510,272.875
3019511,169.83537375
3019512,5481.050625
3019513,17.0
3019514,0.5
3019515,29.75
3019516,23.625
3019517,0.125
3019518,362.125
3019519,1.0
3019520,4.25
3019521,11.75
3019522,38.75
3019523,2.75
3019524,348.7332525
3019525,362.75
3019526,6.25
3019527,10.375
3019528,150.32787687500002
3019529,84.84275
3019530,1462.745625
3019531,2.0
3019532,9.25
3019533,3.125
3019534,0.0
3019535,1.25
3019536,1114.375
3019537,0.0
3019538,111.625
3019539,5.5
3019540,1587.375
3019541,190.125
3019542,101.375
3019543,122.625
3019544,29.096875
3019545,1834.875
3019546,4.125
3019547,0.125
3019548,16.0
3019549,4.875
3019550,0.0
3019551,117.0
3019552,0.0
3019553,0.0
3019554,0.875
3019555,52.875
3019556,0.25
3019557,72.91562475
3019558,97.5
3019559,1.125
3019560,1.625
3019561,75.1055005
3019562,14.625
3019563,260.9715
3019564,0.0
3019565,3.875
3019566,11.375
3019567,0.0
3019568,4.375
3019569,2633.25
3019570,0.0
3019571,254.5
3019572,12.0
3019573,1190.0
3019574,517.75
3019575,200.25
3019576,189.375
3019577,196.793875
3019578,3627.375
3019579,3.875
3019580,0.5
3019581,37.375
3019582,25.0
3019583,0.5
3019584,344.875
3019585,0.0
3019586,0.0
3019587,14.625
3019588,80.25
3019589,1.875
3019590,308.80338
3019591,282.375
3019592,2.625
3019593,5.25
3019594,234.003874375
3019595,34.125
3019596,1384.9212499999999
3019597,0.0
3019598,1.875
3019599,2.5
3019600,0.375
3019601,2.75
3019602,2805.875
3019603,0.0
3019604,709.0
3019605,10.5
3019606,956.375
3019607,751.125
3019608,237.81425000000002
3019609,127.75
3019610,90.28925
3019611,4698.26675
3019612,10.25
3019613,3.625
3019614,35.875
3019615,51.25
3019616,0.375
3019617,248.125
3019618,2.125
3019619,9.875
3019620,4.5
3019621,73.5
3019622,3.5
3019623,179.06287625
3019624,330.0
3019625,6.0
3019626,7.625
3019627,157.44775125
3019628,44.80825
3019629,697.922875
3019630,3.25
3019631,5.625
3019632,5.5
3019633,0.0
3019634,0.875
3019635,1769.5
3019636,0.0
3019637,95.625
3019638,5.5
3019639,598.375
3019640,229.25
3019641,107.375
3019642,186.5
3019643,104.088125
3019644,2229.5033750000002
3019645,6.375
3019646,0.5
3019647,17.0
3019648,10.25
3019649,0.125
3019650,133.125
3019651,0.0
3019652,0.0
3019653,0.375
3019654,106.625
3019655,0.75
3019656,177.034
3019657,122.25
3019658,1.25
3019659,1.5
3019660,62.3401245
3019661,20.75
3019662,436.391
3019663,0.0
3019664,0.25
3019665,5.125
3019666,0.125
3019667,1.875
3019668,3270.375
3019669,0.0
3019670,485.5
3019671,18.25
3019672,1017.875
3019673,624.875
3019674,222.79200125
3019675,178.0
3019676,231.956875
3019677,4021.99525
3019678,7.625
3019679,0.375
3019680,22.25
3019681,9.625
3019682,0.25
3019683,243.875
3019684,0.0
3019685,40.625
3019686,4.625
3019687,122.25
3019688,1.25
3019689,227.61437625000002
3019690,259.625
3019691,2.25
3019692,5.625
3019693,125.227375
3019694,50.34875
3019695,1319.5292625
3019696,0.375
3019697,1.625
3019698,3.625
3019699,0.0
3019700,8.375
3019701,3337.375
3019702,0.0
3019703,522.210875
3019704,10.0
3019705,1092.5
3019706,950.75
3019707,159.796875
3019708,152.0
3019709,130.752375
3019710,3990.0
3019711,53.5
3019712,2.75
3019713,31.875
3019714,27.125
3019715,0.125
3019716,296.75
3019717,36.0
3019718,27.125
3019719,3.25
3019720,161.0
3019721,13.25
3019722,243.0389975
3019723,301.5
3019724,12.375
3019725,15.25
3019726,311.667625
3019727,70.572249375
3019728,2741.365875
3019729,0.0
3019730,14.280875125
3019731,9.125
3019732,0.0
3019733,10.625
3019734,4800.0
3019735,0.125
3019736,570.348875
3019737,22.75
3019738,1544.125
3019739,1031.125
3019740,206.6285
3019741,125.75
3019742,136.481125
3019743,5153.625
3019744,36.5
3019745,2.375
3019746,40.625
3019747,77.375
3019748,0.25
3019749,483.125
3019750,39.5
3019751,26.875
3019752,14.125
3019753,262.75
3019754,13.625
3019755,179.38937625
3019756,518.125
3019757,11.5
3019758,15.0
3019759,176.19225
3019760,103.86287575
3019761,2395.301
3019762,6.125
3019763,23.21187525
3019764,12.5
3019765,0.625
3019766,5.125
3019767,4305.25
3019768,0.0
3019769,819.875
3019770,10.625
3019771,1920.75
3019772,784.125
3019773,271.779625
3019774,348.625
3019775,132.313375
3019776,5991.61175
3019777,41.875
3019778,2.125
3019779,34.5
3019780,23.375
3019781,0.375
3019782,426.25
3019783,9.875
3019784,20.75
3019785,10.75
3019786,136.75
3019787,5.25
3019788,191.14037625
3019789,380.625
3019790,10.25
3019791,14.375
3019792,302.75325
3019793,61.94287525
3019794,1898.5407500000001
3019795,2.125
3019796,23.412125
3019797,4.875
3019798,0.25
3019799,6.375
3019800,3275.875
3019801,0.25
3019802,429.98075
3019803,14.75
3019804,1002.25
3019805,896.5
3019806,266.54575
3019807,160.5
3019808,138.10875000000001
3019809,4038.375
3019810,29.75
3019811,1.625
3019812,14.625
3019813,14.25
3019814,0.25
3019815,291.625
3019816,22.75
3019817,25.375
3019818,2.0
3019819,177.875
3019820,9.25
3019821,377.02875
3019822,287.375
3019823,10.5
3019824,11.25
3019825,450.85524375
3019826,60.830125
3019827,2499.2527375
3019828,0.0
3019829,30.356625
3019830,5.5
3019831,0.375
3019832,4.875
3019833,5774.875
3019834,0.0
3019835,428.0
3019836,16.0
3019837,2962.625
3019838,696.625
3019839,323.25
3019840,184.625
3019841,128.76237500000002
3019842,7319.375
3019843,20.875
3019844,2.25
3019845,49.75
3019846,28.25
3019847,0.75
3019848,486.625
3019849,0.0
3019850,0.5
3019851,10.375
3019852,124.125
3019853,3.375
3019854,157.998125
3019855,396.875
3019856,4.875
3019857,11.625
3019858,186.637125
3019859,73.25
3019860,1211.62225
3019861,0.0
3019862,9.5
3019863,8.75
3019864,0.25
3019865,7.75
3019866,3152.875
3019867,0.0
3019868,571.225625
3019869,20.5
3019870,1225.5
3019871,846.125
3019872,270.47974999999997
3019873,158.25
3019874,249.8375
3019875,4465.5
3019876,58.25
3019877,0.875
3019878,34.125
3019879,35.125
3019880,0.125
3019881,302.0
3019882,25.125
3019883,24.25
3019884,11.75
3019885,226.75
3019886,16.375
3019887,256.65675
3019888,540.125
3019889,14.5
3019890,11.5
3019891,205.28662500000002
3019892,62.866499499999996
3019893,2198.82525
3019894,0.125
3019895,9.42375
3019896,7.0
3019897,0.0
3019898,4.875
3019899,3591.625
3019900,0.0
3019901,585.72275
3019902,16.75
3019903,974.625
3019904,1012.0
3019905,217.55949999999999
3019906,171.125
3019907,163.174125
3019908,3959.5
3019909,39.625
3019910,0.75
3019911,32.375
3019912,23.5
3019913,0.375
3019914,295.875
3019915,29.125
3019916,52.5
3019917,7.5
3019918,140.125
3019919,11.0
3019920,302.611875
3019921,279.375
3019922,12.0
3019923,12.125
3019924,293.0964975
3019925,65.92725
3019926,2882.907625
3019927,0.125
3019928,18.192500125
3019929,7.25
3019930,0.125
3019931,6.25
3019932,5619.875
3019933,0.0
3019934,589.125
3019935,20.0
3019936,1443.25
3019937,716.25
3019938,295.4186275
3019939,182.375
3019940,107.39425
3019941,5293.0675
3019942,12.5
3019943,0.0
3019944,21.5
3019945,25.625
3019946,0.0
3019947,287.625
3019948,0.0
3019949,14.0
3019950,2.375
3019951,193.5
3019952,2.625
3019953,195.025125
3019954,342.875
3019955,3.75
3019956,2.25
3019957,219.161
3019958,115.03925
3019959,1276.5723625
3019960,3.375
3019961,0.75
3019962,24.375
3019963,0.0
3019964,26.5
3019965,14608.75
3019966,0.125
3019967,2062.052375
3019968,34.75
3019969,3325.25
3019970,3353.5
3019971,735.294
3019972,800.5
3019973,617.7726250000001
3019974,13230.75
3019975,99.375
3019976,5.125
3019977,157.5
3019978,150.875
3019979,0.5
3019980,1080.25
3019981,37.125
3019982,38.875
3019983,27.375
3019984,614.0
3019985,35.0
3019986,1145.481125
3019987,848.5
3019988,67.625
3019989,45.375
3019990,1499.369125
3019991,319.0130025
3019992,11375.915875
3019993,169.0
3019994,119.584125
3019995,20.625
3019996,0.0
3019997,18.875
3019998,12311.625
3019999,0.0
3020000,1511.439375
3020001,45.75
3020002,3394.25
3020003,2849.5
3020004,942.9715
3020005,494.5
3020006,501.047875
3020007,13601.375
3020008,180.25
3020009,1.875
3020010,90.875
3020011,104.25
3020012,1.375
3020013,954.0
3020014,33.25
3020015,58.125
3020016,6.875
3020017,387.5
3020018,26.5
3020019,1415.9395125
3020020,986.5
3020021,35.5
3020022,35.375
3020023,1631.9796125
3020024,311.970875
3020025,7473.784
3020026,214.5
3020027,106.2122505
3020028,20.75
3020029,0.0
3020030,26.75
3020031,8977.625
3020032,0.5
3020033,1275.75
3020034,25.375
3020035,3483.875
3020036,2175.875
3020037,1154.31475
3020038,230.75
3020039,353.34137499999997
3020040,13299.5
3020041,71.75
3020042,3.75
3020043,67.375
3020044,35.75
3020045,0.875
3020046,976.125
3020047,49.5
3020048,42.625
3020049,11.0
3020050,238.5
3020051,14.0
3020052,1189.0542500000001
3020053,1099.875
3020054,39.625
3020055,67.0
3020056,1126.382875
3020057,191.048375
3020058,3765.982875
3020059,198.75
3020060,69.853750625
3020061,21.25
3020062,0.0
3020063,26.125
3020064,11973.5
3020065,0.0
3020066,1354.25975
3020067,36.0
3020068,3151.375
3020069,2738.375
3020070,842.17925
3020071,453.875
3020072,371.37125
3020073,12910.875
3020074,76.5
3020075,2.5
3020076,74.5
3020077,102.5
3020078,1.25
3020079,923.625
3020080,39.375
3020081,38.625
3020082,4.5
3020083,371.125
3020084,19.375
3020085,1071.0698625
3020086,1011.125
3020087,38.125
3020088,39.375
3020089,1398.395875
3020090,292.17575
3020091,6448.368975
3020092,166.625
3020093,81.99875
3020094,20.875
3020095,0.0
3020096,27.25
3020097,6874.75
3020098,0.125
3020099,1059.0
3020100,35.125
3020101,3013.75
3020102,1788.125
3020103,861.26425
3020104,176.125
3020105,285.281625
3020106,11111.0
3020107,67.875
3020108,0.75
3020109,45.875
3020110,91.0
3020111,0.5
3020112,848.375
3020113,49.125
3020114,18.875
3020115,3.875
3020116,226.5
3020117,8.5
3020118,1066.637125
3020119,998.375
3020120,27.5
3020121,35.125
3020122,1154.667625
3020123,133.6331245
3020124,2631.90925
3020125,131.875
3020126,30.20975
3020127,12.25
3020128,0.0
3020129,13.375
3020130,8494.75
3020131,0.125
3020132,1258.289875
3020133,32.625
3020134,2175.25
3020135,2475.25
3020136,549.685875
3020137,527.75
3020138,455.583375
3020139,8743.0
3020140,69.875
3020141,2.5
3020142,63.625
3020143,83.5
3020144,1.25
3020145,590.125
3020146,22.625
3020147,38.125
3020148,8.5
3020149,429.375
3020150,21.125
3020151,926.27825
3020152,624.375
3020153,23.75
3020154,39.625
3020155,1165.572005
3020156,269.0562525
3020157,7952.50265
3020158,128.25
3020159,74.5355
3020160,5.75
3020161,0.375
3020162,6.375
3020163,2014.625
3020164,0.0
3020165,349.00287249999997
3020166,31.0
3020167,1161.375
3020168,558.25
3020169,226.97025
3020170,82.625
3020171,151.598125
3020172,3208.875
3020173,66.25
3020174,2.25
3020175,31.125
3020176,19.625
3020177,0.375
3020178,254.0
3020179,17.125
3020180,11.25
3020181,11.25
3020182,111.625
3020183,9.25
3020184,256.7835
3020185,258.5
3020186,4.5
3020187,7.625
3020188,247.56675
3020189,58.425125
3020190,1563.56075
3020191,0.875
3020192,9.4648749375
3020193,14.625
3020194,0.0
3020195,19.75
3020196,6256.125
3020197,0.125
3020198,761.167375
3020199,40.875
3020200,2442.875
3020201,1497.125
3020202,634.4855
3020203,148.625
3020204,212.91725
3020205,8846.75
3020206,139.75
3020207,2.375
3020208,70.625
3020209,52.75
3020210,0.375
3020211,684.75
3020212,38.875
3020213,12.875
3020214,4.25
3020215,228.75
3020216,15.75
3020217,664.6465000000001
3020218,775.375
3020219,21.375
3020220,36.375
3020221,490.858
3020222,98.617875
3020223,2623.6339875
3020224,122.5
3020225,24.779750125
3020226,9.0
3020227,0.0
3020228,5.75
3020229,5582.625
3020230,0.0
3020231,989.7600125
3020232,13.25
3020233,1708.875
3020234,1777.0
3020235,278.831875
3020236,368.375
3020237,392.06687750000003
3020238,5769.5
3020239,54.25
3020240,1.375
3020241,52.375
3020242,41.375
3020243,1.125
3020244,410.875
3020245,3.75
3020246,66.25
3020247,10.0
3020248,294.875
3020249,12.625
3020250,680.0459950000001
3020251,380.0
3020252,27.5
3020253,14.25
3020254,729.22125
3020255,141.029
3020256,5803.953875
3020257,4.75
3020258,54.398875
3020259,13.5
3020260,0.0
3020261,11.125
3020262,5556.625
3020263,0.0
3020264,959.77362875
3020265,16.0
3020266,2033.125
3020267,1313.625
3020268,452.8723725
3020269,236.125
3020270,462.652
3020271,7606.0
3020272,62.125
3020273,4.875
3020274,60.125
3020275,53.375
3020276,0.75
3020277,475.25
3020278,11.875
3020279,78.5
3020280,7.875
3020281,380.375
3020282,14.5
3020283,560.6811250000001
3020284,452.875
3020285,20.25
3020286,32.125
3020287,566.29612125
3020288,129.35425
3020289,5194.102
3020290,4.25
3020291,10.691375
3020292,14.375
3020293,0.125
3020294,6.25
3020295,2687.0
3020296,0.0
3020297,559.92562875
3020298,12.125
3020299,1246.375
3020300,622.5
3020301,303.605625
3020302,107.0
3020303,271.556625
3020304,4100.375
3020305,20.5
3020306,1.625
3020307,37.125
3020308,28.375
3020309,0.25
3020310,270.5
3020311,8.125
3020312,20.625
3020313,8.375
3020314,219.375
3020315,2.625
3020316,359.12275
3020317,314.75
3020318,6.0
3020319,9.875
3020320,245.395625
3020321,73.65837499999999
3020322,2470.2778625
3020323,0.125
3020324,5.125
3020325,9.625
3020326,0.0
3020327,2.125
3020328,3054.75
3020329,0.0
3020330,209.25
3020331,6.375
3020332,1402.75
3020333,264.5
3020334,236.876
3020335,59.625
3020336,68.741875
3020337,3627.75
3020338,7.5
3020339,1.0
3020340,24.75
3020341,14.0
3020342,0.125
3020343,266.75
3020344,0.0
3020345,0.0
3020346,5.125
3020347,38.75
3020348,2.0
3020349,57.66825
3020350,205.375
3020351,0.125
3020352,3.5
3020353,74.0603745
3020354,74.0
3020355,702.5070000000001
3020356,0.0
3020357,3.375
3020358,7.375
3020359,0.125
3020360,6.25
3020361,4372.5
3020362,0.0
3020363,664.1062499999999
3020364,21.625
3020365,1491.5
3020366,1176.0
3020367,406.276125
3020368,212.125
3020369,229.39724999999999
3020370,5732.5
3020371,45.25
3020372,1.875
3020373,42.75
3020374,49.875
3020375,0.25
3020376,412.25
3020377,34.75
3020378,22.75
3020379,12.0
3020380,194.75
3020381,8.625
3020382,542.7425000000001
3020383,381.25
3020384,11.75
3020385,15.25
3020386,654.277875
3020387,129.0358745
3020388,2885.810125
3020389,0.0
3020390,40.081374875
3020391,5.875
3020392,0.0
3020393,4.0
3020394,4009.375
3020395,0.125
3020396,634.610125
3020397,26.625
3020398,914.375
3020399,1207.375
3020400,172.695625
3020401,259.25
3020402,304.375375
3020403,3481.0
3020404,43.5
3020405,3.5
3020406,42.75
3020407,23.125
3020408,0.75
3020409,223.625
3020410,23.0
3020411,57.5
3020412,6.25
3020413,302.75
3020414,14.875
3020415,434.35775
3020416,217.25
3020417,8.125
3020418,17.75
3020419,579.8863775
3020420,144.901375
3020421,4481.61
3020422,0.0
3020423,34.872500125
3020424,7.0
3020425,0.0
3020426,16.375
3020427,6284.5
3020428,0.125
3020429,957.6715
3020430,31.25
3020431,1533.875
3020432,1818.75
3020433,361.11200125
3020434,436.375
3020435,218.249625
3020436,6237.25
3020437,50.375
3020438,5.375
3020439,50.5
3020440,52.125
3020441,1.375
3020442,477.75
3020443,46.0
3020444,51.875
3020445,20.125
3020446,236.0
3020447,25.375
3020448,518.717375
3020449,434.625
3020450,28.375
3020451,27.25
3020452,766.64475
3020453,198.22012375
3020454,5568.658
3020455,0.0
3020456,47.854625
3020457,12.75
3020458,0.875
3020459,10.875
3020460,4171.5
3020461,0.0
3020462,598.5
3020463,31.625
3020464,1941.625
3020465,1001.0
3020466,626.180125
3020467,210.75
3020468,154.7265
3020469,7955.9736250000005
3020470,19.75
3020471,1.5
3020472,60.25
3020473,51.375
3020474,0.375
3020475,530.75
3020476,18.5
3020477,7.875
3020478,7.875
3020479,123.5
3020480,2.375
3020481,382.190125
3020482,553.875
3020483,9.125
3020484,10.625
3020485,515.3833775
3020486,143.5832475
3020487,1770.5771249999998
3020488,40.375
3020489,23.865625125
3020490,2.5
3020491,0.0
3020492,2.375
3020493,1059.0
3020494,0.0
3020495,154.70525
3020496,4.375
3020497,247.125
3020498,328.875
3020499,60.2372505
3020500,70.375
3020501,47.125
3020502,1136.0
3020503,9.375
3020504,1.125
3020505,7.5
3020506,8.875
3020507,0.0
3020508,86.75
3020509,7.75
3020510,11.375
3020511,3.25
3020512,43.375
3020513,2.875
3020514,112.58662425
3020515,66.5
3020516,2.875
3020517,3.0
3020518,134.73312375
3020519,36.997625
3020520,1167.06525
3020521,0.0
3020522,12.6841249625
3020523,1.875
3020524,0.0
3020525,3.375
3020526,1482.375
3020527,0.0
3020528,125.75
3020529,3.625
3020530,809.375
3020531,334.0
3020532,296.375
3020533,55.0
3020534,36.125
3020535,2988.5
3020536,5.875
3020537,0.25
3020538,14.375
3020539,10.625
3020540,0.375
3020541,217.75
3020542,5.375
3020543,0.0
3020544,2.0
3020545,10.25
3020546,0.625
3020547,186.05562625
3020548,216.25
3020549,1.625
3020550,4.625
3020551,205.63162625
3020552,24.375
3020553,274.653625
3020554,0.375
3020555,0.875
3020556,10.125
3020557,0.25
3020558,4.25
3020559,5302.375
3020560,0.0
3020561,780.75
3020562,10.875
3020563,2128.75
3020564,813.875
3020565,594.70225
3020566,252.75
3020567,133.81949875
3020568,8529.12225
3020569,25.625
3020570,1.25
3020571,37.625
3020572,22.75
3020573,0.625
3020574,612.625
3020575,13.0
3020576,2.75
3020577,9.75
3020578,31.375
3020579,3.875
3020580,625.6241299999999
3020581,519.375
3020582,3.875
3020583,15.0
3020584,484.4913775
3020585,88.304
3020586,1603.0691375
3020587,6.5
3020588,17.5
3020589,6.5
3020590,0.0
3020591,1.875
3020592,2010.0
3020593,0.0
3020594,221.75
3020595,9.375
3020596,1160.375
3020597,485.625
3020598,242.25
3020599,68.5
3020600,38.375
3020601,3046.5
3020602,10.375
3020603,1.25
3020604,14.75
3020605,24.0
3020606,0.375
3020607,210.0
3020608,9.75
3020609,0.0
3020610,4.125
3020611,34.875
3020612,1.25
3020613,149.99787625
3020614,222.125
3020615,3.875
3020616,8.125
3020617,170.5043725
3020618,29.375
3020619,389.3405
3020620,1.25
3020621,3.25
3020622,4.625
3020623,0.0
3020624,3.875
3020625,1524.75
3020626,0.0
3020627,154.875
3020628,7.875
3020629,801.0
3020630,292.875
3020631,164.875
3020632,64.25
3020633,31.25
3020634,2530.625
3020635,15.125
3020636,0.125
3020637,16.0
3020638,10.375
3020639,0.0
3020640,158.25
3020641,3.125
3020642,0.0
3020643,3.25
3020644,19.875
3020645,1.625
3020646,106.987375
3020647,182.75
3020648,1.125
3020649,6.75
3020650,109.2495005
3020651,26.625
3020652,197.250875
3020653,1.5
3020654,3.0
3020655,4.875
3020656,0.0
3020657,3.0
3020658,1647.375
3020659,0.0
3020660,161.125
3020661,8.25
3020662,1261.75
3020663,339.0
3020664,193.875
3020665,53.125
3020666,42.322625
3020667,2542.625
3020668,8.625
3020669,0.875
3020670,10.125
3020671,21.0
3020672,0.375
3020673,176.25
3020674,0.75
3020675,0.0
3020676,2.375
3020677,22.625
3020678,2.375
3020679,212.497125
3020680,192.25
3020681,1.75
3020682,4.25
3020683,78.9365
3020684,62.625
3020685,406.490875
3020686,1.5
3020687,3.5
3020688,5.125
3020689,0.875
3020690,4.75
3020691,1507.25
3020692,0.0
3020693,169.75
3020694,2.625
3020695,782.875
3020696,288.625
3020697,225.75
3020698,77.75
3020699,52.5
3020700,2414.375
3020701,5.5
3020702,1.25
3020703,13.375
3020704,15.5
3020705,0.0
3020706,198.625
3020707,8.75
3020708,0.0
3020709,3.5
3020710,14.375
3020711,1.875
3020712,100.72125
3020713,180.625
3020714,1.25
3020715,5.25
3020716,90.887625
3020717,29.875
3020718,540.508
3020719,3.375
3020720,2.875
3020721,6.625
3020722,0.125
3020723,2.875
3020724,1714.5
3020725,0.0
3020726,209.25
3020727,6.625
3020728,1617.375
3020729,366.0
3020730,226.5
3020731,185.75
3020732,42.07937525
3020733,2826.625
3020734,8.25
3020735,0.625
3020736,13.125
3020737,22.125
3020738,0.25
3020739,249.875
3020740,0.0
3020741,0.0
3020742,3.25
3020743,43.125
3020744,1.625
3020745,72.337875
3020746,201.5
3020747,1.25
3020748,4.875
3020749,88.526
3020750,43.375
3020751,620.452
3020752,0.0
3020753,1.5
3020754,12.125
3020755,0.875
3020756,7.375
3020757,4446.5
3020758,0.0
3020759,546.0
3020760,8.75
3020761,1521.5
3020762,1037.375
3020763,714.625
3020764,254.625
3020765,144.0
3020766,6067.125
3020767,19.125
3020768,1.625
3020769,31.5
3020770,35.375
3020771,0.5
3020772,479.875
3020773,2.125
3020774,0.0
3020775,6.375
3020776,51.625
3020777,4.25
3020778,321.528125
3020779,421.375
3020780,3.375
3020781,11.75
3020782,520.1729975
3020783,76.5
3020784,1940.995
3020785,2.5
3020786,28.0
3020787,6.125
3020788,0.125
3020789,7.875
3020790,3087.25
3020791,0.0
3020792,827.875
3020793,8.0
3020794,877.125
3020795,883.5
3020796,295.612
3020797,270.5
3020798,89.125
3020799,3797.57925
3020800,16.5
3020801,1.5
3020802,37.25
3020803,23.875
3020804,0.125
3020805,316.875
3020806,20.125
3020807,4.625
3020808,7.125
3020809,47.875
3020810,2.75
3020811,138.047375
3020812,270.25
3020813,7.25
3020814,11.375
3020815,298.83587625
3020816,72.55262525
3020817,2456.897
3020818,23.0
3020819,24.48825
3020820,8.75
3020821,0.625
3020822,4.375
3020823,2603.0
3020824,0.0
3020825,198.125
3020826,4.5
3020827,924.0
3020828,374.5
3020829,308.125
3020830,82.75
3020831,44.578625
3020832,3401.375
3020833,20.5
3020834,1.875
3020835,15.125
3020836,29.375
3020837,0.5
3020838,202.375
3020839,11.75
3020840,0.0
3020841,5.0
3020842,23.75
3020843,3.25
3020844,133.24375
3020845,214.25
3020846,2.375
3020847,6.625
3020848,79.8514995
3020849,30.125
3020850,509.60825
3020851,0.375
3020852,3.625
3020853,9.375
3020854,0.0
3020855,9.25
3020856,4198.875
3020857,0.0
3020858,828.125
3020859,11.125
3020860,1180.375
3020861,1141.75
3020862,261.830375
3020863,254.625
3020864,137.261375
3020865,5045.125
3020866,62.375
3020867,2.375
3020868,22.625
3020869,35.0
3020870,0.25
3020871,357.5
3020872,42.0
3020873,22.25
3020874,6.5
3020875,91.875
3020876,9.75
3020877,402.2428725
3020878,360.75
3020879,11.875
3020880,12.125
3020881,613.46625
3020882,120.41549875
3020883,3085.5493875
3020884,0.0
3020885,49.84625
3020886,14.75
3020887,0.125
3020888,9.5
3020889,5867.25
3020890,0.0
3020891,1058.75
3020892,10.875
3020893,2498.75
3020894,1369.25
3020895,1036.10625
3020896,222.0
3020897,116.69862499999999
3020898,8919.629
3020899,24.25
3020900,1.625
3020901,37.25
3020902,32.25
3020903,0.25
3020904,647.25
3020905,12.875
3020906,9.25
3020907,7.5
3020908,57.375
3020909,2.75
3020910,483.0472475
3020911,694.375
3020912,8.25
3020913,9.875
3020914,551.19575
3020915,121.6316245
3020916,1809.8492375
3020917,35.5
3020918,26.1612495
3020919,17.875
3020920,1.375
3020921,10.25
3020922,4654.75
3020923,0.0
3020924,849.375
3020925,4.75
3020926,2418.625
3020927,1047.625
3020928,558.8135
3020929,429.875
3020930,111.6261245
3020931,6707.9335
3020932,30.375
3020933,1.25
3020934,53.25
3020935,54.5
3020936,0.625
3020937,540.0
3020938,10.5
3020939,3.75
3020940,17.875
3020941,63.75
3020942,3.25
3020943,181.55349999999999
3020944,508.75
3020945,5.125
3020946,8.75
3020947,256.50475
3020948,213.90087499999998
3020949,1996.9398875
3020950,1.25
3020951,9.75
3020952,6.125
3020953,0.0
3020954,5.5
3020955,1889.625
3020956,0.0
3020957,175.25
3020958,7.25
3020959,788.625
3020960,416.75
3020961,190.125
3020962,69.125
3020963,52.5
3020964,2823.25
3020965,7.125
3020966,0.625
3020967,21.375
3020968,20.5
3020969,0.5
3020970,224.875
3020971,2.625
3020972,0.0
3020973,7.0
3020974,29.0
3020975,4.0
3020976,128.566626125
3020977,205.75
3020978,1.5
3020979,8.125
3020980,167.80512375
3020981,41.375
3020982,499.395875
3020983,1.125
3020984,3.75
3020985,2.75
3020986,0.0
3020987,1.125
3020988,1939.125
3020989,0.0
3020990,268.781
3020991,11.5
3020992,592.125
3020993,570.25
3020994,142.85137500000002
3020995,56.375
3020996,73.966
3020997,2313.0
3020998,18.375
3020999,0.25
3021000,14.25
3021001,10.125
3021002,0.875
3021003,161.0
3021004,16.375
3021005,4.0
3021006,2.5
3021007,45.25
3021008,4.875
3021009,1037.5199937500001
3021010,198.75
3021011,4.25
3021012,6.5
3021013,307.7253725
3021014,33.772375375
3021015,1275.78325
3021016,0.0
3021017,7.945125
3021018,3.625
3021019,0.25
3021020,5.375
3021021,4033.5
3021022,0.25
3021023,821.998375
3021024,11.25
3021025,1131.5
3021026,1389.0
3021027,267.563375
3021028,237.875
3021029,137.175875
3021030,4102.125
3021031,41.125
3021032,1.25
3021033,25.875
3021034,33.875
3021035,0.125
3021036,295.25
3021037,15.25
3021038,37.125
3021039,7.75
3021040,73.375
3021041,10.375
3021042,364.7845
3021043,339.625
3021044,19.875
3021045,12.25
3021046,516.5775
3021047,119.588999875
3021048,3535.77025
3021049,0.0
3021050,22.78825
3021051,4.375
3021052,0.25
3021053,4.5
3021054,2195.5
3021055,0.0
3021056,424.259875
3021057,6.625
3021058,482.25
3021059,622.375
3021060,154.03625
3021061,120.625
3021062,96.076
3021063,2034.875
3021064,28.125
3021065,1.625
3021066,15.5
3021067,17.75
3021068,0.25
3021069,124.0
3021070,0.0
3021071,25.375
3021072,6.25
3021073,155.125
3021074,7.0
3021075,183.15225
3021076,130.0
3021077,5.625
3021078,8.5
3021079,172.692625
3021080,44.123625375
3021081,1571.74
3021082,1.875
3021083,3.375
3021084,6.25
3021085,0.0
3021086,1.0
3021087,1504.75
3021088,0.0
3021089,315.125
3021090,7.375
3021091,641.625
3021092,431.0
3021093,138.038875
3021094,59.75
3021095,43.90137525
3021096,2369.375
3021097,17.0
3021098,1.5
3021099,19.25
3021100,13.5
3021101,0.625
3021102,136.125
3021103,0.375
3021104,8.75
3021105,2.875
3021106,22.5
3021107,0.875
3021108,374.3437525
3021109,176.0
3021110,3.5
3021111,2.125
3021112,209.066125
3021113,41.375
3021114,674.12525
3021115,1.125
3021116,3.375
3021117,13.5
3021118,0.0
3021119,3.875
3021120,5603.25
3021121,0.25
3021122,995.4693749999999
3021123,16.75
3021124,1271.75
3021125,1600.0
3021126,425.427625
3021127,366.125
3021128,184.935
3021129,6159.125
3021130,46.25
3021131,4.0
3021132,38.375
3021133,42.25
3021134,0.375
3021135,389.125
3021136,19.375
3021137,50.875
3021138,11.0
3021139,200.75
3021140,4.75
3021141,365.7748775
3021142,391.0
3021143,13.625
3021144,14.375
3021145,556.966375
3021146,124.96124950000001
3021147,3720.3998625
3021148,3.125
3021149,25.070375
3021150,9.75
3021151,0.0
3021152,6.0
3021153,5957.875
3021154,0.0
3021155,1192.5
3021156,15.375
3021157,1857.125
3021158,1662.625
3021159,623.65975
3021160,418.25
3021161,106.076375
3021162,8205.1865
3021163,28.0
3021164,2.125
3021165,51.25
3021166,30.75
3021167,1.5
3021168,504.625
3021169,0.0
3021170,9.5
3021171,7.75
3021172,62.875
3021173,1.625
3021174,254.183625
3021175,541.875
3021176,8.0
3021177,8.75
3021178,377.4445025
3021179,119.20175
3021180,2298.2972375
3021181,5.5
3021182,6.75
3021183,9.5
3021184,0.625
3021185,5.0
3021186,4926.75
3021187,0.0
3021188,1096.125
3021189,13.125
3021190,1527.0
3021191,1295.875
3021192,447.35275
3021193,352.75
3021194,100.019875
3021195,5969.05475
3021196,34.875
3021197,3.0
3021198,43.625
3021199,27.625
3021200,0.375
3021201,445.5
3021202,0.0
3021203,6.75
3021204,8.625
3021205,97.875
3021206,2.375
3021207,155.17474875
3021208,418.5
3021209,7.0
3021210,6.25
3021211,285.489375
3021212,95.23587549999999
3021213,1744.69525
3021214,4.875
3021215,13.25
3021216,17.125
3021217,1.875
3021218,25.25
3021219,11877.0
3021220,0.0
3021221,1523.762875
3021222,29.625
3021223,2642.0
3021224,2851.625
3021225,482.247375
3021226,665.5
3021227,460.577625
3021228,10338.75
3021229,131.125
3021230,3.5
3021231,79.25
3021232,70.75
3021233,1.0
3021234,788.125
3021235,77.125
3021236,68.25
3021237,27.5
3021238,220.0
3021239,31.75
3021240,910.362375
3021241,820.375
3021242,26.0
3021243,36.75
3021244,1470.472375
3021245,300.54375
3021246,9782.7207875
3021247,2.875
3021248,112.57525
3021249,2.5
3021250,0.375
3021251,0.625
3021252,1663.625
3021253,0.0
3021254,233.25
3021255,6.875
3021256,575.25
3021257,358.0
3021258,142.0
3021259,153.0
3021260,45.32262525
3021261,2029.375
3021262,9.25
3021263,0.75
3021264,18.125
3021265,12.5
3021266,0.25
3021267,143.875
3021268,2.375
3021269,0.0
3021270,3.875
3021271,35.5
3021272,0.625
3021273,61.60725
3021274,112.5
3021275,1.875
3021276,4.625
3021277,124.79537499999999
3021278,24.625
3021279,604.182375
3021280,0.0
3021281,5.375
3021282,10.875
3021283,0.125
3021284,5.875
3021285,5050.25
3021286,0.0
3021287,797.875
3021288,9.75
3021289,1862.875
3021290,1129.375
3021291,347.64212499999996
3021292,399.0
3021293,77.056
3021294,6410.910125
3021295,23.25
3021296,0.5
3021297,43.75
3021298,34.25
3021299,0.375
3021300,465.125
3021301,2.875
3021302,4.125
3021303,12.125
3021304,18.75
3021305,2.5
3021306,476.58137750000003
3021307,449.0
3021308,4.5
3021309,12.625
3021310,160.617625
3021311,102.811
3021312,1596.1466249999999
3021313,3.375
3021314,5.125
3021315,2.25
3021316,0.0
3021317,1.0
3021318,1182.375
3021319,0.0
3021320,184.75
3021321,4.125
3021322,744.875
3021323,261.5
3021324,124.125
3021325,164.625
3021326,24.764375
3021327,1871.75
3021328,2.125
3021329,0.375
3021330,12.125
3021331,3.875
3021332,0.0
3021333,122.625
3021334,0.0
3021335,0.0
3021336,0.25
3021337,41.0
3021338,0.375
3021339,84.170875
3021340,106.0
3021341,0.625
3021342,1.75
3021343,63.609874375000004
3021344,15.0
3021345,245.33800000000002
3021346,0.0
3021347,2.375
3021348,14.125
3021349,0.0
3021350,5.25
3021351,2695.625
3021352,0.0
3021353,365.5
3021354,10.625
3021355,1300.0
3021356,603.5
3021357,230.25
3021358,172.375
3021359,47.979124999999996
3021360,4002.5
3021361,6.375
3021362,0.625
3021363,38.125
3021364,29.375
3021365,0.5
3021366,321.75
3021367,0.0
3021368,0.0
3021369,21.625
3021370,29.125
3021371,2.25
3021372,346.78575
3021373,324.5
3021374,2.875
3021375,7.875
3021376,273.651375
3021377,38.0
3021378,1408.143
3021379,0.0
3021380,1.625
3021381,3.5
3021382,0.25
3021383,1.375
3021384,2805.5
3021385,0.0
3021386,747.5
3021387,6.625
3021388,936.125
3021389,778.0
3021390,262.852
3021391,128.75
3021392,67.901875
3021393,4462.59875
3021394,8.125
3021395,2.5
3021396,32.875
3021397,37.5
3021398,0.5
3021399,235.25
3021400,6.375
3021401,3.875
3021402,4.0
3021403,27.0
3021404,2.25
3021405,170.079125
3021406,274.0
3021407,3.5
3021408,7.0
3021409,148.738625
3021410,31.12225025
3021411,673.154875
3021412,5.25
3021413,4.125
3021414,4.875
3021415,0.0
3021416,1.125
3021417,1833.125
3021418,0.0
3021419,156.125
3021420,3.5
3021421,644.0
3021422,262.75
3021423,116.75
3021424,203.5
3021425,64.0
3021426,2358.26475
3021427,10.375
3021428,0.25
3021429,15.125
3021430,17.75
3021431,0.25
3021432,134.875
3021433,0.0
3021434,0.0
3021435,0.625
3021436,68.75
3021437,1.0
3021438,219.259875
3021439,119.875
3021440,1.0
3021441,1.25
3021442,76.92762475
3021443,27.5
3021444,464.66499999999996
3021445,0.125
3021446,1.125
3021447,6.25
3021448,0.0
3021449,1.375
3021450,3946.875
3021451,0.0
3021452,640.875
3021453,10.25
3021454,1085.25
3021455,868.875
3021456,282.574
3021457,157.0
3021458,107.00825
3021459,4937.720625
3021460,10.125
3021461,0.125
3021462,18.125
3021463,17.375
3021464,0.0
3021465,289.375
3021466,0.0
3021467,29.875
3021468,2.625
3021469,58.875
3021470,1.75
3021471,212.88775
3021472,295.75
3021473,3.5
3021474,5.0
3021475,139.15325075
3021476,50.240125
3021477,1332.7415125
3021478,1.25
3021479,1.5
3021480,3.5
3021481,0.0
3021482,5.875
3021483,2610.625
3021484,0.0
3021485,460.25325
3021486,6.375
3021487,847.625
3021488,781.75
3021489,144.657875
3021490,129.75
3021491,96.208
3021492,3119.0
3021493,50.25
3021494,1.75
3021495,20.75
3021496,20.25
3021497,0.375
3021498,240.0
3021499,30.875
3021500,18.625
3021501,2.25
3021502,83.125
3021503,8.625
3021504,174.6315025
3021505,265.75
3021506,12.375
3021507,14.5
3021508,229.391625
3021509,61.704499999999996
3021510,2150.5376125000003
3021511,0.25
3021512,10.1741249375
3021513,8.875
3021514,0.0
3021515,10.375
3021516,3112.25
3021517,0.0
3021518,611.099
3021519,17.0
3021520,1726.75
3021521,973.25
3021522,190.34625
3021523,137.75
3021524,115.65075
3021525,4945.125
3021526,28.375
3021527,2.875
3021528,35.25
3021529,81.25
3021530,0.625
3021531,477.5
3021532,41.75
3021533,18.0
3021534,10.0
3021535,102.5
3021536,13.5
3021537,150.197625
3021538,525.625
3021539,9.625
3021540,15.625
3021541,152.505875
3021542,95.69825
3021543,2351.930125
3021544,0.125
3021545,19.083499875
3021546,10.0
3021547,0.25
3021548,6.0
3021549,4739.125
3021550,0.0
3021551,927.25
3021552,8.125
3021553,2139.0
3021554,849.0
3021555,269.072375
3021556,387.375
3021557,84.875
3021558,6075.430625
3021559,43.0
3021560,4.0
3021561,26.0
3021562,25.5
3021563,0.375
3021564,496.875
3021565,13.125
3021566,16.25
3021567,9.0
3021568,54.5
3021569,5.25
3021570,172.10287675
3021571,454.25
3021572,10.25
3021573,15.375
3021574,274.99037875
3021575,65.7275
3021576,2016.04125
3021577,4.5
3021578,20.729625
3021579,4.375
3021580,0.125
3021581,7.25
3021582,3864.0
3021583,0.0
3021584,535.0825
3021585,8.0
3021586,1101.75
3021587,1147.125
3021588,271.10575
3021589,228.375
3021590,140.61124999999998
3021591,4690.375
3021592,32.375
3021593,2.375
3021594,18.25
3021595,18.625
3021596,0.375
3021597,363.125
3021598,36.5
3021599,26.25
3021600,2.5
3021601,88.75
3021602,7.375
3021603,411.8475
3021604,368.75
3021605,12.0
3021606,15.5
3021607,559.9330025
3021608,57.616375
3021609,3320.8822499999997
3021610,0.125
3021611,37.911375
3021612,5.5
3021613,0.125
3021614,2.75
3021615,4667.125
3021616,0.0
3021617,500.5
3021618,5.125
3021619,2505.0
3021620,722.5
3021621,315.75
3021622,168.5
3021623,60.22625
3021624,5966.75
3021625,13.125
3021626,2.125
3021627,36.75
3021628,29.125
3021629,0.375
3021630,433.5
3021631,0.0
3021632,0.25
3021633,8.25
3021634,30.625
3021635,3.0
3021636,154.6436275
3021637,371.25
3021638,4.0
3021639,11.125
3021640,175.747625
3021641,63.0
3021642,1096.84425
3021643,0.0
3021644,5.75
3021645,12.375
3021646,0.25
3021647,11.125
3021648,4372.25
3021649,0.0
3021650,765.79649625
3021651,13.375
3021652,1912.5
3021653,1139.375
3021654,371.41425
3021655,212.0
3021656,162.799375
3021657,5588.25
3021658,68.75
3021659,2.375
3021660,34.375
3021661,46.25
3021662,0.5
3021663,431.125
3021664,42.0
3021665,25.25
3021666,15.0
3021667,76.875
3021668,17.875
3021669,276.779125
3021670,544.375
3021671,19.5
3021672,14.625
3021673,267.2054975
3021674,73.4176255
3021675,2860.9936125
3021676,1.25
3021677,10.59575
3021678,5.375
3021679,0.0
3021680,7.75
3021681,3470.875
3021682,0.0
3021683,616.903375
3021684,9.625
3021685,1014.375
3021686,1030.75
3021687,204.896375
3021688,190.625
3021689,112.53887499999999
3021690,4162.75
3021691,44.5
3021692,2.25
3021693,26.5
3021694,20.125
3021695,0.25
3021696,316.0
3021697,33.75
3021698,35.875
3021699,7.25
3021700,64.125
3021701,10.625
3021702,252.39075
3021703,351.0
3021704,10.0
3021705,13.0
3021706,283.72337500000003
3021707,63.77275
3021708,2960.02775
3021709,0.25
3021710,24.990375
3021711,7.125
3021712,0.0
3021713,4.25
3021714,6325.125
3021715,0.0
3021716,820.25
3021717,24.25
3021718,1573.125
3021719,1012.25
3021720,358.56375
3021721,253.25
3021722,72.95475
3021723,6597.097875
3021724,13.625
3021725,0.0
3021726,16.375
3021727,24.875
3021728,0.375
3021729,350.0
3021730,0.0
3021731,12.125
3021732,2.25
3021733,119.25
3021734,1.625
3021735,246.52787375
3021736,402.75
3021737,5.125
3021738,3.125
3021739,312.608375
3021740,176.70487500000002
3021741,1482.2345
3021742,6.125
3021743,2.375
3021744,25.0
3021745,0.0
3021746,27.125
3021747,15172.125
3021748,0.25
3021749,2326.611
3021750,21.75
3021751,3633.75
3021752,3775.5
3021753,868.3618749999999
3021754,961.875
3021755,560.6279999999999
3021756,14457.875
3021757,116.375
3021758,6.25
3021759,160.625
3021760,142.375
3021761,1.75
3021762,1290.375
3021763,57.5
3021764,27.0
3021765,34.625
3021766,347.25
3021767,33.125
3021768,1155.26225
3021769,943.375
3021770,70.75
3021771,53.875
3021772,1701.8333750000002
3021773,348.4427475
3021774,13184.568125
3021775,153.0
3021776,138.292375
3021777,25.125
3021778,0.0
3021779,24.875
3021780,14690.5
3021781,0.0
3021782,1745.080875
3021783,24.5
3021784,3971.5
3021785,3357.375
3021786,1087.52125
3021787,611.625
3021788,454.503125
3021789,16000.75
3021790,182.625
3021791,3.75
3021792,98.375
3021793,104.0
3021794,1.75
3021795,1164.5
3021796,55.0
3021797,48.875
3021798,7.75
3021799,213.25
3021800,28.0
3021801,1569.4667375
3021802,1252.75
3021803,39.75
3021804,46.5
3021805,1885.7107375
3021806,338.7640025
3021807,9032.267875
3021808,296.0
3021809,141.149999375
3021810,18.875
3021811,0.0
3021812,33.0
3021813,10534.875
3021814,0.25
3021815,1412.5
3021816,14.875
3021817,3976.875
3021818,2600.375
3021819,1280.9848749999999
3021820,268.5
3021821,376.05475
3021822,15034.375
3021823,72.25
3021824,5.25
3021825,69.125
3021826,42.0
3021827,1.125
3021828,1128.875
3021829,62.875
3021830,43.0
3021831,11.0
3021832,114.625
3021833,11.75
3021834,1248.698875
3021835,1273.0
3021836,41.875
3021837,76.5
3021838,1354.905
3021839,180.56612375
3021840,4595.159625
3021841,211.125
3021842,82.1925
3021843,22.125
3021844,0.0
3021845,31.25
3021846,14030.75
3021847,0.125
3021848,1609.7825
3021849,15.875
3021850,3553.25
3021851,3125.0
3021852,1035.433875
3021853,552.5
3021854,381.6813775
3021855,14473.125
3021856,77.75
3021857,3.0
3021858,75.5
3021859,120.5
3021860,1.5
3021861,1075.75
3021862,54.0
3021863,46.375
3021864,7.25
3021865,202.5
3021866,17.875
3021867,1157.275625
3021868,1188.0
3021869,39.875
3021870,48.25
3021871,1645.456125
3021872,304.23975
3021873,8200.272875
3021874,233.125
3021875,104.08975050000001
3021876,23.125
3021877,0.0
3021878,36.25
3021879,8957.375
3021880,0.0
3021881,1349.125
3021882,20.125
3021883,3817.875
3021884,2235.0
3021885,1141.453
3021886,242.625
3021887,321.2195
3021888,13897.375
3021889,78.5
3021890,1.875
3021891,47.0
3021892,107.625
3021893,1.0
3021894,1108.5
3021895,46.25
3021896,23.25
3021897,4.375
3021898,107.125
3021899,10.125
3021900,1292.164125
3021901,1292.875
3021902,34.875
3021903,43.5
3021904,1453.89975
3021905,152.31024875
3021906,3508.6968749999996
3021907,151.25
3021908,40.80225
3021909,12.625
3021910,0.0
3021911,20.0
3021912,9754.75
3021913,0.0
3021914,1456.982125
3021915,19.25
3021916,2458.375
3021917,2821.5
3021918,634.797625
3021919,636.125
3021920,420.15975
3021921,10111.0
3021922,84.5
3021923,2.75
3021924,68.25
3021925,58.125
3021926,0.875
3021927,732.25
3021928,30.125
3021929,29.875
3021930,11.25
3021931,248.875
3021932,23.375
3021933,952.447875
3021934,764.375
3021935,31.75
3021936,49.625
3021937,1329.211025
3021938,265.77799875
3021939,9471.85475
3021940,108.5
3021941,85.881126
3021942,9.125
3021943,0.75
3021944,9.0
3021945,2384.875
3021946,0.0
3021947,419.401375
3021948,20.0
3021949,1101.25
3021950,670.75
3021951,261.751875
3021952,110.25
3021953,93.523875
3021954,3553.625
3021955,68.625
3021956,1.625
3021957,29.375
3021958,29.125
3021959,0.375
3021960,288.375
3021961,20.5
3021962,8.0
3021963,14.875
3021964,57.875
3021965,8.625
3021966,265.543875
3021967,314.375
3021968,4.625
3021969,8.5
3021970,270.7015
3021971,59.834374999999994
3021972,1718.78575
3021973,1.0
3021974,11.236875
3021975,14.625
3021976,0.0
3021977,19.625
3021978,6790.0
3021979,0.0
3021980,784.4957499999999
3021981,34.375
3021982,2547.625
3021983,1644.375
3021984,699.0115
3021985,172.0
3021986,170.31525
3021987,9146.0
3021988,150.875
3021989,2.5
3021990,68.375
3021991,138.5
3021992,0.375
3021993,700.25
3021994,36.25
3021995,10.75
3021996,4.375
3021997,117.5
3021998,12.625
3021999,624.4365
3022000,787.125
3022001,21.75
3022002,38.125
3022003,561.62412125
3022004,91.9705
3022005,2850.7385
3022006,152.75
3022007,28.198749874999997
3022008,11.875
3022009,0.0
3022010,8.375
3022011,6636.25
3022012,0.0
3022013,1187.62675
3022014,7.375
3022015,1848.5
3022016,2143.25
3022017,330.165375
3022018,456.0
3022019,292.44675
3022020,7068.625
3022021,64.0
3022022,2.625
3022023,43.375
3022024,49.0
3022025,0.75
3022026,486.25
3022027,10.375
3022028,47.375
3022029,6.625
3022030,145.375
3022031,13.75
3022032,703.76837875
3022033,431.0
3022034,27.625
3022035,13.625
3022036,827.352375
3022037,159.75625125
3022038,6494.804
3022039,10.0
3022040,63.077375
3022041,21.0
3022042,0.0
3022043,11.25
3022044,5831.375
3022045,0.0
3022046,1081.174375
3022047,13.625
3022048,2030.0
3022049,1483.125
3022050,476.11925
3022051,269.625
3022052,288.3745
3022053,7768.375
3022054,74.5
3022055,2.75
3022056,62.0
3022057,71.75
3022058,0.75
3022059,535.25
3022060,14.875
3022061,63.125
3022062,7.625
3022063,171.375
3022064,12.375
3022065,511.05875000000003
3022066,521.75
3022067,17.75
3022068,36.5
3022069,598.06487125
3022070,138.43725
3022071,4924.69975
3022072,7.75
3022073,10.194624875
3022074,14.75
3022075,0.25
3022076,7.875
3022077,3363.5
3022078,0.0
3022079,690.605625
3022080,9.25
3022081,1385.75
3022082,827.375
3022083,350.7891275
3022084,147.75
3022085,131.19774999999998
3022086,4475.125
3022087,25.25
3022088,2.125
3022089,37.75
3022090,33.125
3022091,0.5
3022092,337.875
3022093,10.375
3022094,15.75
3022095,9.875
3022096,96.375
3022097,6.75
3022098,350.1058775
3022099,360.75
3022100,7.125
3022101,10.125
3022102,300.219875
3022103,85.210125
3022104,2690.92525
3022105,1.25
3022106,3.875
3022107,10.375
3022108,0.0
3022109,3.0
3022110,7449.625
3022111,0.0
3022112,412.75
3022113,4.125
3022114,1669.875
3022115,359.125
3022116,316.005375
3022117,89.625
3022118,50.625
3022119,4550.0
3022120,9.625
3022121,1.25
3022122,38.375
3022123,17.625
3022124,0.125
3022125,366.875
3022126,0.0
3022127,0.0
3022128,4.875
3022129,35.0
3022130,1.25
3022131,71.877625
3022132,295.0
3022133,0.125
3022134,2.625
3022135,77.36587399999999
3022136,110.25
3022137,860.709125
3022138,0.0
3022139,3.5
3022140,9.5
3022141,0.125
3022142,11.0
3022143,5501.875
3022144,0.0
3022145,692.716625
3022146,12.5
3022147,1760.375
3022148,1482.0
3022149,474.425375
3022150,280.375
3022151,207.1215
3022152,6839.25
3022153,47.75
3022154,1.75
3022155,42.0
3022156,52.5
3022157,0.25
3022158,565.375
3022159,51.625
3022160,20.75
3022161,9.625
3022162,98.125
3022163,9.875
3022164,594.37874375
3022165,513.75
3022166,14.25
3022167,24.5
3022168,772.888875
3022169,129.929
3022170,3701.563875
3022171,0.0
3022172,59.45137475
3022173,6.0
3022174,0.125
3022175,6.25
3022176,4053.0
3022177,0.125
3022178,647.3465
3022179,14.875
3022180,962.25
3022181,1219.125
3022182,173.654375
3022183,266.875
3022184,225.689125
3022185,3579.125
3022186,33.125
3022187,3.25
3022188,64.25
3022189,22.125
3022190,0.625
3022191,259.0
3022192,19.875
3022193,37.125
3022194,9.375
3022195,197.75
3022196,13.625
3022197,438.599125
3022198,248.0
3022199,9.5
3022200,14.875
3022201,582.079125
3022202,128.24462625
3022203,4648.79725
3022204,0.125
3022205,37.285250250000004
3022206,6.5
3022207,0.75
3022208,14.25
3022209,6420.75
3022210,0.0
3022211,960.1925
3022212,16.125
3022213,1574.375
3022214,1884.125
3022215,382.375
3022216,468.875
3022217,191.519125
3022218,6326.375
3022219,45.75
3022220,5.625
3022221,47.75
3022222,49.875
3022223,0.5
3022224,494.0
3022225,49.0
3022226,37.875
3022227,22.875
3022228,119.25
3022229,20.125
3022230,480.98925
3022231,495.625
3022232,32.5
3022233,24.75
3022234,774.541875
3022235,194.63824875
3022236,6094.1239125
3022237,2.0
3022238,47.11575
3022239,18.0
3022240,0.875
3022241,14.5
3022242,4959.75
3022243,0.0
3022244,708.375
3022245,17.0
3022246,2194.5
3022247,1163.5
3022248,708.303375
3022249,281.625
3022250,138.49375
3022251,8766.976625
3022252,18.0
3022253,2.125
3022254,60.125
3022255,63.75
3022256,0.5
3022257,609.75
3022258,22.375
3022259,5.75
3022260,9.375
3022261,59.75
3022262,4.125
3022263,451.7340025
3022264,624.875
3022265,9.125
3022266,12.0
3022267,593.829375
3022268,140.7885
3022269,2108.172
3022270,56.5
3022271,21.982374874999998
3022272,3.5
3022273,0.0
3022274,4.375
3022275,2293.25
3022276,0.375
3022277,381.910125
3022278,16.0
3022279,693.0
3022280,760.0
3022281,153.877375
3022282,159.5
3022283,131.358625
3022284,2733.625
3022285,20.375
3022286,1.375
3022287,25.875
3022288,29.875
3022289,0.75
3022290,201.5
3022291,15.25
3022292,20.375
3022293,9.625
3022294,60.125
3022295,7.5
3022296,262.79487375
3022297,175.5
3022298,5.25
3022299,8.5
3022300,347.05925
3022301,66.195625
3022302,2584.0995000000003
3022303,0.0
3022304,24.668750375000002
3022305,1.75
3022306,0.0
3022307,4.375
3022308,1245.0
3022309,0.0
3022310,114.75
3022311,2.375
3022312,959.5
3022313,314.5
3022314,283.875
3022315,73.125
3022316,34.52875
3022317,2706.625
3022318,3.375
3022319,0.375
3022320,10.875
3022321,7.875
3022322,0.0
3022323,190.25
3022324,1.875
3022325,0.0
3022326,1.5
3022327,5.625
3022328,0.125
3022329,180.58825124999998
3022330,194.5
3022331,0.875
3022332,3.125
3022333,133.207
3022334,28.125
3022335,243.81625
3022336,0.625
3022337,2.0
3022338,5.5
3022339,0.375
3022340,4.875
3022341,4496.375
3022342,0.0
3022343,692.375
3022344,8.75
3022345,2049.625
3022346,692.25
3022347,581.905875
3022348,354.25
3022349,66.54925
3022350,7766.48425
3022351,18.875
3022352,0.875
3022353,12.875
3022354,22.5
3022355,0.125
3022356,564.125
3022357,11.5
3022358,2.5
3022359,8.0
3022360,27.125
3022361,2.0
3022362,667.61
3022363,428.5
3022364,2.75
3022365,14.625
3022366,277.136125
3022367,107.685375
3022368,1461.1861125
3022369,9.0
3022370,9.125
3022371,5.25
3022372,0.0
3022373,1.625
3022374,1725.875
3022375,0.0
3022376,217.375
3022377,9.5
3022378,1069.75
3022379,445.375
3022380,246.125
3022381,115.5
3022382,36.5455
3022383,3219.625
3022384,6.375
3022385,0.75
3022386,21.625
3022387,18.625
3022388,0.5
3022389,212.625
3022390,6.125
3022391,0.0
3022392,7.5
3022393,16.5
3022394,1.875
3022395,150.2015
3022396,196.25
3022397,1.375
3022398,7.375
3022399,157.532625
3022400,33.75
3022401,338.292875
3022402,0.75
3022403,2.875
3022404,3.875
3022405,0.0
3022406,5.0
3022407,1772.125
3022408,0.0
3022409,156.0
3022410,4.25
3022411,1046.25
3022412,294.0
3022413,179.125
3022414,73.375
3022415,38.0
3022416,2932.375
3022417,12.75
3022418,0.0
3022419,14.25
3022420,12.625
3022421,0.25
3022422,171.125
3022423,2.0
3022424,0.0
3022425,3.75
3022426,20.5
3022427,1.125
3022428,189.6925025
3022429,228.625
3022430,0.5
3022431,5.75
3022432,74.760124375
3022433,24.375
3022434,173.97675
3022435,3.5
3022436,2.25
3022437,4.0
3022438,0.0
3022439,3.25
3022440,1466.125
3022441,0.0
3022442,172.75
3022443,6.25
3022444,1202.75
3022445,406.125
3022446,245.375
3022447,44.75
3022448,31.738125
3022449,3006.75
3022450,7.75
3022451,0.125
3022452,11.25
3022453,27.5
3022454,0.375
3022455,270.75
3022456,1.75
3022457,0.0
3022458,4.25
3022459,9.75
3022460,2.0
3022461,244.484375
3022462,264.625
3022463,1.25
3022464,6.75
3022465,67.184375
3022466,91.375
3022467,411.095
3022468,1.0
3022469,3.5
3022470,3.625
3022471,0.75
3022472,4.875
3022473,1806.5
3022474,0.0
3022475,169.875
3022476,4.25
3022477,1037.25
3022478,404.0
3022479,302.25
3022480,139.75
3022481,60.875
3022482,3020.625
3022483,7.625
3022484,1.125
3022485,14.25
3022486,19.375
3022487,0.25
3022488,254.0
3022489,9.0
3022490,0.0
3022491,5.125
3022492,14.0
3022493,2.0
3022494,152.3912475
3022495,228.75
3022496,0.5
3022497,6.125
3022498,117.28
3022499,40.75
3022500,672.3535
3022501,1.875
3022502,4.625
3022503,4.5
3022504,0.125
3022505,1.375
3022506,1380.625
3022507,0.0
3022508,171.75
3022509,4.75
3022510,1210.375
3022511,265.875
3022512,166.25
3022513,346.125
3022514,23.720250125
3022515,2174.625
3022516,9.0
3022517,0.25
3022518,14.875
3022519,14.375
3022520,0.375
3022521,176.75
3022522,0.0
3022523,0.0
3022524,2.375
3022525,16.0
3022526,1.25
3022527,64.84799975
3022528,144.25
3022529,1.25
3022530,4.0
3022531,73.55675025
3022532,44.25
3022533,566.68725
3022534,0.0
3022535,1.375
3022536,8.75
3022537,1.125
3022538,3.875
3022539,3248.125
3022540,0.0
3022541,342.0
3022542,2.0
3022543,1252.125
3022544,733.125
3022545,531.75
3022546,351.5
3022547,96.86775
3022548,4914.25
3022549,13.625
3022550,1.25
3022551,21.25
3022552,20.25
3022553,0.375
3022554,339.5
3022555,0.25
3022556,0.0
3022557,4.375
3022558,21.625
3022559,3.25
3022560,267.1595
3022561,314.5
3022562,2.0
3022563,9.5
3022564,407.309625
3022565,54.875
3022566,1345.79125
3022567,4.5
3022568,12.375
3022569,2.125
3022570,0.25
3022571,5.875
3022572,2070.5
3022573,0.0
3022574,583.75
3022575,7.25
3022576,600.875
3022577,608.0
3022578,217.808625
3022579,250.875
3022580,55.3875
3022581,2875.0703750000002
3022582,12.375
3022583,1.5
3022584,24.0
3022585,17.375
3022586,0.375
3022587,193.375
3022588,12.0
3022589,6.0
3022590,3.25
3022591,41.125
3022592,1.75
3022593,91.574625
3022594,174.375
3022595,4.0
3022596,6.0
3022597,186.64975
3022598,51.16112475
3022599,1644.544
3022600,20.0
3022601,11.3037500625
3022602,6.75
3022603,0.375
3022604,4.375
3022605,2516.375
3022606,0.0
3022607,186.75
3022608,3.125
3022609,1008.5
3022610,395.75
3022611,311.75
3022612,108.5
3022613,50.79475025
3022614,3663.75
3022615,38.75
3022616,0.625
3022617,16.375
3022618,19.625
3022619,0.375
3022620,205.375
3022621,8.5
3022622,0.0
3022623,4.875
3022624,20.0
3022625,2.125
3022626,150.98437625
3022627,196.0
3022628,1.25
3022629,6.375
3022630,93.342125
3022631,28.25
3022632,510.73537875
3022633,1.875
3022634,5.125
3022635,6.0
3022636,0.0
3022637,7.0
3022638,2984.0
3022639,0.0
3022640,642.665
3022641,8.0
3022642,927.125
3022643,816.125
3022644,217.2065
3022645,176.0
3022646,89.859
3022647,3849.75
3022648,48.5
3022649,1.5
3022650,15.5
3022651,21.125
3022652,0.25
3022653,262.75
3022654,20.25
3022655,11.75
3022656,6.0
3022657,39.625
3022658,9.0
3022659,360.28725
3022660,258.375
3022661,8.0
3022662,9.0
3022663,465.4235025
3022664,121.9756245
3022665,2278.364125
3022666,0.0
3022667,33.963499875
3022668,6.75
3022669,0.25
3022670,5.375
3022671,3218.25
3022672,0.0
3022673,475.5
3022674,5.875
3022675,1557.75
3022676,727.875
3022677,581.087875
3022678,177.625
3022679,61.348625
3022680,5488.4015
3022681,9.5
3022682,0.5
3022683,23.0
3022684,14.75
3022685,0.0
3022686,358.625
3022687,3.0
3022688,6.5
3022689,4.875
3022690,21.25
3022691,1.375
3022692,262.6125
3022693,356.0
3022694,3.875
3022695,6.5
3022696,292.43562625
3022697,55.525125625
3022698,914.71600375
3022699,19.375
3022700,12.974624875
3022701,9.0
3022702,0.25
3022703,4.875
3022704,3485.625
3022705,0.0
3022706,483.0
3022707,5.75
3022708,1550.25
3022709,637.375
3022710,346.938625
3022711,535.125
3022712,68.2387495
3022713,4342.3545
3022714,14.0
3022715,1.375
3022716,34.625
3022717,35.0
3022718,0.5
3022719,354.5
3022720,4.375
3022721,2.5
3022722,9.875
3022723,48.375
3022724,1.625
3022725,113.72387499999999
3022726,326.25
3022727,1.125
3022728,5.0
3022729,161.04150125
3022730,155.1555
3022731,1293.89075
3022732,1.625
3022733,7.875
3022734,6.0
3022735,0.5
3022736,2.0
3022737,1769.5
3022738,0.0
3022739,187.125
3022740,7.625
3022741,736.75
3022742,361.875
3022743,166.25
3022744,81.5
3022745,50.5
3022746,2753.625
3022747,4.375
3022748,0.375
3022749,16.5
3022750,14.5
3022751,0.125
3022752,189.5
3022753,0.125
3022754,0.0
3022755,7.75
3022756,27.125
3022757,2.5
3022758,115.936
3022759,191.375
3022760,1.75
3022761,4.75
3022762,149.080125
3022763,45.875
3022764,664.8065
3022765,0.625
3022766,2.25
3022767,1.75
3022768,0.0
3022769,0.875
3022770,1447.75
3022771,0.0
3022772,287.882625
3022773,8.625
3022774,579.5
3022775,495.25
3022776,131.975875
3022777,49.375
3022778,53.446
3022779,2230.0
3022780,23.25
3022781,0.5
3022782,10.875
3022783,15.875
3022784,0.25
3022785,137.75
3022786,14.0
3022787,2.0
3022788,2.0
3022789,32.125
3022790,4.625
3022791,394.4405
3022792,140.875
3022793,3.875
3022794,5.5
3022795,318.0931275
3022796,29.461625125
3022797,1251.667
3022798,0.0
3022799,7.1087500625
3022800,3.375
3022801,0.0
3022802,5.875
3022803,3612.375
3022804,0.0
3022805,725.155125
3022806,14.875
3022807,1096.625
3022808,1329.0
3022809,275.278625
3022810,239.125
3022811,150.11112500000002
3022812,4162.25
3022813,33.875
3022814,0.625
3022815,16.125
3022816,35.375
3022817,0.0
3022818,263.75
3022819,11.375
3022820,30.375
3022821,13.75
3022822,57.5
3022823,12.375
3022824,367.882875
3022825,264.875
3022826,18.625
3022827,8.75
3022828,516.8631275
3022829,112.86912500000001
3022830,3501.0311125
3022831,0.0
3022832,23.141000125
3022833,2.25
3022834,0.125
3022835,3.375
3022836,1716.5
3022837,0.0
3022838,337.231125
3022839,5.375
3022840,389.625
3022841,497.875
3022842,125.6955
3022843,103.125
3022844,59.24549975
3022845,1624.125
3022846,18.875
3022847,1.125
3022848,12.375
3022849,16.75
3022850,0.125
3022851,92.0
3022852,0.0
3022853,14.25
3022854,2.125
3022855,84.25
3022856,7.125
3022857,158.868875
3022858,89.875
3022859,5.0
3022860,6.625
3022861,141.726375
3022862,31.889500249999998
3022863,1348.9510125
3022864,0.375
3022865,3.75
3022866,4.875
3022867,0.0
3022868,0.0
3022869,1029.0
3022870,0.0
3022871,219.5
3022872,4.75
3022873,420.875
3022874,267.125
3022875,98.485125
3022876,38.25
3022877,31.922625375
3022878,1610.625
3022879,16.375
3022880,0.5
3022881,12.5
3022882,9.0
3022883,0.375
3022884,105.75
3022885,0.125
3022886,4.5
3022887,0.75
3022888,7.875
3022889,0.375
3022890,240.4115
3022891,159.125
3022892,3.125
3022893,1.0
3022894,135.110375
3022895,23.5
3022896,480.459375
3022897,1.125
3022898,1.875
3022899,5.625
3022900,0.25
3022901,4.125
3022902,3607.75
3022903,0.0
3022904,738.00875
3022905,13.625
3022906,1005.5
3022907,1170.375
3022908,295.16475
3022909,275.375
3022910,97.172375
3022911,4355.0
3022912,33.75
3022913,2.0
3022914,26.75
3022915,27.75
3022916,0.625
3022917,296.5
3022918,7.5
3022919,29.75
3022920,7.5
3022921,62.375
3022922,4.5
3022923,320.59175
3022924,273.375
3022925,11.875
3022926,10.75
3022927,454.0313725
3022928,84.0885
3022929,2946.204625
3022930,2.375
3022931,16.194499999999998
3022932,9.0
3022933,0.0
3022934,3.75
3022935,3323.125
3022936,0.0
3022937,682.125
3022938,13.125
3022939,1269.375
3022940,928.0
3022941,353.897375
3022942,378.75
3022943,53.612375
3022944,4885.349625
3022945,15.625
3022946,0.5
3022947,30.75
3022948,17.125
3022949,1.25
3022950,289.125
3022951,0.0
3022952,4.875
3022953,5.875
3022954,25.125
3022955,0.875
3022956,194.86374999999998
3022957,288.0
3022958,4.25
3022959,4.125
3022960,207.986625
3022961,94.13312499999999
3022962,1446.266
3022963,3.0
3022964,4.375
3022965,6.375
3022966,0.375
3022967,3.5
3022968,2976.25
3022969,0.0
3022970,654.5
3022971,9.375
3022972,900.375
3022973,782.625
3022974,270.278875
3022975,468.875
3022976,60.360749999999996
3022977,3878.62125
3022978,15.625
3022979,1.25
3022980,30.125
3022981,20.375
3022982,0.0
3022983,262.75
3022984,0.0
3022985,4.0
3022986,6.25
3022987,42.75
3022988,0.75
3022989,127.1105
3022990,280.375
3022991,5.625
3022992,5.75
3022993,186.695875
3022994,69.21912499999999
3022995,1088.5476375
3022996,1.75
3022997,5.0
3022998,8.875
3022999,1.125
3023000,16.625
3023001,8258.875
3023002,0.0
3023003,1179.6885
3023004,24.375
3023005,2032.25
3023006,2104.25
3023007,369.716625
3023008,490.625
3023009,316.52225
3023010,7802.0
3023011,92.375
3023012,4.125
3023013,48.0
3023014,59.125
3023015,1.625
3023016,517.375
3023017,39.75
3023018,40.25
3023019,20.75
3023020,122.0
3023021,21.875
3023022,651.888125
3023023,512.75
3023024,17.875
3023025,24.25
3023026,1128.0045
3023027,225.20675
3023028,7909.681375
3023029,1.0
3023030,82.6121245
3023031,3.75
3023032,0.625
3023033,1.5
3023034,1606.625
3023035,0.0
3023036,162.0
3023037,2.25
3023038,1952.625
3023039,289.0
3023040,123.625
3023041,214.25
3023042,35.74874975
3023043,1899.5
3023044,9.5
3023045,0.25
3023046,12.875
3023047,6.25
3023048,0.25
3023049,129.25
3023050,0.125
3023051,0.0
3023052,2.875
3023053,27.0
3023054,0.5
3023055,51.016
3023056,161.625
3023057,2.0
3023058,5.625
3023059,98.526375
3023060,20.75
3023061,535.858
3023062,0.0
3023063,6.375
3023064,6.375
3023065,0.375
3023066,1.875
3023067,3732.5
3023068,0.0
3023069,574.25
3023070,9.375
3023071,1138.5
3023072,678.375
3023073,236.469375
3023074,479.75
3023075,56.161875
3023076,4257.853375
3023077,18.75
3023078,0.125
3023079,19.625
3023080,15.625
3023081,0.0
3023082,294.75
3023083,1.125
3023084,5.125
3023085,7.875
3023086,10.125
3023087,1.125
3023088,324.2051275
3023089,259.875
3023090,3.625
3023091,5.0
3023092,124.46487499999999
3023093,61.51287475
3023094,1072.884375
3023095,2.5
3023096,7.625
3023097,1.0
3023098,0.0
3023099,0.625
3023100,942.875
3023101,0.0
3023102,130.625
3023103,2.0
3023104,547.0
3023105,194.625
3023106,108.125
3023107,575.25
3023108,16.188875
3023109,1586.0
3023110,3.25
3023111,0.25
3023112,11.0
3023113,3.75
3023114,0.0
3023115,117.375
3023116,0.0
3023117,0.0
3023118,0.25
3023119,7.25
3023120,0.375
3023121,73.04150025
3023122,86.375
3023123,0.375
3023124,1.875
3023125,58.788250625
3023126,13.75
3023127,179.75650125
3023128,0.0
3023129,2.625
3023130,8.5
3023131,0.0
3023132,3.625
3023133,2314.0
3023134,0.0
3023135,261.75
3023136,3.625
3023137,1034.375
3023138,438.25
3023139,173.25
3023140,467.625
3023141,34.341625
3023142,3236.125
3023143,3.125
3023144,0.625
3023145,32.125
3023146,14.5
3023147,0.125
3023148,225.75
3023149,0.0
3023150,0.0
3023151,12.375
3023152,11.625
3023153,1.625
3023154,223.62587375
3023155,225.625
3023156,1.125
3023157,4.25
3023158,178.19899875
3023159,32.0
3023160,1263.1283875
3023161,0.0
3023162,0.875
3023163,4.625
3023164,0.625
3023165,1.125
3023166,2436.5
3023167,0.0
3023168,698.625
3023169,9.0
3023170,973.0
3023171,673.625
3023172,243.065375
3023173,254.5
3023174,61.625
3023175,3960.06925
3023176,7.5
3023177,3.5
3023178,25.125
3023179,35.875
3023180,0.125
3023181,220.5
3023182,2.75
3023183,6.75
3023184,5.625
3023185,18.5
3023186,1.75
3023187,183.6565
3023188,279.375
3023189,6.625
3023190,6.75
3023191,156.12775
3023192,34.241
3023193,683.880625
3023194,5.0
3023195,3.625
3023196,4.875
3023197,0.0
3023198,0.125
3023199,1506.125
3023200,0.0
3023201,102.375
3023202,1.625
3023203,525.875
3023204,203.0
3023205,92.875
3023206,245.125
3023207,27.25
3023208,2025.0
3023209,5.5
3023210,0.125
3023211,13.625
3023212,6.625
3023213,0.25
3023214,109.375
3023215,0.0
3023216,0.0
3023217,0.875
3023218,11.5
3023219,1.0
3023220,191.419125
3023221,94.875
3023222,0.875
3023223,0.625
3023224,43.2726245
3023225,19.625
3023226,341.4511275
3023227,0.0
3023228,0.625
3023229,4.25
3023230,0.0
3023231,1.375
3023232,3094.0
3023233,0.0
3023234,472.125
3023235,9.75
3023236,857.0
3023237,571.0
3023238,195.30325
3023239,185.625
3023240,59.18825
3023241,3673.190375
3023242,4.75
3023243,0.75
3023244,18.5
3023245,8.625
3023246,0.25
3023247,222.75
3023248,0.0
3023249,13.375
3023250,2.0
3023251,26.0
3023252,0.5
3023253,196.8810025
3023254,220.625
3023255,2.5
3023256,3.75
3023257,119.564375
3023258,47.4825
3023259,1070.9006125
3023260,0.625
3023261,0.375
3023262,4.125
3023263,0.0
3023264,5.875
3023265,3060.5
3023266,0.0
3023267,591.72525
3023268,6.125
3023269,1015.625
3023270,960.0
3023271,170.23762499999998
3023272,141.875
3023273,117.970375
3023274,3874.5
3023275,50.875
3023276,1.375
3023277,28.5
3023278,28.0
3023279,0.25
3023280,268.125
3023281,26.5
3023282,23.25
3023283,2.375
3023284,84.25
3023285,9.5
3023286,206.21500125
3023287,272.625
3023288,11.25
3023289,13.625
3023290,257.7745
3023291,69.5377505
3023292,2559.17825
3023293,0.25
3023294,12.979375000000001
3023295,5.0
3023296,0.0
3023297,7.625
3023298,2131.5
3023299,0.0
3023300,448.9740025
3023301,12.0
3023302,990.125
3023303,735.125
3023304,151.2005
3023305,89.625
3023306,95.99725000000001
3023307,3661.875
3023308,21.625
3023309,1.375
3023310,42.5
3023311,76.25
3023312,0.0
3023313,314.75
3023314,24.0
3023315,14.25
3023316,6.75
3023317,46.5
3023318,9.625
3023319,177.82099937499999
3023320,357.875
3023321,7.875
3023322,7.375
3023323,120.330625
3023324,76.184375
3023325,1915.672375
3023326,0.125
3023327,14.758750000000001
3023328,9.5
3023329,0.125
3023330,4.625
3023331,3811.875
3023332,0.0
3023333,761.625
3023334,4.875
3023335,1928.5
3023336,681.75
3023337,225.292625
3023338,1711.0
3023339,63.514375
3023340,5490.39175
3023341,48.625
3023342,1.25
3023343,21.875
3023344,19.375
3023345,0.125
3023346,385.75
3023347,3.875
3023348,14.75
3023349,6.5
3023350,46.0
3023351,2.875
3023352,183.078625
3023353,322.125
3023354,7.75
3023355,7.25
3023356,230.58212500000002
3023357,56.1935
3023358,1673.139625
3023359,4.0
3023360,16.81375
3023361,1.875
3023362,0.125
3023363,4.5
3023364,2448.5
3023365,0.0
3023366,398.56512499999997
3023367,6.875
3023368,787.625
3023369,753.375
3023370,173.492875
3023371,141.625
3023372,79.90975
3023373,3128.5
3023374,23.375
3023375,0.875
3023376,15.0
3023377,9.375
3023378,0.375
3023379,229.5
3023380,16.125
3023381,15.75
3023382,1.875
3023383,42.375
3023384,6.5
3023385,345.6458725
3023386,215.625
3023387,10.25
3023388,8.625
3023389,368.12125
3023390,47.734875
3023391,2095.92375
3023392,0.0
3023393,23.033875
3023394,3.125
3023395,0.25
3023396,4.125
3023397,4446.125
3023398,0.0
3023399,442.0
3023400,4.125
3023401,1688.25
3023402,720.0
3023403,302.125
3023404,252.75
3023405,62.462625
3023406,5990.125
3023407,7.875
3023408,2.25
3023409,36.75
3023410,28.375
3023411,0.25
3023412,480.0
3023413,0.0
3023414,0.25
3023415,8.0
3023416,17.125
3023417,1.75
3023418,137.190374375
3023419,343.25
3023420,3.625
3023421,8.125
3023422,186.62975125
3023423,67.125
3023424,1255.070875
3023425,0.0
3023426,9.375
3023427,6.5
3023428,0.125
3023429,8.625
3023430,2815.375
3023431,0.0
3023432,504.38925
3023433,7.75
3023434,1048.25
3023435,784.0
3023436,237.445
3023437,148.75
3023438,108.10762375
3023439,3650.75
3023440,34.375
3023441,1.625
3023442,24.25
3023443,27.375
3023444,0.25
3023445,267.625
3023446,11.0
3023447,13.0
3023448,8.5
3023449,52.25
3023450,10.125
3023451,193.81725125
3023452,317.5
3023453,13.625
3023454,8.5
3023455,216.35549875
3023456,51.824125
3023457,2217.2491250000003
3023458,1.25
3023459,7.5575
3023460,2.875
3023461,0.0
3023462,6.625
3023463,2686.125
3023464,0.0
3023465,553.832
3023466,8.625
3023467,785.375
3023468,851.75
3023469,167.97375
3023470,149.75
3023471,103.939375
3023472,3290.5
3023473,32.625
3023474,1.5
3023475,24.5
3023476,13.875
3023477,0.125
3023478,237.5
3023479,14.875
3023480,32.625
3023481,4.375
3023482,41.625
3023483,11.0
3023484,213.0321225
3023485,244.625
3023486,8.75
3023487,8.75
3023488,216.13337625
3023489,52.87087475
3023490,2463.2622625
3023491,0.0
3023492,18.254125000000002
3023493,4.5
3023494,0.125
3023495,3.25
3023496,5956.375
3023497,0.0
3023498,652.875
3023499,10.875
3023500,1279.25
3023501,775.25
3023502,313.26625
3023503,507.125
3023504,59.917
3023505,5214.29
3023506,13.125
3023507,0.0
3023508,16.0
3023509,18.875
3023510,0.0
3023511,277.25
3023512,0.0
3023513,3.125
3023514,1.875
3023515,43.0
3023516,3.375
3023517,221.69750125000002
3023518,304.875
3023519,4.0
3023520,2.625
3023521,182.30799875
3023522,124.316375
3023523,1246.7137500000001
3023524,4.625
3023525,0.625
3023526,15.625
3023527,0.0
3023528,16.625
3023529,9103.375
3023530,0.0
3023531,1584.066625
3023532,20.875
3023533,2496.75
3023534,2329.125
3023535,542.2925
3023536,619.5
3023537,359.9353775
3023538,9479.875
3023539,89.0
3023540,5.25
3023541,91.5
3023542,96.375
3023543,0.875
3023544,698.5
3023545,27.0
3023546,22.625
3023547,23.375
3023548,197.625
3023549,25.25
3023550,782.34737875
3023551,550.625
3023552,29.125
3023553,32.625
3023554,1061.6025
3023555,312.711
3023556,8843.73975
3023557,133.0
3023558,90.596249375
3023559,15.625
3023560,0.0
3023561,12.125
3023562,9234.25
3023563,0.125
3023564,1202.928375
3023565,20.125
3023566,2631.125
3023567,2213.75
3023568,694.3625
3023569,400.125
3023570,282.96825
3023571,11088.125
3023572,129.875
3023573,2.25
3023574,64.0
3023575,77.25
3023576,1.375
3023577,709.25
3023578,21.375
3023579,24.625
3023580,4.25
3023581,125.75
3023582,16.75
3023583,1024.1001375
3023584,756.875
3023585,18.375
3023586,31.0
3023587,1265.15125
3023588,233.9108725
3023589,6094.65225
3023590,211.875
3023591,92.6315
3023592,10.75
3023593,0.0
3023594,17.125
3023595,5876.625
3023596,0.0
3023597,919.125
3023598,11.75
3023599,2248.5
3023600,1766.625
3023601,756.064625
3023602,141.375
3023603,221.36649875
3023604,9044.875
3023605,43.125
3023606,2.625
3023607,28.875
3023608,24.625
3023609,1.125
3023610,632.625
3023611,23.625
3023612,21.375
3023613,8.25
3023614,80.375
3023615,9.125
3023616,950.21825
3023617,713.125
3023618,19.75
3023619,32.375
3023620,739.23725
3023621,163.536875
3023622,2699.71025
3023623,108.375
3023624,41.111125
3023625,14.25
3023626,0.0
3023627,16.375
3023628,7995.5
3023629,0.0
3023630,1157.39475
3023631,18.875
3023632,2523.375
3023633,2071.125
3023634,647.128625
3023635,361.125
3023636,229.51237500000002
3023637,10135.125
3023638,50.75
3023639,1.375
3023640,55.75
3023641,74.75
3023642,0.5
3023643,677.25
3023644,18.875
3023645,24.375
3023646,4.375
3023647,115.75
3023648,12.625
3023649,819.48025
3023650,718.125
3023651,22.5
3023652,25.625
3023653,1290.9175
3023654,233.08450000000002
3023655,5453.752125
3023656,141.5
3023657,75.31375
3023658,12.375
3023659,0.0
3023660,17.375
3023661,4341.5
3023662,0.0
3023663,829.0
3023664,16.75
3023665,2165.125
3023666,1215.5
3023667,625.85175
3023668,110.25
3023669,140.7222495
3023670,8035.375
3023671,37.625
3023672,1.125
3023673,24.5
3023674,64.625
3023675,0.375
3023676,597.25
3023677,16.625
3023678,10.875
3023679,1.25
3023680,70.25
3023681,5.375
3023682,804.170625
3023683,712.375
3023684,18.375
3023685,25.75
3023686,783.1259975
3023687,88.988375
3023688,1825.291
3023689,104.625
3023690,20.538874999999997
3023691,12.375
3023692,0.0
3023693,10.625
3023694,7140.875
3023695,0.0
3023696,1258.434375
3023697,21.0
3023698,2063.125
3023699,2285.75
3023700,444.135125
3023701,505.75
3023702,329.048625
3023703,8303.75
3023704,74.625
3023705,2.875
3023706,50.875
3023707,60.875
3023708,0.5
3023709,540.75
3023710,18.625
3023711,26.25
3023712,13.75
3023713,151.125
3023714,21.625
3023715,811.288375
3023716,568.25
3023717,25.25
3023718,32.75
3023719,1121.2993625
3023720,236.944625
3023721,8139.0553500000005
3023722,117.75
3023723,87.06925
3023724,6.5
3023725,0.375
3023726,6.0
3023727,1990.0
3023728,0.0
3023729,391.584125
3023730,21.25
3023731,982.75
3023732,615.25
3023733,222.2935
3023734,93.25
3023735,87.14375
3023736,3213.0
3023737,55.75
3023738,1.625
3023739,25.5
3023740,24.25
3023741,0.75
3023742,262.125
3023743,12.5
3023744,10.625
3023745,12.25
3023746,30.375
3023747,6.75
3023748,269.22975
3023749,258.5
3023750,3.125
3023751,6.5
3023752,212.95275
3023753,66.869375
3023754,1556.2519875
3023755,1.0
3023756,9.7131249375
3023757,9.25
3023758,0.0
3023759,13.0
3023760,4201.125
3023761,0.0
3023762,618.3455
3023763,33.375
3023764,1801.875
3023765,1159.5
3023766,467.98725
3023767,125.75
3023768,130.83625
3023769,6709.5
3023770,86.75
3023771,0.875
3023772,53.875
3023773,42.125
3023774,0.375
3023775,467.375
3023776,22.125
3023777,10.0
3023778,2.375
3023779,88.5
3023780,9.375
3023781,570.143875
3023782,540.125
3023783,10.625
3023784,20.75
3023785,398.595875
3023786,75.3043755
3023787,2185.867625
3023788,82.875
3023789,16.8845
3023790,6.125
3023791,0.0
3023792,4.875
3023793,4518.625
3023794,0.25
3023795,928.857625
3023796,7.125
3023797,1507.25
3023798,1562.0
3023799,250.95250000000001
3023800,350.125
3023801,216.404625
3023802,5248.25
3023803,49.375
3023804,1.625
3023805,39.375
3023806,42.375
3023807,0.5
3023808,354.5
3023809,1.375
3023810,35.375
3023811,4.625
3023812,76.0
3023813,11.5
3023814,572.089125
3023815,296.625
3023816,22.125
3023817,8.25
3023818,695.485245
3023819,130.92225
3023820,5033.773875
3023821,5.5
3023822,47.26062525
3023823,10.25
3023824,0.0
3023825,8.375
3023826,4417.625
3023827,0.0
3023828,816.256625
3023829,10.375
3023830,1590.875
3023831,1192.875
3023832,342.45225
3023833,222.75
3023834,262.87125000000003
3023835,5915.125
3023836,68.5
3023837,3.625
3023838,42.0
3023839,43.5
3023840,0.375
3023841,344.875
3023842,11.75
3023843,45.25
3023844,8.125
3023845,172.875
3023846,8.0
3023847,445.386375
3023848,337.875
3023849,14.125
3023850,25.25
3023851,483.89462125
3023852,128.444375
3023853,4494.01
3023854,4.5
3023855,7.6221250375
3023856,10.625
3023857,0.125
3023858,2.875
3023859,2232.75
3023860,0.0
3023861,480.5455
3023862,6.125
3023863,957.875
3023864,534.625
3023865,229.60825
3023866,97.0
3023867,91.563875
3023868,3131.75
3023869,16.5
3023870,1.125
3023871,25.0
3023872,24.375
3023873,0.125
3023874,211.125
3023875,4.375
3023876,9.25
3023877,5.25
3023878,43.5
3023879,4.25
3023880,245.919
3023881,232.75
3023882,5.5
3023883,6.625
3023884,179.64525
3023885,56.174
3023886,1861.002125
3023887,0.25
3023888,4.75
3023889,5.875
3023890,0.0
3023891,1.5
3023892,3499.5
3023893,0.0
3023894,286.0
3023895,2.125
3023896,1243.5
3023897,281.5
3023898,246.01162499999998
3023899,78.625
3023900,25.5
3023901,3464.25
3023902,8.25
3023903,1.0
3023904,24.75
3023905,15.5
3023906,0.625
3023907,247.25
3023908,0.0
3023909,0.0
3023910,2.25
3023911,13.5
3023912,0.875
3023913,55.80449975
3023914,200.0
3023915,0.125
3023916,1.75
3023917,70.0904995
3023918,103.5
3023919,634.118375
3023920,0.0
3023921,2.375
3023922,5.0
3023923,0.625
3023924,7.375
3023925,3582.5
3023926,0.0
3023927,591.773625
3023928,11.0
3023929,1264.375
3023930,1037.375
3023931,339.987625
3023932,187.75
3023933,131.002
3023934,5058.75
3023935,38.125
3023936,1.25
3023937,28.25
3023938,48.125
3023939,0.125
3023940,374.875
3023941,20.5
3023942,12.625
3023943,11.625
3023944,43.25
3023945,6.375
3023946,450.7016225
3023947,349.125
3023948,8.75
3023949,12.0
3023950,553.10087875
3023951,78.855248875
3023952,2625.193
3023953,0.0
3023954,38.91437525
3023955,6.125
3023956,0.25
3023957,6.125
3023958,4177.375
3023959,0.125
3023960,734.023
3023961,15.5
3023962,1253.5
3023963,1421.375
3023964,207.3765
3023965,325.625
3023966,207.626125
3023967,4422.875
3023968,46.25
3023969,3.5
3023970,34.75
3023971,47.375
3023972,0.875
3023973,291.75
3023974,16.375
3023975,33.875
3023976,9.875
3023977,91.75
3023978,13.625
3023979,500.1078775
3023980,302.25
3023981,9.375
3023982,12.875
3023983,709.758125
3023984,141.561
3023985,5801.826
3023986,0.625
3023987,48.29662525
3023988,5.375
3023989,0.375
3023990,9.375
3023991,4211.75
3023992,0.0
3023993,813.646375
3023994,17.875
3023995,1235.875
3023996,1385.625
3023997,274.895375
3023998,317.25
3023999,154.90074875
3024000,4707.5
3024001,37.0
3024002,4.25
3024003,30.75
3024004,41.875
3024005,0.375
3024006,344.75
3024007,25.5
3024008,31.25
3024009,24.5
3024010,97.0
3024011,15.75
3024012,427.844
3024013,336.125
3024014,21.0
3024015,19.875
3024016,602.68125
3024017,140.647375
3024018,4354.6651249999995
3024019,0.25
3024020,37.666375
3024021,11.125
3024022,0.0
3024023,8.0
3024024,3726.75
3024025,0.0
3024026,591.875
3024027,10.25
3024028,1837.5
3024029,886.375
3024030,566.068125
3024031,350.375
3024032,81.68325
3024033,6961.85825
3024034,11.75
3024035,1.5
3024036,52.25
3024037,42.875
3024038,0.25
3024039,463.0
3024040,12.375
3024041,6.0
3024042,6.875
3024043,32.25
3024044,3.75
3024045,353.965875
3024046,480.875
3024047,8.125
3024048,8.0
3024049,410.95637750000003
3024050,111.04662625
3024051,1545.92
3024052,49.5
3024053,14.9041249375
3024054,5.25
3024055,0.0
3024056,4.125
3024057,2346.375
3024058,0.125
3024059,350.0463775
3024060,18.375
3024061,736.625
3024062,689.375
3024063,134.37675000000002
3024064,131.875
3024065,118.5672505
3024066,2792.625
3024067,25.625
3024068,2.75
3024069,25.125
3024070,29.125
3024071,0.125
3024072,196.875
3024073,12.625
3024074,18.875
3024075,10.875
3024076,76.125
3024077,6.125
3024078,280.98225
3024079,162.5
3024080,5.0
3024081,11.125
3024082,332.6672525
3024083,60.2305
3024084,2266.18375
3024085,0.0
3024086,28.73349975
3024087,0.875
3024088,0.0
3024089,3.0
3024090,1337.875
3024091,0.0
3024092,111.125
3024093,2.625
3024094,711.5
3024095,305.375
3024096,255.875
3024097,39.25
3024098,30.5
3024099,2599.375
3024100,4.75
3024101,0.125
3024102,9.875
3024103,8.0
3024104,0.125
3024105,174.375
3024106,3.5
3024107,0.0
3024108,0.5
3024109,8.625
3024110,0.75
3024111,187.18912625000002
3024112,169.25
3024113,1.25
3024114,3.625
3024115,138.68399875
3024116,24.625
3024117,342.590875
3024118,2.75
3024119,4.5
3024120,7.375
3024121,0.25
3024122,5.125
3024123,4377.0
3024124,0.0
3024125,855.625
3024126,9.5
3024127,1971.5
3024128,675.25
3024129,524.9855
3024130,358.625
3024131,83.271125
3024132,7679.566375
3024133,26.5
3024134,0.75
3024135,21.0
3024136,18.125
3024137,0.125
3024138,516.875
3024139,10.625
3024140,2.875
3024141,10.375
3024142,22.375
3024143,2.25
3024144,686.8975025
3024145,437.5
3024146,1.75
3024147,12.75
3024148,533.13037875
3024149,118.88525
3024150,2318.99025
3024151,10.0
3024152,9.375
3024153,4.625
3024154,0.0
3024155,1.375
3024156,1559.25
3024157,0.0
3024158,172.375
3024159,8.75
3024160,933.0
3024161,391.5
3024162,218.75
3024163,53.75
3024164,35.46825025
3024165,2717.0
3024166,8.875
3024167,0.5
3024168,15.125
3024169,17.75
3024170,0.5
3024171,178.125
3024172,5.875
3024173,0.0
3024174,6.0
3024175,21.5
3024176,1.5
3024177,187.683125
3024178,179.375
3024179,1.375
3024180,5.875
3024181,165.6376275
3024182,37.75
3024183,431.1800025
3024184,1.875
3024185,6.375
3024186,5.25
3024187,0.0
3024188,4.125
3024189,1381.0
3024190,0.0
3024191,138.75
3024192,3.75
3024193,854.375
3024194,277.25
3024195,169.75
3024196,45.875
3024197,30.625
3024198,2622.0
3024199,8.875
3024200,0.0
3024201,16.0
3024202,7.625
3024203,0.0
3024204,144.375
3024205,1.0
3024206,0.0
3024207,2.875
3024208,25.125
3024209,1.25
3024210,197.80037875
3024211,185.625
3024212,0.625
3024213,7.5
3024214,96.566
3024215,24.125
3024216,236.44725
3024217,1.5
3024218,4.25
3024219,3.5
3024220,0.0
3024221,3.25
3024222,1464.0
3024223,0.0
3024224,177.125
3024225,7.5
3024226,1182.125
3024227,380.5
3024228,270.0
3024229,34.25
3024230,42.223125
3024231,3024.625
3024232,11.375
3024233,0.25
3024234,8.75
3024235,20.0
3024236,0.0
3024237,220.375
3024238,0.25
3024239,0.0
3024240,2.875
3024241,15.25
3024242,1.875
3024243,237.45625125
3024244,278.75
3024245,0.75
3024246,5.25
3024247,65.671375
3024248,94.625
3024249,514.295125
3024250,0.75
3024251,4.25
3024252,4.625
3024253,0.875
3024254,3.625
3024255,1698.25
3024256,0.0
3024257,159.25
3024258,1.875
3024259,911.5
3024260,367.75
3024261,265.875
3024262,86.125
3024263,64.0
3024264,2809.5
3024265,9.625
3024266,0.75
3024267,13.125
3024268,21.875
3024269,0.25
3024270,233.125
3024271,9.125
3024272,0.0
3024273,2.875
3024274,16.125
3024275,1.375
3024276,144.47062625
3024277,187.125
3024278,0.875
3024279,5.25
3024280,119.65612437499999
3024281,52.125
3024282,1049.06225
3024283,0.375
3024284,5.75
3024285,3.875
3024286,0.0
3024287,0.625
3024288,1401.125
3024289,0.0
3024290,165.0
3024291,5.25
3024292,781.75
3024293,256.75
3024294,172.75
3024295,120.125
3024296,23.806875124999998
3024297,1961.0
3024298,3.75
3024299,0.125
3024300,9.875
3024301,11.375
3024302,0.0
3024303,161.875
3024304,0.0
3024305,0.0
3024306,3.125
3024307,11.75
3024308,1.625
3024309,57.62425
3024310,131.875
3024311,0.75
3024312,3.25
3024313,73.25337425000001
3024314,39.25
3024315,946.07975
3024316,0.0
3024317,1.25
3024318,6.75
3024319,0.625
3024320,2.25
3024321,3068.875
3024322,0.0
3024323,339.875
3024324,4.875
3024325,1181.75
3024326,701.375
3024327,501.25
3024328,196.25
3024329,102.0
3024330,4672.0
3024331,17.0
3024332,2.375
3024333,19.625
3024334,22.375
3024335,0.375
3024336,298.5
3024337,1.0
3024338,0.0
3024339,6.625
3024340,17.125
3024341,2.375
3024342,306.9672525
3024343,280.0
3024344,2.25
3024345,6.25
3024346,365.415625
3024347,55.125
3024348,2262.86875
3024349,7.125
3024350,16.125
3024351,3.0
3024352,0.5
3024353,4.625
3024354,2386.875
3024355,0.0
3024356,627.0
3024357,7.0
3024358,653.375
3024359,659.5
3024360,231.61825000000002
3024361,185.375
3024362,54.229375
3024363,3072.094625
3024364,16.0
3024365,0.875
3024366,16.625
3024367,16.0
3024368,0.5
3024369,206.25
3024370,7.5
3024371,7.625
3024372,5.375
3024373,39.625
3024374,1.625
3024375,107.92425
3024376,170.0
3024377,4.625
3024378,7.5
3024379,198.60874875
3024380,66.51924975
3024381,3490.680375
3024382,16.875
3024383,15.7325
3024384,6.375
3024385,0.5
3024386,4.125
3024387,2386.25
3024388,0.0
3024389,177.375
3024390,7.75
3024391,849.5
3024392,332.75
3024393,315.75
3024394,66.75
3024395,37.25
3024396,3169.375
3024397,21.0
3024398,0.875
3024399,12.5
3024400,13.5
3024401,0.125
3024402,184.625
3024403,6.5
3024404,0.0
3024405,4.625
3024406,52.0
3024407,2.375
3024408,146.23162375
3024409,165.125
3024410,1.25
3024411,4.0
3024412,111.6998745
3024413,29.125
3024414,570.979125
3024415,2.5
3024416,5.25
3024417,3.625
3024418,0.0
3024419,6.0
3024420,2643.5
3024421,0.0
3024422,605.032
3024423,10.5
3024424,893.75
3024425,760.375
3024426,196.951
3024427,160.375
3024428,92.490125
3024429,3620.625
3024430,36.5
3024431,0.875
3024432,14.125
3024433,21.5
3024434,0.25
3024435,241.125
3024436,19.5
3024437,10.875
3024438,4.5
3024439,52.875
3024440,7.25
3024441,413.4389975
3024442,244.5
3024443,8.625
3024444,8.0
3024445,407.211
3024446,99.842
3024447,2090.460375
3024448,0.0
3024449,27.68550025
3024450,5.75
3024451,0.0
3024452,5.0
3024453,3192.0
3024454,0.0
3024455,439.25
3024456,5.625
3024457,1573.125
3024458,668.125
3024459,619.142625
3024460,100.125
3024461,69.99575
3024462,4950.308625
3024463,8.875
3024464,0.75
3024465,15.125
3024466,12.5
3024467,0.0
3024468,323.625
3024469,2.0
3024470,6.25
3024471,5.125
3024472,27.125
3024473,1.125
3024474,281.734375
3024475,311.5
3024476,3.375
3024477,3.75
3024478,269.07550000000003
3024479,55.045625125
3024480,1304.893
3024481,24.125
3024482,8.587875
3024483,9.375
3024484,0.75
3024485,5.0
3024486,3178.375
3024487,0.0
3024488,471.625
3024489,6.125
3024490,1496.25
3024491,648.625
3024492,340.829875
3024493,277.25
3024494,76.38375
3024495,4179.931875
3024496,19.125
3024497,0.375
3024498,37.125
3024499,27.75
3024500,0.375
3024501,329.375
3024502,3.125
3024503,3.25
3024504,10.875
3024505,68.25
3024506,2.125
3024507,118.3735
3024508,282.0
3024509,2.5
3024510,7.25
3024511,175.393375
3024512,145.599375
3024513,2331.3047500000002
3024514,0.75
3024515,9.625
3024516,6.0
3024517,0.25
3024518,2.375
3024519,1680.375
3024520,0.0
3024521,133.75
3024522,5.75
3024523,643.375
3024524,319.375
3024525,158.875
3024526,56.5
3024527,42.15575
3024528,2457.125
3024529,9.5
3024530,1.625
3024531,24.875
3024532,18.0
3024533,0.125
3024534,177.0
3024535,1.125
3024536,0.0
3024537,5.25
3024538,31.625
3024539,3.25
3024540,101.2365
3024541,145.25
3024542,1.25
3024543,7.5
3024544,145.0616225
3024545,32.375
3024546,598.437375
3024547,1.0
3024548,2.625
3024549,1.625
3024550,0.0
3024551,1.375
3024552,1427.5
3024553,0.0
3024554,260.251
3024555,10.0
3024556,535.5
3024557,462.625
3024558,117.714625
3024559,48.875
3024560,56.49075
3024561,2077.75
3024562,28.25
3024563,0.875
3024564,13.5
3024565,11.625
3024566,0.5
3024567,129.0
3024568,12.5
3024569,0.875
3024570,3.125
3024571,33.25
3024572,5.25
3024573,676.641875
3024574,135.625
3024575,2.875
3024576,3.75
3024577,358.2276225
3024578,30.692375
3024579,1169.1097375
3024580,0.0
3024581,9.252
3024582,2.375
3024583,0.5
3024584,4.125
3024585,3283.125
3024586,0.0
3024587,689.58825
3024588,14.625
3024589,1093.0
3024590,1203.75
3024591,253.783875
3024592,210.875
3024593,145.658125
3024594,3806.875
3024595,31.25
3024596,0.875
3024597,23.25
3024598,35.5
3024599,0.0
3024600,245.25
3024601,15.75
3024602,33.625
3024603,10.125
3024604,67.75
3024605,9.0
3024606,366.02425
3024607,258.625
3024608,17.875
3024609,8.25
3024610,504.649625
3024611,103.894874875
3024612,3294.2035
3024613,0.0
3024614,24.43187525
3024615,3.25
3024616,0.0
3024617,3.0
3024618,1456.625
3024619,0.0
3024620,266.0585
3024621,3.375
3024622,342.0
3024623,449.25
3024624,117.318625
3024625,86.75
3024626,55.0275
3024627,1519.75
3024628,16.5
3024629,0.5
3024630,17.5
3024631,10.75
3024632,0.5
3024633,76.625
3024634,0.0
3024635,12.375
3024636,3.125
3024637,119.375
3024638,6.0
3024639,152.60025000000002
3024640,87.125
3024641,3.625
3024642,5.75
3024643,133.916375
3024644,27.198499875
3024645,1063.108625
3024646,1.0
3024647,2.375
3024648,4.125
3024649,0.0
3024650,0.25
3024651,973.0
3024652,0.0
3024653,211.375
3024654,4.75
3024655,369.625
3024656,212.5
3024657,73.97887475
3024658,32.0
3024659,30.28987525
3024660,1470.75
3024661,15.375
3024662,1.0
3024663,8.25
3024664,9.125
3024665,0.375
3024666,74.75
3024667,0.0
3024668,3.5
3024669,0.625
3024670,10.0
3024671,0.5
3024672,189.757375
3024673,119.0
3024674,2.5
3024675,0.875
3024676,117.73287625
3024677,30.25
3024678,395.978
3024679,0.5
3024680,1.625
3024681,5.375
3024682,0.25
3024683,2.625
3024684,2764.25
3024685,0.125
3024686,574.54024875
3024687,12.625
3024688,838.0
3024689,887.625
3024690,255.19062375
3024691,207.75
3024692,85.338874375
3024693,3494.125
3024694,25.25
3024695,3.875
3024696,29.75
3024697,20.75
3024698,0.125
3024699,235.125
3024700,5.5
3024701,28.625
3024702,7.75
3024703,64.625
3024704,2.625
3024705,264.404625
3024706,209.875
3024707,8.375
3024708,7.375
3024709,358.1261225
3024710,65.356125
3024711,2255.2151125
3024712,0.625
3024713,11.82375
3024714,8.25
3024715,0.125
3024716,5.125
3024717,3356.5
3024718,0.0
3024719,692.25
3024720,13.375
3024721,1408.75
3024722,995.875
3024723,395.49575
3024724,314.875
3024725,71.97975
3024726,4909.2411250000005
3024727,14.5
3024728,1.125
3024729,34.75
3024730,14.5
3024731,1.375
3024732,312.0
3024733,0.0
3024734,6.75
3024735,4.5
3024736,26.375
3024737,1.75
3024738,227.466375
3024739,391.25
3024740,3.875
3024741,4.25
3024742,231.05787375
3024743,86.20037500000001
3024744,3051.268375
3024745,2.25
3024746,5.125
3024747,7.375
3024748,0.25
3024749,3.0
3024750,3176.375
3024751,0.0
3024752,713.125
3024753,11.375
3024754,1120.125
3024755,729.375
3024756,284.855125
3024757,221.625
3024758,56.30675
3024759,4221.844625
3024760,19.5
3024761,1.125
3024762,30.625
3024763,19.0
3024764,0.125
3024765,263.875
3024766,0.0
3024767,6.125
3024768,5.125
3024769,59.875
3024770,2.25
3024771,139.98224925
3024772,317.125
3024773,6.25
3024774,4.25
3024775,215.27725
3024776,68.455125
3024777,2476.018375
3024778,2.5
3024779,6.5
3024780,11.375
3024781,0.875
3024782,12.375
3024783,7324.25
3024784,0.0
3024785,1086.9405
3024786,26.375
3024787,1897.0
3024788,1856.5
3024789,329.460625
3024790,423.625
3024791,292.77925
3024792,7124.375
3024793,68.125
3024794,3.25
3024795,44.875
3024796,60.625
3024797,0.875
3024798,490.625
3024799,32.125
3024800,49.625
3024801,21.875
3024802,149.0
3024803,22.375
3024804,631.2495
3024805,462.25
3024806,18.75
3024807,21.5
3024808,1007.2606249999999
3024809,248.604625
3024810,6707.8391249999995
3024811,0.875
3024812,76.7638755
3024813,3.125
3024814,0.375
3024815,1.25
3024816,1953.375
3024817,0.0
3024818,182.625
3024819,4.5
3024820,1440.5
3024821,296.625
3024822,129.875
3024823,124.0
3024824,48.814499749999996
3024825,2281.0
3024826,3.0
3024827,0.25
3024828,13.5
3024829,9.875
3024830,0.375
3024831,213.5
3024832,0.5
3024833,0.0
3024834,1.875
3024835,24.75
3024836,0.125
3024837,81.25425
3024838,107.0
3024839,1.5
3024840,6.75
3024841,113.34649900000001
3024842,28.375
3024843,1309.421875
3024844,0.125
3024845,4.875
3024846,6.375
3024847,0.375
3024848,3.375
3024849,3919.375
3024850,0.0
3024851,612.625
3024852,9.375
3024853,1266.875
3024854,691.25
3024855,234.731875
3024856,329.125
3024857,92.92337500000001
3024858,4534.607375
3024859,13.375
3024860,0.25
3024861,22.125
3024862,20.625
3024863,0.0
3024864,287.75
3024865,1.375
3024866,5.0
3024867,10.25
3024868,16.375
3024869,1.5
3024870,341.1039975
3024871,309.5
3024872,3.75
3024873,7.125
3024874,137.50225
3024875,63.30825
3024876,2960.1076375000002
3024877,2.5
3024878,5.625
3024879,1.5
3024880,0.0
3024881,0.625
3024882,1171.0
3024883,0.0
3024884,109.375
3024885,5.0
3024886,1390.5
3024887,152.375
3024888,98.5
3024889,151.75
3024890,18.063
3024891,1809.375
3024892,1.75
3024893,0.375
3024894,7.0
3024895,3.125
3024896,0.125
3024897,89.625
3024898,0.0
3024899,0.0
3024900,0.375
3024901,9.625
3024902,0.0
3024903,71.042125
3024904,75.0
3024905,1.125
3024906,2.25
3024907,53.561999875
3024908,11.0
3024909,368.343625
3024910,0.0
3024911,1.875
3024912,10.125
3024913,0.0
3024914,2.5
3024915,2126.125
3024916,0.0
3024917,260.125
3024918,10.25
3024919,1088.375
3024920,398.125
3024921,199.875
3024922,126.0
3024923,47.26862525
3024924,3094.5
3024925,3.625
3024926,0.75
3024927,26.125
3024928,17.0
3024929,0.625
3024930,217.5
3024931,0.0
3024932,0.0
3024933,13.75
3024934,16.875
3024935,2.125
3024936,253.08175
3024937,213.25
3024938,1.625
3024939,5.5
3024940,222.151
3024941,37.625
3024942,2364.816875
3024943,0.0
3024944,1.875
3024945,3.5
3024946,0.0
3024947,2.375
3024948,2141.125
3024949,0.0
3024950,642.125
3024951,6.75
3024952,859.25
3024953,569.75
3024954,225.57025
3024955,121.75
3024956,55.332625
3024957,3696.968875
3024958,7.375
3024959,5.125
3024960,30.625
3024961,40.0
3024962,0.0
3024963,207.875
3024964,1.625
3024965,2.5
3024966,2.75
3024967,14.0
3024968,2.125
3024969,164.307625
3024970,249.125
3024971,4.125
3024972,4.25
3024973,133.1728745
3024974,38.105625
3024975,1140.867625
3024976,4.125
3024977,2.875
3024978,3.0
3024979,0.0
3024980,0.5
3024981,1155.75
3024982,0.0
3024983,120.25
3024984,2.625
3024985,398.75
3024986,149.125
3024987,86.5
3024988,106.75
3024989,26.75
3024990,1812.375
3024991,4.0
3024992,0.0
3024993,7.875
3024994,5.625
3024995,0.125
3024996,95.0
3024997,0.0
3024998,0.0
3024999,1.125
3025000,22.125
3025001,0.5
3025002,206.72500125
3025003,87.75
3025004,0.625
3025005,0.75
3025006,40.971500375
3025007,16.125
3025008,665.262375
3025009,0.0
3025010,1.0
3025011,2.375
3025012,0.0
3025013,1.375
3025014,3168.625
3025015,0.0
3025016,593.75
3025017,8.0
3025018,923.25
3025019,710.75
3025020,226.3995
3025021,151.875
3025022,63.5035
3025023,4250.909000000001
3025024,12.625
3025025,0.125
3025026,43.5
3025027,11.25
3025028,0.125
3025029,235.5
3025030,0.0
3025031,25.25
3025032,2.625
3025033,34.625
3025034,1.25
3025035,237.25500375000001
3025036,219.0
3025037,3.875
3025038,5.875
3025039,145.89625
3025040,47.224125
3025041,2754.9613625
3025042,1.0
3025043,1.5
3025044,7.0
3025045,0.0
3025046,7.0
3025047,2729.875
3025048,0.0
3025049,528.89675
3025050,11.0
3025051,1040.25
3025052,861.75
3025053,142.91312499999998
3025054,122.5
3025055,114.88525
3025056,3775.875
3025057,50.375
3025058,1.375
3025059,23.25
3025060,28.375
3025061,0.625
3025062,251.5
3025063,21.625
3025064,28.875
3025065,2.875
3025066,78.875
3025067,9.75
3025068,235.09675125
3025069,257.375
3025070,9.375
3025071,12.125
3025072,237.8430025
3025073,66.28824925
3025074,2301.17325
3025075,0.0
3025076,10.2258749625
3025077,4.5
3025078,0.0
3025079,6.125
3025080,2561.0
3025081,0.0
3025082,386.4875025
3025083,12.0
3025084,850.375
3025085,729.625
3025086,140.503375
3025087,76.875
3025088,93.90275
3025089,3224.125
3025090,26.5
3025091,1.375
3025092,25.875
3025093,53.0
3025094,0.125
3025095,280.5
3025096,20.875
3025097,16.25
3025098,8.625
3025099,106.0
3025100,8.875
3025101,118.0262495
3025102,290.75
3025103,8.625
3025104,10.5
3025105,101.46875
3025106,66.5993745
3025107,1656.543375
3025108,3.375
3025109,13.69975
3025110,10.875
3025111,0.5
3025112,2.75
3025113,4035.0
3025114,0.0
3025115,720.125
3025116,5.75
3025117,1716.125
3025118,696.125
3025119,217.77525
3025120,323.0
3025121,69.16175
3025122,5363.861375
3025123,34.25
3025124,0.625
3025125,24.0
3025126,17.625
3025127,0.125
3025128,448.75
3025129,5.625
3025130,13.625
3025131,7.75
3025132,35.75
3025133,3.25
3025134,169.88575
3025135,321.875
3025136,7.0
3025137,11.375
3025138,200.008125
3025139,57.19199975
3025140,2863.484375
3025141,2.25
3025142,17.02325
3025143,2.75
3025144,0.0
3025145,4.625
3025146,2199.0
3025147,0.125
3025148,332.008625
3025149,4.875
3025150,815.125
3025151,642.625
3025152,175.6685
3025153,127.0
3025154,73.918625
3025155,3224.125
3025156,22.0
3025157,1.0
3025158,13.25
3025159,10.75
3025160,0.375
3025161,222.875
3025162,21.0
3025163,17.5
3025164,1.75
3025165,42.375
3025166,6.875
3025167,342.48975375
3025168,213.375
3025169,4.375
3025170,7.125
3025171,346.431
3025172,50.745
3025173,1914.2862499999999
3025174,0.0
3025175,24.838124875
3025176,3.875
3025177,0.5
3025178,3.625
3025179,4325.875
3025180,0.0
3025181,465.5
3025182,5.5
3025183,2435.5
3025184,639.5
3025185,310.875
3025186,200.25
3025187,74.801375
3025188,5333.875
3025189,11.125
3025190,2.25
3025191,32.0
3025192,29.125
3025193,0.25
3025194,508.5
3025195,0.0
3025196,0.0
3025197,8.25
3025198,41.375
3025199,1.75
3025200,141.225125
3025201,303.375
3025202,2.75
3025203,13.125
3025204,181.71049875
3025205,61.625
3025206,2204.628625
3025207,0.0
3025208,5.0
3025209,6.375
3025210,0.0
3025211,7.0
3025212,2109.75
3025213,0.0
3025214,425.212375
3025215,7.25
3025216,1091.875
3025217,631.0
3025218,205.414625
3025219,119.125
3025220,93.30975000000001
3025221,3388.5
3025222,28.0
3025223,2.375
3025224,31.375
3025225,45.0
3025226,0.5
3025227,236.0
3025228,16.375
3025229,15.75
3025230,6.625
3025231,58.875
3025232,7.875
3025233,162.644
3025234,407.875
3025235,12.75
3025236,9.5
3025237,186.91787499999998
3025238,46.2665
3025239,1830.02425
3025240,0.875
3025241,5.5280000000000005
3025242,3.5
3025243,0.0
3025244,4.75
3025245,2724.25
3025246,0.0
3025247,440.07425
3025248,8.625
3025249,783.5
3025250,784.625
3025251,156.042875
3025252,118.75
3025253,110.0811245
3025254,3052.0
3025255,25.625
3025256,1.125
3025257,35.125
3025258,25.625
3025259,0.0
3025260,200.25
3025261,15.5
3025262,32.25
3025263,2.75
3025264,40.0
3025265,7.25
3025266,213.73074875
3025267,211.0
3025268,8.5
3025269,8.75
3025270,215.41675
3025271,54.55499975
3025272,2177.038375
3025273,0.125
3025274,15.225875
3025275,3.875
3025276,0.0
3025277,4.375
3025278,4955.875
3025279,0.0
3025280,570.75
3025281,14.5
3025282,1175.5
3025283,669.625
3025284,270.73975
3025285,197.125
3025286,56.237125
3025287,4949.394625
3025288,10.0
3025289,0.0
3025290,17.0
3025291,17.125
3025292,0.125
3025293,250.125
3025294,0.0
3025295,6.25
3025296,1.0
3025297,42.125
3025298,2.125
3025299,228.97824875
3025300,268.0
3025301,3.25
3025302,1.625
3025303,267.302125
3025304,150.58275
3025305,1972.0603625
3025306,4.75
3025307,0.375
3025308,9.75
3025309,0.0
3025310,10.875
3025311,7918.625
3025312,0.0
3025313,1451.793625
3025314,28.875
3025315,2330.25
3025316,2068.0
3025317,477.53249999999997
3025318,509.625
3025319,389.397875
3025320,8645.375
3025321,89.875
3025322,3.0
3025323,118.5
3025324,117.0
3025325,0.625
3025326,624.125
3025327,24.125
3025328,20.0
3025329,21.0
3025330,220.375
3025331,17.75
3025332,719.76024625
3025333,508.5
3025334,30.125
3025335,35.25
3025336,905.8836249999999
3025337,292.518375
3025338,7328.874625
3025339,98.25
3025340,84.758875
3025341,14.125
3025342,0.0
3025343,11.875
3025344,7465.375
3025345,0.0
3025346,1035.4805000000001
3025347,22.5
3025348,2363.875
3025349,1898.625
3025350,604.832
3025351,310.125
3025352,234.98075
3025353,9647.5
3025354,124.75
3025355,2.25
3025356,66.25
3025357,80.875
3025358,0.875
3025359,603.375
3025360,22.0
3025361,29.5
3025362,5.125
3025363,138.875
3025364,17.125
3025365,897.096625
3025366,621.375
3025367,20.625
3025368,23.625
3025369,1090.148375
3025370,199.5905025
3025371,4888.115125
3025372,193.75
3025373,72.793125
3025374,12.0
3025375,0.0
3025376,14.875
3025377,4841.5
3025378,0.0
3025379,772.375
3025380,14.625
3025381,2027.125
3025382,1250.0
3025383,655.306875
3025384,118.25
3025385,200.977625
3025386,7940.625
3025387,49.25
3025388,2.875
3025389,37.25
3025390,20.625
3025391,0.125
3025392,553.25
3025393,24.0
3025394,20.625
3025395,6.5
3025396,74.75
3025397,9.0
3025398,875.64487125
3025399,634.0
3025400,19.75
3025401,34.625
3025402,647.14688
3025403,117.310376125
3025404,2133.699
3025405,129.125
3025406,35.47912475
3025407,14.75
3025408,0.0
3025409,18.25
3025410,6950.25
3025411,0.25
3025412,1023.1865
3025413,22.5
3025414,2194.625
3025415,1870.875
3025416,565.89825
3025417,309.0
3025418,218.32975
3025419,9224.625
3025420,42.125
3025421,1.875
3025422,50.25
3025423,67.5
3025424,1.375
3025425,579.875
3025426,22.125
3025427,25.75
3025428,12.375
3025429,134.75
3025430,11.125
3025431,769.571875
3025432,639.875
3025433,19.875
3025434,24.125
3025435,1040.7105
3025436,193.3835
3025437,4664.284475
3025438,178.5
3025439,58.54699975
3025440,12.0
3025441,0.0
3025442,15.5
3025443,3968.0
3025444,0.0
3025445,656.139875
3025446,13.5
3025447,1941.375
3025448,1031.375
3025449,477.01
3025450,89.5
3025451,148.26425
3025452,6874.0
3025453,42.0
3025454,0.375
3025455,27.25
3025456,33.25
3025457,0.25
3025458,529.875
3025459,19.0
3025460,8.375
3025461,1.625
3025462,73.25
3025463,6.25
3025464,756.7547500000001
3025465,673.5
3025466,14.625
3025467,17.625
3025468,679.7623725
3025469,70.826999875
3025470,1504.038125
3025471,90.25
3025472,17.447875
3025473,12.625
3025474,0.0
3025475,13.0
3025476,5973.0
3025477,0.0
3025478,1057.61762875
3025479,27.625
3025480,1784.625
3025481,1948.875
3025482,384.854375
3025483,439.625
3025484,277.79075
3025485,7316.0
3025486,80.375
3025487,0.875
3025488,54.875
3025489,48.5
3025490,0.625
3025491,491.125
3025492,15.5
3025493,28.5
3025494,13.25
3025495,147.25
3025496,15.125
3025497,663.868495
3025498,475.625
3025499,15.375
3025500,26.25
3025501,905.74224625
3025502,203.3661225
3025503,6464.239375
3025504,114.0
3025505,69.890000375
3025506,7.5
3025507,0.25
3025508,6.0
3025509,1688.125
3025510,0.0
3025511,361.948625
3025512,18.25
3025513,825.125
3025514,516.375
3025515,215.45475
3025516,81.0
3025517,73.617875
3025518,2797.875
3025519,45.125
3025520,1.0
3025521,24.625
3025522,19.0
3025523,0.75
3025524,229.75
3025525,13.25
3025526,7.75
3025527,10.375
3025528,36.125
3025529,6.0
3025530,231.9503775
3025531,232.875
3025532,2.875
3025533,5.5
3025534,227.6907475
3025535,50.7165
3025536,1489.086875
3025537,1.25
3025538,11.816250125
3025539,10.625
3025540,0.0
3025541,12.5
3025542,4109.5
3025543,0.125
3025544,514.547875
3025545,35.875
3025546,1597.625
3025547,1055.0
3025548,404.503125
3025549,90.375
3025550,109.34700050000001
3025551,6162.375
3025552,89.875
3025553,2.0
3025554,46.25
3025555,31.75
3025556,0.25
3025557,412.125
3025558,12.5
3025559,5.125
3025560,3.625
3025561,89.75
3025562,7.5
3025563,524.8501225
3025564,457.5
3025565,10.25
3025566,23.0
3025567,371.7925
3025568,67.01149975
3025569,1953.935125
3025570,129.75
3025571,15.269874875
3025572,7.75
3025573,0.0
3025574,4.5
3025575,3941.0
3025576,0.25
3025577,739.535625
3025578,9.125
3025579,1330.875
3025580,1359.5
3025581,211.10399999999998
3025582,311.75
3025583,199.04375
3025584,4619.375
3025585,42.0
3025586,3.125
3025587,35.875
3025588,48.125
3025589,0.375
3025590,315.375
3025591,3.0
3025592,35.375
3025593,6.5
3025594,79.75
3025595,8.875
3025596,527.646
3025597,269.5
3025598,19.5
3025599,11.875
3025600,621.76724625
3025601,94.070375
3025602,4562.897
3025603,4.0
3025604,41.44
3025605,6.5
3025606,0.0
3025607,8.25
3025608,3841.0
3025609,0.0
3025610,633.11
3025611,9.375
3025612,1347.125
3025613,959.5
3025614,332.20525
3025615,168.25
3025616,241.71724999999998
3025617,4912.5
3025618,35.875
3025619,2.5
3025620,50.25
3025621,48.375
3025622,0.0
3025623,307.25
3025624,6.375
3025625,36.625
3025626,7.25
3025627,138.25
3025628,7.75
3025629,374.806875
3025630,273.125
3025631,12.375
3025632,19.0
3025633,368.7512475
3025634,122.525125
3025635,3522.176375
3025636,5.125
3025637,8.49475
3025638,7.75
3025639,0.375
3025640,4.5
3025641,1977.875
3025642,0.0
3025643,426.060375
3025644,4.875
3025645,841.625
3025646,480.25
3025647,194.306375
3025648,84.875
3025649,91.48762500000001
3025650,2660.625
3025651,18.375
3025652,1.25
3025653,17.5
3025654,18.375
3025655,0.125
3025656,204.25
3025657,4.125
3025658,12.5
3025659,5.25
3025660,37.0
3025661,4.0
3025662,226.145625
3025663,193.0
3025664,4.25
3025665,6.25
3025666,157.71575
3025667,48.099375
3025668,1492.2295
3025669,0.25
3025670,4.125
3025671,6.5
3025672,0.0
3025673,0.875
3025674,3245.625
3025675,0.0
3025676,273.375
3025677,2.125
3025678,1156.125
3025679,250.375
3025680,237.636
3025681,86.625
3025682,32.25
3025683,3302.625
3025684,10.0
3025685,0.875
3025686,18.25
3025687,15.75
3025688,0.125
3025689,246.875
3025690,0.0
3025691,0.0
3025692,4.375
3025693,36.0
3025694,0.5
3025695,53.771625
3025696,167.375
3025697,0.125
3025698,3.25
3025699,71.16875
3025700,88.0
3025701,926.667
3025702,0.0
3025703,5.75
3025704,5.75
3025705,0.375
3025706,6.75
3025707,3164.5
3025708,0.0
3025709,524.6475
3025710,10.625
3025711,1177.875
3025712,904.875
3025713,334.249
3025714,154.875
3025715,134.915625
3025716,4441.25
3025717,33.75
3025718,1.125
3025719,19.75
3025720,73.875
3025721,0.25
3025722,311.75
3025723,21.875
3025724,12.25
3025725,4.5
3025726,50.875
3025727,5.625
3025728,427.338375
3025729,327.375
3025730,11.0
3025731,11.875
3025732,506.5406225
3025733,86.19449987499999
3025734,2096.49575
3025735,0.0
3025736,35.898
3025737,4.75
3025738,0.25
3025739,6.5
3025740,3842.75
3025741,0.125
3025742,658.899625
3025743,19.375
3025744,1251.375
3025745,1245.25
3025746,190.97162500000002
3025747,278.0
3025748,205.401125
3025749,4082.75
3025750,41.125
3025751,3.25
3025752,64.25
3025753,29.625
3025754,1.375
3025755,259.25
3025756,12.0
3025757,47.25
3025758,9.25
3025759,97.0
3025760,13.0
3025761,462.7771225
3025762,274.0
3025763,7.75
3025764,14.0
3025765,657.832375
3025766,123.56725125
3025767,4869.100125
3025768,0.5
3025769,42.93162475
3025770,3.625
3025771,0.75
3025772,8.125
3025773,3844.5
3025774,0.0
3025775,790.082125
3025776,19.25
3025777,1143.75
3025778,1217.5
3025779,239.7165
3025780,261.625
3025781,150.68875
3025782,4445.0
3025783,30.0
3025784,3.5
3025785,44.0
3025786,41.5
3025787,0.375
3025788,313.875
3025789,32.25
3025790,29.75
3025791,24.5
3025792,102.375
3025793,12.75
3025794,371.991625
3025795,286.875
3025796,14.875
3025797,21.0
3025798,513.708
3025799,122.3709995
3025800,3776.466875
3025801,0.25
3025802,28.868750249999998
3025803,13.625
3025804,0.25
3025805,6.75
3025806,3364.875
3025807,0.0
3025808,528.5
3025809,16.375
3025810,1757.25
3025811,780.125
3025812,549.967625
3025813,218.5
3025814,87.9003755
3025815,6508.316625
3025816,13.125
3025817,1.125
3025818,50.125
3025819,39.375
3025820,0.125
3025821,436.375
3025822,13.25
3025823,8.125
3025824,8.5
3025825,34.5
3025826,3.5
3025827,367.27725
3025828,473.125
3025829,5.875
3025830,5.875
3025831,389.57275
3025832,103.607124625
3025833,2281.27025
3025834,63.125
3025835,12.9714999375
3025836,3.875
3025837,0.0
3025838,3.875
3025839,2438.0
3025840,0.0
3025841,405.2156275
3025842,12.375
3025843,806.875
3025844,824.875
3025845,146.6815
3025846,155.5
3025847,160.6795
3025848,3017.75
3025849,23.75
3025850,1.875
3025851,32.25
3025852,24.375
3025853,0.25
3025854,218.375
3025855,19.25
3025856,27.0
3025857,8.875
3025858,84.125
3025859,6.625
3025860,288.186125
3025861,175.125
3025862,4.5
3025863,12.75
3025864,352.9220025
3025865,64.70187475
3025866,4091.219525
3025867,0.0
3025868,29.526625
3025869,1.125
3025870,0.0
3025871,2.0
3025872,1068.625
3025873,0.0
3025874,85.625
3025875,3.125
3025876,636.875
3025877,388.375
3025878,223.0
3025879,32.375
3025880,30.375
3025881,2223.875
3025882,3.75
3025883,0.5
3025884,12.5
3025885,7.25
3025886,0.125
3025887,156.25
3025888,1.875
3025889,0.0
3025890,1.5
3025891,8.75
3025892,0.5
3025893,161.596375
3025894,148.875
3025895,0.125
3025896,2.25
3025897,138.9047495
3025898,21.0
3025899,221.660875
3025900,0.0
3025901,2.875
3025902,4.5
3025903,0.375
3025904,4.0
3025905,4040.75
3025906,0.0
3025907,605.125
3025908,11.25
3025909,1889.5
3025910,636.5
3025911,446.000875
3025912,169.0
3025913,75.18775
3025914,6779.6251250000005
3025915,35.625
3025916,0.375
3025917,23.0
3025918,15.875
3025919,0.125
3025920,480.875
3025921,17.0
3025922,0.875
3025923,10.25
3025924,40.375
3025925,1.625
3025926,639.87750125
3025927,391.75
3025928,3.0
3025929,12.75
3025930,395.2972525
3025931,102.092375
3025932,1194.984625
3025933,9.5
3025934,11.375
3025935,5.0
3025936,0.0
3025937,1.375
3025938,1464.375
3025939,0.0
3025940,173.875
3025941,6.75
3025942,795.75
3025943,528.75
3025944,205.875
3025945,60.125
3025946,33.75
3025947,2815.25
3025948,12.375
3025949,0.375
3025950,13.5
3025951,16.75
3025952,0.375
3025953,169.875
3025954,6.75
3025955,0.0
3025956,3.0
3025957,29.125
3025958,1.625
3025959,150.59012425
3025960,166.125
3025961,1.25
3025962,4.625
3025963,151.988749375
3025964,33.75
3025965,333.30075
3025966,2.625
3025967,6.5
3025968,5.125
3025969,0.0
3025970,3.875
3025971,1309.75
3025972,0.0
3025973,117.75
3025974,6.0
3025975,606.125
3025976,298.0
3025977,142.125
3025978,62.25
3025979,26.665625
3025980,2578.25
3025981,12.125
3025982,0.125
3025983,8.25
3025984,7.625
3025985,0.25
3025986,130.75
3025987,1.5
3025988,0.0
3025989,2.125
3025990,33.375
3025991,0.875
3025992,135.97925125
3025993,167.125
3025994,0.625
3025995,4.0
3025996,54.667375
3025997,19.75
3025998,158.97687374999998
3025999,0.0
3026000,2.875
3026001,2.75
3026002,0.0
3026003,2.875
3026004,1378.25
3026005,0.0
3026006,156.375
3026007,5.875
3026008,996.0
3026009,451.125
3026010,238.625
3026011,29.25
3026012,37.47125
3026013,2707.625
3026014,12.25
3026015,0.25
3026016,12.125
3026017,17.875
3026018,0.25
3026019,188.625
3026020,1.5
3026021,0.0
3026022,2.75
3026023,17.25
3026024,1.75
3026025,158.042
3026026,257.25
3026027,1.375
3026028,4.75
3026029,69.64724925
3026030,93.0
3026031,338.586625
3026032,0.75
3026033,3.625
3026034,2.125
3026035,4.375
3026036,2.75
3026037,1526.625
3026038,0.0
3026039,132.875
3026040,2.375
3026041,811.125
3026042,402.875
3026043,244.75
3026044,87.75
3026045,63.5
3026046,2590.5
3026047,10.0
3026048,0.5
3026049,23.375
3026050,18.625
3026051,0.5
3026052,219.625
3026053,9.875
3026054,0.0
3026055,5.375
3026056,24.125
3026057,1.625
3026058,129.79087575
3026059,173.125
3026060,1.125
3026061,6.0
3026062,104.48937562500001
3026063,41.5
3026064,599.6537525
3026065,1.0
3026066,8.125
3026067,4.75
3026068,0.0
3026069,2.125
3026070,1180.0
3026071,0.0
3026072,132.125
3026073,3.875
3026074,750.125
3026075,271.25
3026076,140.75
3026077,116.375
3026078,28.195000125
3026079,1973.625
3026080,5.25
3026081,0.625
3026082,11.0
3026083,11.0
3026084,0.25
3026085,146.75
3026086,0.0
3026087,0.0
3026088,1.625
3026089,43.25
3026090,0.5
3026091,54.94287525
3026092,125.5
3026093,0.75
3026094,2.5
3026095,68.842000375
3026096,32.625
3026097,463.110875
3026098,0.0
3026099,2.375
3026100,5.25
3026101,0.25
3026102,2.75
3026103,2501.0
3026104,0.0
3026105,306.25
3026106,5.25
3026107,978.5
3026108,1024.125
3026109,438.75
3026110,126.25
3026111,81.125
3026112,3855.0
3026113,9.875
3026114,0.5
3026115,19.5
3026116,20.875
3026117,0.125
3026118,263.5
3026119,0.25
3026120,0.0
3026121,4.375
3026122,21.25
3026123,3.125
3026124,255.72
3026125,240.0
3026126,2.125
3026127,6.0
3026128,293.171
3026129,54.875
3026130,1193.180625
3026131,0.0
3026132,9.375
3026133,4.25
3026134,0.25
3026135,2.375
3026136,1885.0
3026137,0.0
3026138,517.125
3026139,5.5
3026140,491.375
3026141,710.625
3026142,181.280875
3026143,153.875
3026144,56.875
3026145,2424.0254999999997
3026146,12.125
3026147,0.875
3026148,18.25
3026149,13.0
3026150,0.25
3026151,167.875
3026152,13.0
3026153,4.0
3026154,4.875
3026155,57.625
3026156,3.0
3026157,77.2825
3026158,138.625
3026159,3.625
3026160,5.375
3026161,154.293625
3026162,63.68012575
3026163,1220.16925
3026164,6.625
3026165,8.972125
3026166,5.125
3026167,0.375
3026168,2.75
3026169,2124.0
3026170,0.0
3026171,133.5
3026172,4.875
3026173,762.25
3026174,334.5
3026175,254.625
3026176,43.125
3026177,48.697625
3026178,2809.5
3026179,24.75
3026180,1.125
3026181,11.375
3026182,12.125
3026183,0.125
3026184,153.0
3026185,5.875
3026186,0.0
3026187,4.625
3026188,18.5
3026189,2.25
3026190,119.2842495
3026191,138.5
3026192,0.75
3026193,5.0
3026194,79.77775025
3026195,24.0
3026196,345.435625
3026197,0.25
3026198,2.5
3026199,4.625
3026200,0.0
3026201,6.625
3026202,2825.0
3026203,0.0
3026204,626.87225
3026205,13.0
3026206,926.625
3026207,805.125
3026208,200.75900000000001
3026209,157.25
3026210,101.406875
3026211,3760.25
3026212,42.25
3026213,0.5
3026214,17.25
3026215,84.0
3026216,0.125
3026217,248.75
3026218,17.5
3026219,19.375
3026220,6.625
3026221,58.875
3026222,7.75
3026223,385.8366225
3026224,246.375
3026225,8.75
3026226,8.875
3026227,448.97975
3026228,106.36525
3026229,3251.56525
3026230,0.0
3026231,33.626625
3026232,8.625
3026233,0.125
3026234,4.625
3026235,2660.5
3026236,0.0
3026237,395.625
3026238,5.5
3026239,1118.375
3026240,871.375
3026241,479.5335
3026242,73.625
3026243,58.706
3026244,4239.5782500000005
3026245,13.375
3026246,0.625
3026247,20.0
3026248,10.125
3026249,0.0
3026250,288.625
3026251,3.375
3026252,6.875
3026253,3.625
3026254,41.25
3026255,1.25
3026256,250.33924875
3026257,291.625
3026258,3.5
3026259,4.375
3026260,212.1415
3026261,49.898250000000004
3026262,766.29912875
3026263,13.0
3026264,10.801
3026265,9.0
3026266,0.625
3026267,4.5
3026268,2266.375
3026269,0.0
3026270,368.75
3026271,4.25
3026272,1298.125
3026273,653.375
3026274,257.21375
3026275,226.25
3026276,78.121
3026277,3390.5682500000003
3026278,18.375
3026279,0.875
3026280,28.25
3026281,90.0
3026282,0.25
3026283,270.0
3026284,2.0
3026285,4.0
3026286,10.0
3026287,73.875
3026288,1.5
3026289,101.854375
3026290,246.875
3026291,4.0
3026292,3.0
3026293,144.55462625
3026294,125.75300125000001
3026295,1094.10375
3026296,0.625
3026297,4.625
3026298,4.125
3026299,0.125
3026300,3.125
3026301,1331.875
3026302,0.0
3026303,120.625
3026304,5.5
3026305,642.0
3026306,333.375
3026307,145.125
3026308,43.5
3026309,36.491125
3026310,2296.375
3026311,12.25
3026312,0.75
3026313,18.125
3026314,17.375
3026315,0.0
3026316,163.625
3026317,1.375
3026318,0.0
3026319,6.0
3026320,50.125
3026321,1.375
3026322,112.442747125
3026323,144.0
3026324,1.5
3026325,5.25
3026326,130.197500375
3026327,40.875
3026328,378.6175
3026329,0.25
3026330,2.0
3026331,2.75
3026332,0.0
3026333,1.375
3026334,1512.875
3026335,0.25
3026336,275.582375
3026337,9.5
3026338,588.875
3026339,480.375
3026340,130.915
3026341,50.0
3026342,66.255625
3026343,2274.25
3026344,32.625
3026345,0.625
3026346,17.25
3026347,11.625
3026348,0.0
3026349,136.125
3026350,14.75
3026351,2.25
3026352,4.0
3026353,36.375
3026354,3.375
3026355,668.906125
3026356,150.375
3026357,4.625
3026358,6.625
3026359,331.0526275
3026360,38.48325
3026361,1550.897125
3026362,0.0
3026363,7.709875
3026364,2.75
3026365,0.0
3026366,4.75
3026367,3489.0
3026368,0.125
3026369,767.688
3026370,10.25
3026371,1234.625
3026372,1317.75
3026373,279.625875
3026374,242.0
3026375,186.266375
3026376,4373.875
3026377,35.125
3026378,0.75
3026379,22.125
3026380,32.875
3026381,0.125
3026382,295.25
3026383,10.125
3026384,50.25
3026385,8.375
3026386,79.25
3026387,11.125
3026388,410.467375
3026389,268.0
3026390,16.375
3026391,8.875
3026392,577.72362125
3026393,117.705375
3026394,6055.126375
3026395,0.0
3026396,23.82325
3026397,1.375
3026398,0.0
3026399,2.75
3026400,1731.375
3026401,0.0
3026402,340.025625
3026403,5.0
3026404,383.125
3026405,494.75
3026406,129.844125
3026407,101.125
3026408,69.685375
3026409,1719.375
3026410,15.375
3026411,0.375
3026412,13.75
3026413,17.625
3026414,0.25
3026415,90.25
3026416,0.0
3026417,35.375
3026418,2.125
3026419,111.875
3026420,4.625
3026421,228.7285
3026422,84.25
3026423,4.125
3026424,5.125
3026425,170.99087624999999
3026426,35.490750125
3026427,2622.1655
3026428,1.25
3026429,2.25
3026430,4.75
3026431,0.0
3026432,0.0
3026433,902.375
3026434,0.0
3026435,195.5
3026436,7.0
3026437,509.625
3026438,231.125
3026439,71.62
3026440,29.5
3026441,26.989624875
3026442,1397.375
3026443,13.375
3026444,0.5
3026445,13.375
3026446,12.0
3026447,0.0
3026448,69.25
3026449,0.25
3026450,4.0
3026451,0.25
3026452,19.25
3026453,0.625
3026454,246.52050125
3026455,93.25
3026456,1.75
3026457,1.25
3026458,120.202874375
3026459,18.0
3026460,997.31075
3026461,0.625
3026462,2.0
3026463,5.375
3026464,0.5
3026465,1.875
3026466,2881.5
3026467,0.0
3026468,627.514125
3026469,8.625
3026470,955.875
3026471,933.625
3026472,262.602
3026473,243.5
3026474,98.739
3026475,3702.75
3026476,21.0
3026477,3.375
3026478,28.75
3026479,28.375
3026480,0.625
3026481,242.0
3026482,4.0
3026483,31.0
3026484,6.0
3026485,81.375
3026486,3.625
3026487,273.13587375
3026488,212.0
3026489,10.625
3026490,10.75
3026491,362.4022475
3026492,78.934625
3026493,4118.45975
3026494,1.625
3026495,20.293125
3026496,6.75
3026497,0.0
3026498,2.375
3026499,2355.5
3026500,0.0
3026501,509.5
3026502,18.25
3026503,837.0
3026504,799.5
3026505,288.606375
3026506,191.125
3026507,50.54024975
3026508,3522.042
3026509,9.5
3026510,0.5
3026511,28.0
3026512,13.625
3026513,0.5
3026514,220.5
3026515,0.0
3026516,6.75
3026517,4.75
3026518,30.0
3026519,0.875
3026520,180.04637499999998
3026521,249.375
3026522,5.625
3026523,3.25
3026524,160.6706255
3026525,66.9959995
3026526,1141.9455
3026527,2.875
3026528,1.75
3026529,6.5
3026530,0.875
3026531,1.875
3026532,2376.0
3026533,0.0
3026534,506.875
3026535,8.375
3026536,800.125
3026537,714.375
3026538,221.04425
3026539,135.375
3026540,55.24375
3026541,3087.810625
3026542,12.125
3026543,0.75
3026544,21.375
3026545,16.125
3026546,0.375
3026547,195.0
3026548,0.0
3026549,6.625
3026550,7.125
3026551,67.75
3026552,0.5
3026553,99.3926255
3026554,188.875
3026555,4.5
3026556,3.5
3026557,145.367374375
3026558,59.177625
3026559,851.3885
3026560,1.25
3026561,4.5
3026562,10.625
3026563,1.375
3026564,11.25
3026565,7652.625
3026566,0.0
3026567,1254.041375
3026568,28.125
3026569,2054.5
3026570,2100.125
3026571,310.731625
3026572,469.875
3026573,343.769
3026574,7910.0
3026575,79.75
3026576,3.625
3026577,75.125
3026578,48.25
3026579,1.5
3026580,495.125
3026581,36.125
3026582,84.375
3026583,21.25
3026584,173.0
3026585,19.125
3026586,668.22038375
3026587,476.375
3026588,16.875
3026589,20.5
3026590,1060.747625
3026591,227.4828725
3026592,10640.468
3026593,1.75
3026594,75.642375
3026595,2.375
3026596,0.25
3026597,1.25
3026598,1276.0
3026599,0.0
3026600,138.875
3026601,3.875
3026602,493.625
3026603,305.125
3026604,108.375
3026605,95.875
3026606,43.09024975
3026607,1885.5
3026608,4.875
3026609,0.375
3026610,10.25
3026611,8.375
3026612,0.25
3026613,158.375
3026614,0.0
3026615,0.0
3026616,4.375
3026617,51.25
3026618,0.625
3026619,50.38187525
3026620,82.375
3026621,1.875
3026622,2.875
3026623,94.8569995
3026624,16.625
3026625,459.30174750000003
3026626,0.0
3026627,4.0
3026628,8.875
3026629,0.125
3026630,2.25
3026631,2484.25
3026632,0.0
3026633,435.125
3026634,7.125
3026635,1153.375
3026636,727.25
3026637,190.056125
3026638,198.25
3026639,72.67625
3026640,3851.580125
3026641,12.0
3026642,0.375
3026643,17.125
3026644,18.5
3026645,0.25
3026646,238.75
3026647,1.125
3026648,3.25
3026649,13.0
3026650,10.625
3026651,1.0
3026652,291.1905025
3026653,214.375
3026654,5.25
3026655,5.5
3026656,98.304749125
3026657,66.011875
3026658,981.07474625
3026659,1.25
3026660,5.25
3026661,1.375
3026662,0.0
3026663,0.875
3026664,718.625
3026665,0.0
3026666,106.5
3026667,1.375
3026668,832.625
3026669,182.75
3026670,87.625
3026671,149.75
3026672,14.125
3026673,1283.5
3026674,2.125
3026675,0.125
3026676,15.125
3026677,5.75
3026678,0.125
3026679,85.25
3026680,0.0
3026681,0.0
3026682,0.25
3026683,7.25
3026684,0.25
3026685,63.8623755
3026686,75.375
3026687,0.75
3026688,1.125
3026689,44.296375
3026690,12.875
3026691,134.06525
3026692,0.0
3026693,0.875
3026694,5.875
3026695,0.0
3026696,1.875
3026697,1700.0
3026698,0.0
3026699,190.75
3026700,7.125
3026701,802.875
3026702,534.0
3026703,156.75
3026704,109.0
3026705,44.814125
3026706,2427.75
3026707,4.5
3026708,0.625
3026709,23.5
3026710,13.25
3026711,0.0
3026712,186.25
3026713,0.0
3026714,0.0
3026715,12.0
3026716,44.0
3026717,0.5
3026718,253.45675
3026719,166.75
3026720,2.0
3026721,4.75
3026722,208.172125
3026723,31.5
3026724,1030.938875
3026725,0.0
3026726,0.5
3026727,3.125
3026728,0.625
3026729,1.5
3026730,1883.625
3026731,0.0
3026732,585.875
3026733,7.125
3026734,713.375
3026735,775.125
3026736,206.6635
3026737,98.375
3026738,61.6365
3026739,3024.09375
3026740,5.5
3026741,3.125
3026742,29.75
3026743,29.875
3026744,0.25
3026745,187.125
3026746,3.25
3026747,3.0
3026748,3.5
3026749,27.0
3026750,1.375
3026751,169.07037625
3026752,239.75
3026753,3.25
3026754,5.5
3026755,143.3864995
3026756,26.742125
3026757,572.18
3026758,2.75
3026759,4.75
3026760,3.875
3026761,0.0
3026762,0.625
3026763,1097.875
3026764,0.0
3026765,67.5
3026766,1.875
3026767,396.75
3026768,187.0
3026769,72.375
3026770,110.0
3026771,29.75
3026772,1504.375
3026773,2.375
3026774,0.75
3026775,10.125
3026776,7.875
3026777,0.25
3026778,90.375
3026779,0.0
3026780,0.0
3026781,0.25
3026782,9.0
3026783,0.0
3026784,164.4228775
3026785,70.875
3026786,0.875
3026787,1.875
3026788,29.070625125
3026789,13.5
3026790,286.447875
3026791,0.0
3026792,1.125
3026793,3.375
3026794,0.0
3026795,0.875
3026796,2814.625
3026797,0.0
3026798,372.375
3026799,5.375
3026800,780.625
3026801,637.625
3026802,204.44825
3026803,85.125
3026804,62.3117495
3026805,3336.533125
3026806,7.125
3026807,0.875
3026808,16.375
3026809,10.375
3026810,0.0
3026811,176.875
3026812,0.0
3026813,20.75
3026814,6.125
3026815,42.625
3026816,0.5
3026817,212.975875
3026818,198.375
3026819,3.25
3026820,4.625
3026821,98.91025
3026822,50.576750000000004
3026823,1015.618125
3026824,0.25
3026825,0.375
3026826,6.0
3026827,0.0
3026828,6.375
3026829,3081.25
3026830,0.0
3026831,578.2011249999999
3026832,8.0
3026833,1167.125
3026834,936.625
3026835,157.705125
3026836,140.875
3026837,126.17812500000001
3026838,4040.5
3026839,65.0
3026840,2.0
3026841,25.125
3026842,23.875
3026843,0.125
3026844,261.0
3026845,22.375
3026846,33.75
3026847,3.25
3026848,94.125
3026849,7.25
3026850,230.62987625
3026851,247.5
3026852,15.5
3026853,17.875
3026854,283.360875
3026855,79.1015
3026856,3930.8913875
3026857,0.0
3026858,14.288625
3026859,5.875
3026860,0.0
3026861,4.625
3026862,2700.75
3026863,0.0
3026864,490.8415
3026865,8.5
3026866,1318.75
3026867,840.5
3026868,134.719
3026869,89.625
3026870,146.25
3026871,3676.0
3026872,36.75
3026873,1.5
3026874,37.875
3026875,77.625
3026876,0.125
3026877,301.0
3026878,15.875
3026879,23.5
3026880,9.25
3026881,185.875
3026882,8.75
3026883,205.45700125
3026884,524.375
3026885,8.625
3026886,10.125
3026887,123.855375625
3026888,70.814999875
3026889,3049.273875
3026890,0.0
3026891,12.7493749625
3026892,6.375
3026893,0.25
3026894,3.5
3026895,3733.125
3026896,0.0
3026897,654.75
3026898,5.875
3026899,1724.0
3026900,693.25
3026901,197.35225
3026902,244.375
3026903,61.625
3026904,4713.0517500000005
3026905,30.75
3026906,1.125
3026907,18.375
3026908,16.625
3026909,0.375
3026910,303.25
3026911,3.25
3026912,16.875
3026913,6.0
3026914,54.75
3026915,2.5
3026916,148.26387625
3026917,273.625
3026918,6.75
3026919,8.25
3026920,198.397875
3026921,58.37837525
3026922,1389.079
3026923,1.75
3026924,13.996999875
3026925,3.75
3026926,0.375
3026927,5.375
3026928,2369.5
3026929,0.0
3026930,357.752
3026931,5.375
3026932,836.875
3026933,735.75
3026934,168.00150000000002
3026935,131.0
3026936,84.473
3026937,3159.5
3026938,24.625
3026939,1.875
3026940,13.375
3026941,12.125
3026942,0.0
3026943,213.0
3026944,17.25
3026945,26.375
3026946,1.25
3026947,51.375
3026948,5.875
3026949,345.617125
3026950,204.375
3026951,5.5
3026952,9.375
3026953,333.872375
3026954,49.54437475
3026955,3064.5113875
3026956,0.0
3026957,21.874625
3026958,2.875
3026959,0.25
3026960,2.125
3026961,3876.875
3026962,0.0
3026963,362.5
3026964,16.0
3026965,1569.0
3026966,863.625
3026967,268.375
3026968,180.375
3026969,53.244749999999996
3026970,4804.75
3026971,11.5
3026972,2.75
3026973,28.375
3026974,19.375
3026975,0.125
3026976,385.125
3026977,0.0
3026978,0.0
3026979,11.0
3026980,37.5
3026981,1.625
3026982,140.69575125
3026983,302.625
3026984,3.75
3026985,8.5
3026986,166.5107475
3026987,58.875
3026988,988.7624999999999
3026989,0.0
3026990,4.625
3026991,7.375
3026992,0.0
3026993,7.5
3026994,2473.75
3026995,0.0
3026996,468.44375249999996
3026997,7.875
3026998,1083.375
3026999,713.375
3027000,219.73112625
3027001,130.125
3027002,127.441
3027003,4031.875
3027004,31.0
3027005,1.375
3027006,23.375
3027007,43.5
3027008,0.25
3027009,236.375
3027010,12.375
3027011,25.5
3027012,8.0
3027013,129.625
3027014,8.75
3027015,194.9722525
3027016,499.75
3027017,12.875
3027018,6.875
3027019,193.96175
3027020,73.904125
3027021,2862.334
3027022,0.375
3027023,7.6235
3027024,2.625
3027025,0.0
3027026,4.375
3027027,2749.375
3027028,0.0
3027029,485.364875
3027030,10.75
3027031,789.125
3027032,820.125
3027033,159.594375
3027034,134.375
3027035,114.35737499999999
3027036,3217.25
3027037,33.75
3027038,0.375
3027039,16.875
3027040,22.375
3027041,0.5
3027042,216.75
3027043,15.125
3027044,42.5
3027045,5.625
3027046,56.125
3027047,8.0
3027048,229.70474875
3027049,213.125
3027050,9.5
3027051,9.125
3027052,253.35512500000002
3027053,59.99287525
3027054,3375.484
3027055,0.125
3027056,15.301374875
3027057,4.375
3027058,0.0
3027059,3.625
3027060,4328.75
3027061,0.0
3027062,510.25
3027063,9.5
3027064,1025.375
3027065,670.625
3027066,244.400125
3027067,157.875
3027068,45.7327495
3027069,4080.890625
3027070,9.125
3027071,0.25
3027072,10.625
3027073,17.25
3027074,0.0
3027075,226.875
3027076,0.0
3027077,8.125
3027078,0.75
3027079,54.75
3027080,4.75
3027081,198.06562375000001
3027082,249.5
3027083,3.625
3027084,1.125
3027085,245.8976275
3027086,126.551375
3027087,1044.37225
3027088,2.875
3027089,0.375
3027090,14.375
3027091,0.0
3027092,14.0
3027093,8569.625
3027094,0.0
3027095,1604.106375
3027096,33.0
3027097,2747.875
3027098,2389.125
3027099,492.5568725
3027100,572.0
3027101,408.311625
3027102,9288.75
3027103,108.875
3027104,4.5
3027105,103.5
3027106,128.125
3027107,0.75
3027108,669.875
3027109,29.125
3027110,23.875
3027111,17.625
3027112,253.875
3027113,19.125
3027114,768.649
3027115,501.75
3027116,38.375
3027117,35.5
3027118,1072.20812875
3027119,325.2948725
3027120,12699.44075
3027121,73.0
3027122,75.948
3027123,14.625
3027124,0.0
3027125,9.875
3027126,8008.75
3027127,0.0
3027128,1139.643
3027129,28.375
3027130,2440.75
3027131,2017.0
3027132,586.4594999999999
3027133,323.125
3027134,269.407625
3027135,10114.875
3027136,136.125
3027137,1.375
3027138,71.25
3027139,74.0
3027140,1.0
3027141,598.5
3027142,14.5
3027143,37.875
3027144,4.0
3027145,171.125
3027146,13.75
3027147,882.43975375
3027148,626.25
3027149,18.875
3027150,25.875
3027151,1052.4908625
3027152,258.86787125
3027153,8000.574625
3027154,152.25
3027155,77.687875625
3027156,9.375
3027157,0.0
3027158,13.625
3027159,4923.625
3027160,0.125
3027161,873.5
3027162,12.875
3027163,2211.5
3027164,1312.25
3027165,634.087125
3027166,120.875
3027167,194.318875
3027168,8317.0
3027169,39.75
3027170,1.625
3027171,34.125
3027172,27.5
3027173,0.25
3027174,546.875
3027175,21.625
3027176,25.125
3027177,8.375
3027178,86.625
3027179,7.875
3027180,961.682625
3027181,607.875
3027182,20.375
3027183,37.875
3027184,607.43325
3027185,139.15287625
3027186,3332.448375
3027187,73.625
3027188,36.582875
3027189,12.125
3027190,0.0
3027191,16.375
3027192,7217.375
3027193,0.0
3027194,1056.17275
3027195,22.875
3027196,2174.125
3027197,2032.125
3027198,558.008875
3027199,314.875
3027200,223.31725
3027201,9610.5
3027202,54.25
3027203,2.875
3027204,66.125
3027205,67.75
3027206,1.5
3027207,558.0
3027208,22.375
3027209,34.0
3027210,5.25
3027211,156.125
3027212,10.125
3027213,743.414
3027214,582.625
3027215,22.75
3027216,27.875
3027217,923.21325
3027218,197.50350375
3027219,7037.180625
3027220,118.0
3027221,55.645874750000004
3027222,10.5
3027223,0.0
3027224,15.5
3027225,3716.375
3027226,0.0
3027227,671.125
3027228,16.75
3027229,1845.625
3027230,1060.625
3027231,521.494875
3027232,97.5
3027233,152.01225
3027234,6711.125
3027235,42.25
3027236,0.125
3027237,24.75
3027238,34.5
3027239,0.625
3027240,509.75
3027241,15.375
3027242,10.75
3027243,2.25
3027244,86.125
3027245,3.125
3027246,713.19312125
3027247,741.25
3027248,15.125
3027249,20.625
3027250,606.88
3027251,81.996000625
3027252,2297.5545
3027253,97.125
3027254,16.757
3027255,10.125
3027256,0.0
3027257,12.125
3027258,6472.75
3027259,0.0
3027260,1281.89425
3027261,22.75
3027262,2021.875
3027263,2220.75
3027264,393.180125
3027265,468.375
3027266,361.758
3027267,8050.125
3027268,74.25
3027269,1.5
3027270,51.375
3027271,63.375
3027272,2.0
3027273,474.125
3027274,13.5
3027275,37.125
3027276,6.75
3027277,192.125
3027278,14.625
3027279,698.3515
3027280,468.875
3027281,17.25
3027282,28.25
3027283,953.29175
3027284,242.7845
3027285,10591.59175
3027286,84.75
3027287,78.541875375
3027288,4.5
3027289,0.25
3027290,5.375
3027291,1888.375
3027292,0.0
3027293,354.890625
3027294,18.375
3027295,970.0
3027296,562.75
3027297,214.154625
3027298,90.125
3027299,83.4853745
3027300,2985.875
3027301,43.5
3027302,1.5
3027303,33.75
3027304,20.875
3027305,0.625
3027306,213.5
3027307,13.75
3027308,10.125
3027309,11.375
3027310,45.75
3027311,5.625
3027312,235.76800125
3027313,228.0
3027314,3.625
3027315,8.375
3027316,222.4685025
3027317,52.18762475
3027318,2106.7635
3027319,1.25
3027320,11.2729999625
3027321,8.375
3027322,0.0
3027323,11.625
3027324,3944.5
3027325,0.0
3027326,587.8525
3027327,30.0
3027328,1585.5
3027329,1017.875
3027330,433.1617525
3027331,94.25
3027332,137.46224999999998
3027333,6173.375
3027334,94.25
3027335,2.5
3027336,44.25
3027337,35.25
3027338,0.625
3027339,398.75
3027340,14.0
3027341,9.375
3027342,2.5
3027343,113.5
3027344,6.375
3027345,605.0604999999999
3027346,451.375
3027347,9.875
3027348,20.75
3027349,365.4134975
3027350,78.29825062500001
3027351,2606.004875
3027352,113.875
3027353,16.721625125
3027354,7.375
3027355,0.0
3027356,5.25
3027357,4505.875
3027358,0.0
3027359,915.090375
3027360,10.375
3027361,1615.625
3027362,1707.75
3027363,233.37075
3027364,365.375
3027365,239.561375
3027366,5593.75
3027367,39.25
3027368,1.375
3027369,42.75
3027370,51.625
3027371,1.0
3027372,352.0
3027373,2.375
3027374,51.375
3027375,6.0
3027376,121.625
3027377,10.875
3027378,613.528375
3027379,287.125
3027380,20.5
3027381,12.375
3027382,733.618375
3027383,122.581374
3027384,8530.832999999999
3027385,5.5
3027386,44.89650025
3027387,12.5
3027388,0.0
3027389,7.125
3027390,4237.75
3027391,0.0
3027392,785.3636250000001
3027393,9.125
3027394,1688.625
3027395,1161.25
3027396,313.93825
3027397,217.5
3027398,286.652375
3027399,5682.75
3027400,44.25
3027401,3.25
3027402,43.0
3027403,41.25
3027404,0.5
3027405,334.25
3027406,5.875
3027407,55.875
3027408,10.0
3027409,197.75
3027410,6.75
3027411,436.85175
3027412,321.875
3027413,12.5
3027414,28.0
3027415,474.9055
3027416,138.066
3027417,7500.693
3027418,3.75
3027419,8.142
3027420,9.125
3027421,0.375
3027422,5.125
3027423,2304.125
3027424,0.0
3027425,464.796125
3027426,5.25
3027427,1089.625
3027428,538.125
3027429,211.46725
3027430,92.5
3027431,104.5715
3027432,3153.875
3027433,14.75
3027434,2.5
3027435,29.375
3027436,39.375
3027437,0.0
3027438,215.375
3027439,5.25
3027440,16.0
3027441,5.5
3027442,52.125
3027443,3.25
3027444,265.69237499999997
3027445,240.75
3027446,3.75
3027447,6.125
3027448,179.64450125
3027449,100.169
3027450,2948.0426125
3027451,0.375
3027452,3.125
3027453,5.375
3027454,0.0
3027455,1.375
3027456,2169.125
3027457,0.0
3027458,218.875
3027459,2.875
3027460,817.25
3027461,247.625
3027462,193.13075
3027463,63.125
3027464,23.5
3027465,2602.5
3027466,5.125
3027467,0.875
3027468,15.5
3027469,9.375
3027470,0.0
3027471,184.625
3027472,0.0
3027473,0.0
3027474,3.75
3027475,13.0
3027476,1.0
3027477,43.645000124999996
3027478,158.5
3027479,0.0
3027480,1.875
3027481,49.70925
3027482,85.625
3027483,538.7302500000001
3027484,0.0
3027485,2.875
3027486,5.5
3027487,0.0
3027488,8.125
3027489,3256.125
3027490,0.0
3027491,527.5875
3027492,13.625
3027493,1204.375
3027494,938.625
3027495,308.9145
3027496,172.875
3027497,130.206875
3027498,4584.375
3027499,35.25
3027500,0.75
3027501,22.5
3027502,43.0
3027503,0.125
3027504,303.875
3027505,20.375
3027506,18.375
3027507,8.875
3027508,55.5
3027509,5.5
3027510,415.5763775
3027511,291.125
3027512,9.375
3027513,13.375
3027514,467.78999749999997
3027515,81.618375
3027516,3578.3855
3027517,0.0
3027518,34.014125375
3027519,8.75
3027520,0.0
3027521,5.875
3027522,4384.75
3027523,0.25
3027524,727.8797500000001
3027525,16.75
3027526,1268.25
3027527,1442.125
3027528,197.85225
3027529,302.0
3027530,213.143625
3027531,4514.5
3027532,49.875
3027533,4.75
3027534,31.375
3027535,27.75
3027536,1.375
3027537,293.0
3027538,12.5
3027539,45.25
3027540,6.875
3027541,122.5
3027542,10.5
3027543,480.4508725
3027544,275.375
3027545,7.375
3027546,14.625
3027547,705.15674875
3027548,148.915
3027549,7253.04775
3027550,0.125
3027551,50.22549975
3027552,5.75
3027553,0.25
3027554,10.375
3027555,4393.5
3027556,0.0
3027557,846.654125
3027558,21.0
3027559,1350.25
3027560,1437.75
3027561,248.1539975
3027562,308.75
3027563,165.000625
3027564,4891.75
3027565,34.5
3027566,4.875
3027567,45.5
3027568,83.0
3027569,0.625
3027570,351.625
3027571,31.375
3027572,47.125
3027573,14.5
3027574,122.0
3027575,14.375
3027576,390.602625
3027577,287.375
3027578,17.875
3027579,21.25
3027580,533.6584975
3027581,145.80537375
3027582,6563.556537500001
3027583,0.625
3027584,40.38949975
3027585,8.0
3027586,0.25
3027587,5.25
3027588,2752.125
3027589,0.0
3027590,449.75
3027591,15.375
3027592,1398.0
3027593,788.875
3027594,452.237625
3027595,149.125
3027596,82.921875
3027597,5553.436625
3027598,8.25
3027599,1.0
3027600,39.875
3027601,36.375
3027602,0.25
3027603,395.125
3027604,8.625
3027605,5.5
3027606,7.25
3027607,38.375
3027608,2.625
3027609,312.3345
3027610,382.5
3027611,8.375
3027612,6.75
3027613,343.53625
3027614,95.714
3027615,1255.944625
3027616,31.0
3027617,16.0645
3027618,4.625
3027619,0.0
3027620,4.375
3027621,2096.625
3027622,0.0
3027623,348.63937500000003
3027624,16.0
3027625,701.125
3027626,694.25
3027627,121.6353745
3027628,125.125
3027629,136.231249375
3027630,2506.125
3027631,24.875
3027632,2.625
3027633,24.125
3027634,27.5
3027635,1.125
3027636,167.25
3027637,12.75
3027638,16.5
3027639,5.875
3027640,93.0
3027641,6.625
3027642,265.98200125
3027643,137.5
3027644,5.875
3027645,8.0
3027646,293.133625
3027647,72.18312449999999
3027648,2221.7868625
3027649,0.0
3027650,24.966625
3027651,1.875
3027652,0.0
3027653,1.75
3027654,1162.5
3027655,0.0
3027656,83.875
3027657,3.5
3027658,801.875
3027659,236.375
3027660,207.5
3027661,18.375
3027662,24.214875
3027663,2293.625
3027664,3.25
3027665,0.125
3027666,10.25
3027667,4.375
3027668,0.0
3027669,139.75
3027670,2.75
3027671,0.0
3027672,1.125
3027673,9.375
3027674,0.375
3027675,227.54212625
3027676,148.0
3027677,0.375
3027678,3.125
3027679,109.105999375
3027680,28.75
3027681,212.84599875
3027682,0.0
3027683,0.625
3027684,8.375
3027685,0.25
3027686,5.25
3027687,3928.375
3027688,0.0
3027689,679.125
3027690,14.375
3027691,1519.25
3027692,569.375
3027693,437.03024999999997
3027694,158.125
3027695,70.10062500000001
3027696,6178.565375
3027697,33.0
3027698,0.625
3027699,18.125
3027700,18.0
3027701,0.125
3027702,412.25
3027703,14.625
3027704,2.5
3027705,10.75
3027706,49.125
3027707,1.75
3027708,913.46561
3027709,324.75
3027710,2.75
3027711,12.375
3027712,279.04074625
3027713,117.29287500000001
3027714,1194.18575
3027715,9.125
3027716,7.25
3027717,5.5
3027718,0.0
3027719,1.125
3027720,1376.125
3027721,0.0
3027722,166.0
3027723,6.75
3027724,856.625
3027725,373.125
3027726,202.875
3027727,82.5
3027728,42.6905
3027729,2736.0
3027730,8.875
3027731,0.75
3027732,17.125
3027733,18.0
3027734,0.125
3027735,165.625
3027736,6.125
3027737,0.0
3027738,4.25
3027739,43.875
3027740,1.625
3027741,209.472
3027742,158.25
3027743,2.0
3027744,6.125
3027745,169.09424875
3027746,37.125
3027747,342.0761275
3027748,1.0
3027749,3.5
3027750,4.25
3027751,0.0
3027752,3.0
3027753,1288.125
3027754,0.0
3027755,100.625
3027756,7.875
3027757,992.875
3027758,228.0
3027759,119.875
3027760,34.625
3027761,26.625
3027762,2395.625
3027763,11.5
3027764,0.0
3027765,15.5
3027766,10.875
3027767,0.0
3027768,116.875
3027769,1.875
3027770,0.0
3027771,2.75
3027772,28.625
3027773,1.0
3027774,179.71400125
3027775,159.125
3027776,0.5
3027777,6.125
3027778,94.294498625
3027779,25.5
3027780,165.868375
3027781,0.5
3027782,2.125
3027783,3.5
3027784,0.0
3027785,2.875
3027786,1272.875
3027787,0.0
3027788,154.75
3027789,6.375
3027790,1652.0
3027791,357.625
3027792,255.0
3027793,31.5
3027794,38.928125
3027795,2570.5
3027796,13.875
3027797,0.5
3027798,16.75
3027799,18.625
3027800,0.0
3027801,197.375
3027802,1.75
3027803,0.0
3027804,4.375
3027805,16.5
3027806,1.75
3027807,424.55600125
3027808,211.25
3027809,0.5
3027810,4.5
3027811,89.81224999999999
3027812,101.875
3027813,367.580625
3027814,1.625
3027815,6.5
3027816,3.0
3027817,1.0
3027818,4.0
3027819,1735.125
3027820,0.0
3027821,154.625
3027822,2.125
3027823,890.25
3027824,334.875
3027825,262.375
3027826,84.125
3027827,73.148625
3027828,2744.5
3027829,5.375
3027830,0.875
3027831,12.0
3027832,21.25
3027833,0.0
3027834,211.0
3027835,8.875
3027836,0.0
3027837,4.25
3027838,23.375
3027839,0.75
3027840,157.24912375
3027841,186.625
3027842,1.25
3027843,4.75
3027844,119.3609995
3027845,45.5
3027846,582.367375
3027847,0.375
3027848,5.875
3027849,4.25
3027850,0.25
3027851,0.625
3027852,1154.375
3027853,0.0
3027854,119.375
3027855,4.625
3027856,895.375
3027857,198.0
3027858,129.75
3027859,116.125
3027860,25.6615
3027861,1664.5
3027862,6.375
3027863,0.375
3027864,8.5
3027865,11.25
3027866,0.0
3027867,181.75
3027868,0.0
3027869,0.0
3027870,2.125
3027871,82.0
3027872,1.0
3027873,54.217
3027874,108.625
3027875,0.25
3027876,2.5
3027877,65.51287525
3027878,30.625
3027879,404.8429975
3027880,0.0
3027881,0.75
3027882,7.375
3027883,0.125
3027884,2.75
3027885,2610.5
3027886,0.0
3027887,274.0
3027888,8.625
3027889,854.125
3027890,546.875
3027891,411.5
3027892,158.5
3027893,81.040625
3027894,3648.25
3027895,14.75
3027896,0.875
3027897,19.0
3027898,21.625
3027899,0.125
3027900,230.0
3027901,0.5
3027902,0.0
3027903,8.75
3027904,32.5
3027905,3.0
3027906,295.9406275
3027907,212.625
3027908,2.0
3027909,6.25
3027910,273.195125
3027911,58.125
3027912,1080.70325
3027913,0.625
3027914,9.875
3027915,5.0
3027916,0.25
3027917,4.75
3027918,1847.125
3027919,0.0
3027920,540.25
3027921,8.75
3027922,505.75
3027923,560.0
3027924,172.37075
3027925,139.25
3027926,53.37125
3027927,2431.78125
3027928,9.375
3027929,1.25
3027930,18.125
3027931,11.0
3027932,0.625
3027933,161.5
3027934,9.375
3027935,7.375
3027936,4.125
3027937,54.125
3027938,2.25
3027939,260.739375
3027940,127.125
3027941,4.75
3027942,5.75
3027943,145.96325000000002
3027944,59.014375
3027945,1278.6735
3027946,12.25
3027947,7.99925
3027948,4.25
3027949,0.5
3027950,2.375
3027951,1850.875
3027952,0.0
3027953,137.125
3027954,6.375
3027955,726.875
3027956,278.125
3027957,232.875
3027958,46.0
3027959,44.25
3027960,2604.0
3027961,25.0
3027962,1.75
3027963,16.875
3027964,8.0
3027965,0.125
3027966,146.125
3027967,5.375
3027968,0.0
3027969,4.375
3027970,37.625
3027971,1.625
3027972,125.3339975
3027973,153.0
3027974,0.5
3027975,5.625
3027976,186.10487375
3027977,25.5
3027978,392.0381225
3027979,1.0
3027980,4.75
3027981,5.75
3027982,0.0
3027983,5.875
3027984,2548.0
3027985,0.0
3027986,540.022
3027987,12.375
3027988,823.5
3027989,690.875
3027990,175.71775
3027991,134.5
3027992,89.169625
3027993,3244.375
3027994,36.0
3027995,1.75
3027996,13.5
3027997,24.375
3027998,0.375
3027999,222.75
3028000,21.75
3028001,11.875
3028002,9.625
3028003,69.75
3028004,5.875
3028005,436.3795
3028006,187.625
3028007,7.875
3028008,5.125
3028009,369.52625
3028010,98.6008755
3028011,1847.587625
3028012,0.0
3028013,26.920375
3028014,4.875
3028015,0.125
3028016,4.5
3028017,3084.125
3028018,0.0
3028019,405.75
3028020,6.5
3028021,1171.0
3028022,586.5
3028023,505.4975
3028024,84.375
3028025,67.365375
3028026,4641.38975
3028027,14.25
3028028,0.625
3028029,15.125
3028030,11.0
3028031,0.0
3028032,285.125
3028033,3.25
3028034,4.875
3028035,3.0
3028036,48.0
3028037,0.875
3028038,747.071375
3028039,296.0
3028040,3.875
3028041,3.625
3028042,217.06225375
3028043,52.492249375
3028044,789.9955
3028045,8.625
3028046,9.0537500375
3028047,10.125
3028048,0.375
3028049,3.25
3028050,2120.625
3028051,0.0
3028052,321.25
3028053,7.625
3028054,1710.125
3028055,419.5
3028056,217.949
3028057,192.0
3028058,66.945875
3028059,3087.1875
3028060,10.0
3028061,1.25
3028062,26.75
3028063,20.375
3028064,0.125
3028065,245.75
3028066,2.875
3028067,1.5
3028068,8.25
3028069,70.75
3028070,0.75
3028071,111.072625
3028072,201.625
3028073,2.625
3028074,3.875
3028075,131.1852495
3028076,130.791875
3028077,861.42075
3028078,0.375
3028079,3.75
3028080,3.875
3028081,0.0
3028082,2.5
3028083,1549.25
3028084,0.0
3028085,137.125
3028086,8.0
3028087,675.625
3028088,296.625
3028089,137.375
3028090,48.75
3028091,54.8808755
3028092,2626.5
3028093,13.0
3028094,0.25
3028095,20.25
3028096,17.125
3028097,0.25
3028098,149.5
3028099,0.625
3028100,0.0
3028101,3.5
3028102,91.375
3028103,1.375
3028104,114.320375
3028105,137.125
3028106,1.5
3028107,6.25
3028108,124.04837625
3028109,38.875
3028110,455.17875000000004
3028111,1.5
3028112,4.375
3028113,2.75
3028114,0.0
3028115,2.0
3028116,1307.875
3028117,0.0
3028118,260.34574875
3028119,19.0
3028120,511.75
3028121,452.0
3028122,110.4261245
3028123,44.875
3028124,61.034625
3028125,1915.875
3028126,31.5
3028127,0.625
3028128,17.875
3028129,7.875
3028130,0.125
3028131,118.125
3028132,7.375
3028133,2.625
3028134,2.625
3028135,47.0
3028136,3.125
3028137,806.75274625
3028138,133.5
3028139,3.0
3028140,6.75
3028141,257.355
3028142,31.327125
3028143,996.658375
3028144,0.0
3028145,7.066375
3028146,4.0
3028147,0.125
3028148,3.75
3028149,2936.875
3028150,0.125
3028151,658.163375
3028152,19.375
3028153,1059.875
3028154,1101.5
3028155,223.56925
3028156,173.0
3028157,151.651625
3028158,3529.125
3028159,44.0
3028160,0.5
3028161,18.875
3028162,35.0
3028163,0.25
3028164,226.5
3028165,8.875
3028166,40.5
3028167,10.125
3028168,75.875
3028169,13.125
3028170,315.6892525
3028171,230.5
3028172,16.625
3028173,9.875
3028174,442.603875
3028175,105.608624
3028176,3027.9105
3028177,0.0
3028178,18.4598750625
3028179,4.125
3028180,0.0
3028181,1.875
3028182,1842.25
3028183,0.0
3028184,286.88537625000004
3028185,7.0
3028186,378.25
3028187,463.5
3028188,108.96362500000001
3028189,97.5
3028190,63.072500000000005
3028191,1529.0
3028192,16.75
3028193,0.125
3028194,11.5
3028195,16.0
3028196,0.125
3028197,88.0
3028198,0.0
3028199,22.625
3028200,2.875
3028201,163.25
3028202,4.5
3028203,161.99599750000002
3028204,84.375
3028205,5.0
3028206,6.375
3028207,140.2225
3028208,30.733625
3028209,1159.179875
3028210,0.375
3028211,1.625
3028212,2.75
3028213,0.0
3028214,0.25
3028215,588.125
3028216,0.0
3028217,150.375
3028218,4.5
3028219,280.125
3028220,173.25
3028221,50.405625
3028222,23.0
3028223,32.71162525
3028224,1036.125
3028225,9.625
3028226,0.5
3028227,8.125
3028228,7.0
3028229,0.375
3028230,60.75
3028231,0.0
3028232,6.0
3028233,0.875
3028234,22.125
3028235,0.0
3028236,187.47275
3028237,81.25
3028238,1.75
3028239,1.25
3028240,91.83387450000001
3028241,12.625
3028242,350.2914975
3028243,0.625
3028244,2.5
3028245,5.5
3028246,0.125
3028247,1.5
3028248,2189.375
3028249,0.125
3028250,463.96862500000003
3028251,13.375
3028252,639.875
3028253,721.625
3028254,205.460375
3028255,171.375
3028256,89.6148755
3028257,2789.125
3028258,20.125
3028259,2.125
3028260,37.625
3028261,20.75
3028262,0.5
3028263,176.0
3028264,4.125
3028265,25.75
3028266,6.25
3028267,93.0
3028268,4.125
3028269,212.0095
3028270,159.0
3028271,8.25
3028272,5.375
3028273,265.547875
3028274,60.3252495
3028275,1881.958375
3028276,1.625
3028277,9.139125
3028278,7.25
3028279,0.0
3028280,2.375
3028281,2492.0
3028282,0.0
3028283,463.5
3028284,8.375
3028285,1029.375
3028286,634.0
3028287,305.62375
3028288,178.5
3028289,56.489750625
3028290,3607.6396250000003
3028291,8.875
3028292,0.5
3028293,31.25
3028294,15.5
3028295,0.875
3028296,238.75
3028297,0.0
3028298,6.125
3028299,3.125
3028300,40.5
3028301,1.0
3028302,298.5916225
3028303,238.5
3028304,3.25
3028305,3.375
3028306,164.11174875
3028307,70.3455
3028308,1178.1466249999999
3028309,2.875
3028310,1.875
3028311,6.125
3028312,0.375
3028313,2.125
3028314,2446.625
3028315,0.0
3028316,478.25
3028317,12.75
3028318,790.0
3028319,511.75
3028320,216.6135
3028321,152.0
3028322,48.860625
3028323,3135.48725
3028324,10.25
3028325,0.5
3028326,21.5
3028327,19.25
3028328,0.5
3028329,213.625
3028330,0.0
3028331,5.0
3028332,5.25
3028333,76.5
3028334,1.0
3028335,137.49824825
3028336,182.875
3028337,4.625
3028338,3.75
3028339,154.56312624999998
3028340,47.607374750000005
3028341,889.6524999999999
3028342,1.75
3028343,4.0
3028344,7.75
3028345,1.5
3028346,9.75
3028347,6980.625
3028348,0.0
3028349,1013.2637500000001
3028350,109.75
3028351,1685.125
3028352,1654.125
3028353,287.60425
3028354,381.75
3028355,271.74525
3028356,6330.0
3028357,67.625
3028358,2.0
3028359,56.5
3028360,44.25
3028361,1.0
3028362,388.875
3028363,30.625
3028364,38.125
3028365,19.5
3028366,197.875
3028367,21.25
3028368,583.247625
3028369,378.0
3028370,15.0
3028371,18.625
3028372,876.135
3028373,239.79299875
3028374,6001.12925
3028375,1.375
3028376,60.314875
3028377,4.25
3028378,0.5
3028379,0.625
3028380,1369.0
3028381,0.0
3028382,149.125
3028383,5.75
3028384,1018.625
3028385,236.125
3028386,103.375
3028387,138.25
3028388,42.6215
3028389,2827.0
3028390,5.125
3028391,0.625
3028392,12.0
3028393,9.5
3028394,0.0
3028395,202.25
3028396,0.375
3028397,0.0
3028398,2.75
3028399,93.0
3028400,0.75
3028401,163.197375
3028402,99.625
3028403,2.0
3028404,6.125
3028405,114.22825
3028406,23.125
3028407,504.486375
3028408,0.125
3028409,5.0
3028410,6.375
3028411,0.125
3028412,1.75
3028413,2321.875
3028414,0.0
3028415,442.0
3028416,11.625
3028417,1375.0
3028418,495.25
3028419,195.3005
3028420,227.5
3028421,85.9385005
3028422,3692.520625
3028423,13.0
3028424,0.375
3028425,19.0
3028426,16.75
3028427,0.25
3028428,259.25
3028429,0.875
3028430,5.625
3028431,10.75
3028432,14.75
3028433,1.875
3028434,668.71825
3028435,213.5
3028436,2.75
3028437,4.625
3028438,145.8978725
3028439,48.67062475
3028440,1038.10874625
3028441,1.25
3028442,4.625
3028443,1.625
3028444,0.0
3028445,0.375
3028446,860.125
3028447,0.0
3028448,128.125
3028449,3.625
3028450,1437.75
3028451,139.375
3028452,86.625
3028453,175.125
3028454,17.369
3028455,1412.875
3028456,0.875
3028457,0.25
3028458,12.875
3028459,3.75
3028460,0.125
3028461,77.25
3028462,0.0
3028463,0.0
3028464,0.5
3028465,55.125
3028466,0.125
3028467,116.72312450000001
3028468,63.0
3028469,0.25
3028470,0.5
3028471,44.60425
3028472,11.25
3028473,157.371375
3028474,0.0
3028475,1.625
3028476,7.125
3028477,0.0
3028478,2.375
3028479,1987.0
3028480,0.0
3028481,199.25
3028482,20.75
3028483,931.0
3028484,324.125
3028485,160.125
3028486,118.375
3028487,53.28075
3028488,2709.875
3028489,3.375
3028490,0.875
3028491,26.0
3028492,15.0
3028493,0.375
3028494,201.25
3028495,0.0
3028496,0.0
3028497,12.625
3028498,32.75
3028499,1.5
3028500,395.2437525
3028501,184.375
3028502,2.25
3028503,3.25
3028504,198.75699875
3028505,22.5
3028506,1074.153
3028507,0.0
3028508,1.625
3028509,2.25
3028510,0.125
3028511,2.25
3028512,2104.125
3028513,0.0
3028514,574.25
3028515,8.375
3028516,760.25
3028517,525.375
3028518,200.505625
3028519,87.625
3028520,76.8095
3028521,3417.305625
3028522,7.5
3028523,4.0
3028524,23.375
3028525,35.125
3028526,0.0
3028527,189.375
3028528,2.0
3028529,7.125
3028530,4.0
3028531,39.625
3028532,1.75
3028533,240.83762625
3028534,214.5
3028535,3.5
3028536,7.75
3028537,128.09062625
3028538,32.414500000000004
3028539,583.6125
3028540,2.875
3028541,3.75
3028542,4.625
3028543,0.125
3028544,0.375
3028545,1134.125
3028546,0.0
3028547,83.125
3028548,2.0
3028549,393.125
3028550,150.625
3028551,69.0
3028552,76.75
3028553,35.114625000000004
3028554,1532.5
3028555,2.75
3028556,0.375
3028557,12.25
3028558,6.75
3028559,0.125
3028560,83.375
3028561,0.0
3028562,0.0
3028563,0.375
3028564,21.75
3028565,0.375
3028566,319.7751225
3028567,63.875
3028568,1.25
3028569,0.75
3028570,66.667875
3028571,12.625
3028572,323.026
3028573,0.125
3028574,0.5
3028575,5.0
3028576,0.0
3028577,0.875
3028578,2654.625
3028579,0.0
3028580,401.125
3028581,11.375
3028582,727.625
3028583,477.875
3028584,171.78025
3028585,165.875
3028586,63.493125
3028587,3133.5945
3028588,5.0
3028589,0.125
3028590,14.0
3028591,7.25
3028592,0.125
3028593,170.375
3028594,0.0
3028595,29.75
3028596,3.875
3028597,37.125
3028598,0.875
3028599,410.543375
3028600,165.625
3028601,1.375
3028602,2.875
3028603,117.635749375
3028604,40.403875
3028605,1065.2933625
3028606,1.0
3028607,0.375
3028608,3.25
3028609,0.0
3028610,4.375
3028611,2519.875
3028612,0.0
3028613,537.2715
3028614,9.5
3028615,912.875
3028616,815.75
3028617,150.2915
3028618,110.25
3028619,116.07900000000001
3028620,3481.0
3028621,60.75
3028622,1.25
3028623,30.125
3028624,36.75
3028625,0.0
3028626,223.25
3028627,19.75
3028628,28.25
3028629,1.75
3028630,103.625
3028631,7.25
3028632,216.27674875
3028633,215.75
3028634,13.125
3028635,11.875
3028636,249.84137
3028637,81.7033755
3028638,2383.390625
3028639,0.125
3028640,11.909874875
3028641,5.25
3028642,0.0
3028643,5.875
3028644,2217.0
3028645,0.0
3028646,367.292375
3028647,14.625
3028648,858.75
3028649,599.25
3028650,120.363375
3028651,64.625
3028652,96.515
3028653,2941.0
3028654,24.0
3028655,0.875
3028656,26.375
3028657,53.75
3028658,0.375
3028659,252.875
3028660,14.5
3028661,17.0
3028662,9.375
3028663,78.5
3028664,9.375
3028665,156.214375
3028666,263.125
3028667,5.875
3028668,11.0
3028669,111.17625
3028670,73.4848745
3028671,1632.563375
3028672,0.0
3028673,15.223874875
3028674,7.0
3028675,0.25
3028676,2.0
3028677,3189.625
3028678,0.0
3028679,663.625
3028680,9.25
3028681,2113.875
3028682,571.375
3028683,168.896625
3028684,239.375
3028685,62.860125
3028686,4882.26375
3028687,31.25
3028688,1.75
3028689,28.75
3028690,13.5
3028691,0.125
3028692,301.875
3028693,4.75
3028694,13.0
3028695,6.125
3028696,62.25
3028697,3.0
3028698,242.2575
3028699,283.25
3028700,7.75
3028701,9.5
3028702,230.958125
3028703,54.124875
3028704,1392.140875
3028705,3.875
3028706,13.635
3028707,3.375
3028708,0.25
3028709,2.625
3028710,1920.125
3028711,0.0
3028712,314.977125
3028713,7.625
3028714,643.125
3028715,597.75
3028716,160.517
3028717,101.125
3028718,66.52875
3028719,2619.5
3028720,19.0
3028721,1.375
3028722,8.5
3028723,13.25
3028724,0.375
3028725,192.625
3028726,14.875
3028727,14.75
3028728,0.625
3028729,60.625
3028730,5.375
3028731,274.90762625
3028732,172.375
3028733,4.5
3028734,8.125
3028735,263.43325
3028736,33.843249875
3028737,1607.404
3028738,0.0
3028739,18.8035
3028740,3.0
3028741,0.125
3028742,3.5
3028743,3762.75
3028744,0.0
3028745,330.25
3028746,6.25
3028747,1596.875
3028748,493.0
3028749,223.25
3028750,129.875
3028751,64.6125
3028752,4578.375
3028753,10.75
3028754,1.75
3028755,29.5
3028756,19.625
3028757,0.125
3028758,351.0
3028759,0.0
3028760,0.125
3028761,8.0
3028762,37.375
3028763,1.375
3028764,156.5761225
3028765,262.875
3028766,2.5
3028767,10.375
3028768,149.91325125
3028769,44.875
3028770,933.89075
3028771,0.0
3028772,5.625
3028773,4.625
3028774,0.0
3028775,6.5
3028776,1968.0
3028777,0.0
3028778,371.050125
3028779,14.75
3028780,1223.75
3028781,548.625
3028782,176.599125
3028783,93.75
3028784,141.0675
3028785,2877.875
3028786,26.25
3028787,1.125
3028788,24.125
3028789,24.0
3028790,0.25
3028791,179.0
3028792,14.125
3028793,16.0
3028794,9.875
3028795,112.875
3028796,8.125
3028797,163.02824875
3028798,241.5
3028799,9.75
3028800,6.5
3028801,145.86075
3028802,49.02625
3028803,1619.793125
3028804,0.5
3028805,6.5794999999999995
3028806,2.375
3028807,0.0
3028808,3.5
3028809,2133.375
3028810,0.0
3028811,408.380625
3028812,10.5
3028813,649.875
3028814,717.125
3028815,142.13400000000001
3028816,112.75
3028817,97.324
3028818,2682.25
3028819,26.25
3028820,0.5
3028821,18.875
3028822,13.125
3028823,0.25
3028824,170.5
3028825,14.875
3028826,32.875
3028827,4.75
3028828,76.375
3028829,7.5
3028830,218.088875
3028831,163.375
3028832,7.625
3028833,9.375
3028834,197.76525
3028835,51.895124625
3028836,2021.4705
3028837,0.0
3028838,12.04912495
3028839,4.625
3028840,0.375
3028841,2.5
3028842,4138.25
3028843,0.0
3028844,483.25
3028845,14.25
3028846,1019.75
3028847,531.625
3028848,218.947875
3028849,136.0
3028850,51.684124999999995
3028851,3842.04775
3028852,7.75
3028853,0.25
3028854,10.125
3028855,17.0
3028856,0.25
3028857,191.75
3028858,0.0
3028859,9.375
3028860,1.125
3028861,71.25
3028862,3.0
3028863,233.005375
3028864,260.0
3028865,2.5
3028866,1.625
3028867,193.039875
3028868,127.19225
3028869,1055.62925
3028870,3.75
3028871,0.875
3028872,16.0
3028873,0.0
3028874,9.625
3028875,7462.5
3028876,0.0
3028877,1289.299625
3028878,40.375
3028879,2036.0
3028880,1907.125
3028881,390.735625
3028882,413.75
3028883,389.5221275
3028884,7562.625
3028885,83.625
3028886,5.375
3028887,172.125
3028888,91.0
3028889,0.375
3028890,524.0
3028891,21.875
3028892,21.875
3028893,16.875
3028894,311.125
3028895,21.0
3028896,661.125375
3028897,371.625
3028898,30.875
3028899,32.125
3028900,894.565125
3028901,321.80325
3028902,6728.210375
3028903,83.0
3028904,65.492
3028905,10.0
3028906,0.0
3028907,8.875
3028908,6872.625
3028909,0.0
3028910,942.02175
3028911,34.75
3028912,2056.125
3028913,1697.375
3028914,521.8675000000001
3028915,261.0
3028916,247.246625
3028917,8210.625
3028918,125.5
3028919,1.25
3028920,66.875
3028921,66.25
3028922,0.375
3028923,491.5
3028924,17.375
3028925,38.625
3028926,5.0
3028927,205.5
3028928,14.625
3028929,808.88837875
3028930,483.375
3028931,17.25
3028932,21.5
3028933,856.109
3028934,199.35675125
3028935,4558.789125
3028936,108.125
3028937,52.226875
3028938,10.75
3028939,0.0
3028940,14.25
3028941,4411.625
3028942,0.25
3028943,754.25
3028944,15.625
3028945,1870.875
3028946,1188.0
3028947,609.6793749999999
3028948,97.125
3028949,193.970625
3028950,7184.375
3028951,35.5
3028952,1.25
3028953,31.75
3028954,16.375
3028955,0.625
3028956,477.25
3028957,19.0
3028958,18.375
3028959,7.5
3028960,103.875
3028961,9.25
3028962,812.27899625
3028963,510.875
3028964,18.75
3028965,29.625
3028966,562.282625
3028967,115.80512625
3028968,2003.802125
3028969,69.75
3028970,35.402375375
3028971,16.125
3028972,0.0
3028973,14.25
3028974,6287.75
3028975,0.0
3028976,935.748875
3028977,27.25
3028978,2018.75
3028979,1689.0
3028980,495.01300000000003
3028981,257.25
3028982,205.7725
3028983,8249.125
3028984,50.375
3028985,1.625
3028986,55.5
3028987,71.0
3028988,0.375
3028989,542.25
3028990,23.375
3028991,34.0
3028992,4.0
3028993,167.0
3028994,12.25
3028995,696.893
3028996,530.25
3028997,23.125
3028998,24.25
3028999,847.359375
3029000,186.59425000000002
3029001,4337.317625
3029002,89.625
3029003,54.066625
3029004,11.0
3029005,0.0
3029006,15.0
3029007,3516.125
3029008,0.125
3029009,620.625
3029010,14.75
3029011,1676.625
3029012,948.75
3029013,475.12562499999996
3029014,74.125
3029015,148.534125
3029016,6212.25
3029017,42.5
3029018,0.0
3029019,25.25
3029020,23.625
3029021,0.5
3029022,434.0
3029023,14.75
3029024,8.5
3029025,2.125
3029026,109.5
3029027,2.875
3029028,622.03825375
3029029,521.125
3029030,15.0
3029031,16.75
3029032,585.52762875
3029033,75.125
3029034,1346.26825
3029035,114.125
3029036,16.646625
3029037,11.25
3029038,0.0
3029039,9.125
3029040,5605.75
3029041,0.0
3029042,944.34625
3029043,27.25
3029044,1535.375
3029045,1772.75
3029046,338.1015
3029047,365.5
3029048,285.609125
3029049,6201.875
3029050,63.75
3029051,2.0
3029052,93.625
3029053,43.375
3029054,0.625
3029055,370.625
3029056,11.75
3029057,26.0
3029058,10.375
3029059,243.875
3029060,11.125
3029061,626.28275
3029062,362.125
3029063,17.25
3029064,27.875
3029065,763.88550375
3029066,193.416875
3029067,5929.478875
3029068,61.25
3029069,63.3881255
3029070,5.875
3029071,0.125
3029072,5.125
3029073,1501.625
3029074,0.0
3029075,299.37975
3029076,22.25
3029077,1062.0
3029078,472.375
3029079,203.097875
3029080,62.125
3029081,85.06975
3029082,2531.5
3029083,35.5
3029084,0.75
3029085,26.125
3029086,25.25
3029087,0.375
3029088,201.375
3029089,8.875
3029090,8.875
3029091,10.5
3029092,55.625
3029093,5.125
3029094,222.6325
3029095,190.25
3029096,2.0
3029097,8.0
3029098,177.97225
3029099,58.842
3029100,1310.1196375
3029101,1.0
3029102,10.8123749625
3029103,8.0
3029104,0.0
3029105,11.625
3029106,3689.125
3029107,0.0
3029108,517.26075
3029109,32.5
3029110,1419.0
3029111,927.0
3029112,393.4055
3029113,80.5
3029114,175.09587375
3029115,5505.875
3029116,93.0
3029117,0.625
3029118,48.0
3029119,32.75
3029120,0.25
3029121,366.875
3029122,10.375
3029123,7.25
3029124,2.125
3029125,130.0
3029126,6.75
3029127,439.3237525
3029128,403.875
3029129,9.875
3029130,14.625
3029131,317.4278725
3029132,77.3840005
3029133,1813.2472500000001
3029134,80.625
3029135,15.6429999375
3029136,8.25
3029137,0.0
3029138,4.75
3029139,3356.625
3029140,0.0
3029141,675.5733749999999
3029142,9.125
3029143,1074.0
3029144,1199.75
3029145,189.779
3029146,247.375
3029147,208.05975
3029148,3830.875
3029149,29.25
3029150,1.375
3029151,31.5
3029152,33.875
3029153,0.5
3029154,252.375
3029155,3.0
3029156,46.625
3029157,7.625
3029158,112.0
3029159,9.25
3029160,461.9288725
3029161,178.25
3029162,16.5
3029163,9.0
3029164,492.349125
3029165,99.232
3029166,4071.086
3029167,3.0
3029168,29.78125
3029169,11.375
3029170,0.0
3029171,5.125
3029172,3446.125
3029173,0.0
3029174,616.35662875
3029175,11.125
3029176,1331.75
3029177,887.875
3029178,279.078
3029179,157.25
3029180,289.0695
3029181,4684.75
3029182,38.75
3029183,3.5
3029184,45.125
3029185,35.875
3029186,0.25
3029187,275.875
3029188,7.5
3029189,61.375
3029190,6.5
3029191,227.25
3029192,8.875
3029193,395.3444975
3029194,250.0
3029195,14.75
3029196,21.75
3029197,370.090125
3029198,103.56287549999999
3029199,3740.050625
3029200,3.0
3029201,7.4274999625
3029202,5.75
3029203,0.0
3029204,3.25
3029205,1667.75
3029206,0.0
3029207,378.8675
3029208,8.25
3029209,746.125
3029210,384.0
3029211,188.88949875
3029212,66.375
3029213,98.47800000000001
3029214,2423.25
3029215,13.0
3029216,0.875
3029217,33.5
3029218,22.125
3029219,0.0
3029220,159.0
3029221,4.25
3029222,7.875
3029223,9.125
3029224,63.125
3029225,3.25
3029226,202.714625
3029227,179.375
3029228,5.625
3029229,6.125
3029230,141.86812625
3029231,44.203125
3029232,1410.1771374999998
3029233,0.75
3029234,2.375
3029235,4.75
3029236,0.0
3029237,0.75
3029238,2478.0
3029239,0.0
3029240,170.875
3029241,2.875
3029242,828.5
3029243,185.875
3029244,175.00025
3029245,52.125
3029246,29.333875
3029247,2487.625
3029248,12.125
3029249,0.375
3029250,20.375
3029251,9.875
3029252,0.375
3029253,157.75
3029254,0.0
3029255,0.0
3029256,2.375
3029257,46.625
3029258,0.75
3029259,52.510000250000004
3029260,139.125
3029261,0.0
3029262,1.625
3029263,61.200500375000004
3029264,73.875
3029265,497.004625
3029266,0.0
3029267,1.875
3029268,4.75
3029269,0.25
3029270,4.625
3029271,2645.375
3029272,0.0
3029273,456.27437249999997
3029274,13.875
3029275,1087.5
3029276,780.125
3029277,260.747375
3029278,127.0
3029279,110.819875
3029280,3990.375
3029281,32.25
3029282,1.75
3029283,21.75
3029284,59.75
3029285,0.25
3029286,259.5
3029287,18.875
3029288,20.375
3029289,9.875
3029290,62.75
3029291,4.75
3029292,369.75675
3029293,254.75
3029294,7.375
3029295,13.0
3029296,405.8646225
3029297,79.6844995
3029298,1880.346625
3029299,0.0
3029300,22.446750125
3029301,5.875
3029302,0.125
3029303,4.375
3029304,3606.5
3029305,0.0
3029306,618.401875
3029307,15.375
3029308,1010.75
3029309,1140.25
3029310,164.483875
3029311,237.625
3029312,191.25662499999999
3029313,3605.375
3029314,42.5
3029315,2.625
3029316,37.375
3029317,25.75
3029318,1.125
3029319,215.125
3029320,11.625
3029321,37.25
3029322,9.0
3029323,143.375
3029324,9.25
3029325,396.51775
3029326,197.5
3029327,7.75
3029328,10.625
3029329,526.38125
3029330,121.68837625
3029331,4413.15425
3029332,0.125
3029333,31.752624875000002
3029334,4.375
3029335,0.25
3029336,6.5
3029337,3612.625
3029338,0.0
3029339,725.074125
3029340,22.875
3029341,1050.625
3029342,1156.25
3029343,214.402625
3029344,230.875
3029345,126.898625
3029346,4032.75
3029347,35.5
3029348,2.5
3029349,27.75
3029350,33.875
3029351,0.75
3029352,290.125
3029353,23.5
3029354,28.5
3029355,24.5
3029356,132.5
3029357,18.375
3029358,354.0446275
3029359,259.625
3029360,15.375
3029361,16.125
3029362,417.628375
3029363,137.41162500000002
3029364,3398.544375
3029365,0.5
3029366,30.430125
3029367,12.75
3029368,0.375
3029369,6.25
3029370,2821.125
3029371,0.0
3029372,451.875
3029373,11.375
3029374,1364.625
3029375,659.375
3029376,463.555875
3029377,143.125
3029378,88.16725
3029379,5424.982375
3029380,13.375
3029381,1.125
3029382,41.625
3029383,29.75
3029384,0.0
3029385,376.625
3029386,10.625
3029387,5.25
3029388,4.625
3029389,39.0
3029390,2.625
3029391,513.3975025
3029392,369.875
3029393,7.5
3029394,7.625
3029395,327.1364975
3029396,98.218875
3029397,1205.129875
3029398,38.875
3029399,14.163249875
